// SPDX-License-Identifier: GPL-2.0+
/*
 * Copyright (C) 2025 Spacemit
 */

#include "k3_ddr.h"

const uint8_t lp5_training_fw[] = {
	0x89, 0x4C, 0x5A, 0x4F, 0x00, 0x0D, 0x0A, 0x1A, 0x0A, 0x10, 0x30, 0x20, 0x40, 0x09, 0x40, 0x03,
	0x09, 0x0E, 0x30, 0x00, 0x31, 0x00, 0x00, 0x81, 0xB6, 0x67, 0x84, 0x9B, 0x03, 0x67, 0x84, 0x9B,
	0x03, 0x19, 0x6C, 0x70, 0x64, 0x64, 0x72, 0x35, 0x5F, 0x70, 0x6D, 0x75, 0x5F, 0x74, 0x72, 0x61,
	0x69, 0x6E, 0x5F, 0x69, 0x6D, 0x65, 0x6D, 0x2E, 0x62, 0x69, 0x6E, 0x4C, 0xD0, 0x0F, 0xAE, 0x00,
	0x00, 0xFB, 0x74, 0x00, 0x00, 0xCE, 0x9D, 0x43, 0x6D, 0x26, 0x58, 0x16, 0xFC, 0x01, 0x00, 0x00,
	0x7C, 0x20, 0x1A, 0x0E, 0x00, 0x50, 0x00, 0x2C, 0x0C, 0x00, 0x01, 0x4A, 0x26, 0x00, 0x70, 0x2A,
	0x0C, 0x00, 0x01, 0x69, 0x20, 0x40, 0x00, 0x3A, 0x00, 0x00, 0x00, 0x0E, 0xF8, 0x1C, 0x48, 0xB3,
	0x04, 0x1C, 0xC0, 0x37, 0x69, 0x0A, 0xF4, 0x02, 0x38, 0x47, 0x2F, 0x23, 0xC7, 0x07, 0x4A, 0x24,
	0x00, 0x72, 0x68, 0x44, 0xA8, 0x20, 0xC0, 0x00, 0x9B, 0x7C, 0x85, 0x7B, 0x54, 0x01, 0x00, 0x24,
	0x74, 0x68, 0x43, 0x53, 0x20, 0x7E, 0x80, 0xA8, 0x20, 0x40, 0x01, 0x2F, 0x23, 0xC0, 0x12, 0x18,
	0x00, 0x21, 0x00, 0x08, 0x45, 0x01, 0x1D, 0xD2, 0x17, 0x53, 0x25, 0x7E, 0x90, 0xF8, 0x07, 0xE2,
	0xFF, 0x42, 0x22, 0x42, 0x00, 0x5D, 0x79, 0x05, 0x23, 0xC3, 0x02, 0x3D, 0x79, 0x0A, 0x24, 0x40,
	0x13, 0x42, 0x21, 0x41, 0x80, 0xFC, 0x5C, 0x02, 0x0E, 0x04, 0x1C, 0xD0, 0x10, 0x6C, 0x22, 0x43,
	0x00, 0xC1, 0xBA, 0x15, 0x0A, 0x31, 0x00, 0xBB, 0x63, 0x19, 0x5C, 0x0D, 0x05, 0x15, 0x0A, 0x30,
	0x00, 0x0A, 0x23, 0x00, 0x00, 0x4C, 0x06, 0x8C, 0x04, 0x00, 0x0E, 0x01, 0x1B, 0xD2, 0x07, 0x04,
	0x14, 0x1F, 0x30, 0xE0, 0x7F, 0x08, 0x14, 0x0D, 0x34, 0xE0, 0x78, 0x0A, 0x23, 0x80, 0x90, 0x05,
	0x20, 0x4A, 0x00, 0xE0, 0x20, 0xC1, 0x07, 0x44, 0x22, 0xFE, 0x90, 0x6C, 0x05, 0x05, 0x38, 0x00,
	0x02, 0x00, 0x2F, 0x22, 0x82, 0x10, 0x4C, 0x00, 0x00, 0x17, 0x12, 0x2F, 0x24, 0x82, 0x92, 0x1C,
	0x00, 0x01, 0x00, 0x04, 0x11, 0x0A, 0x04, 0x04, 0x11, 0x0B, 0x04, 0x42, 0x24, 0x4C, 0x10, 0x04,
	0x1B, 0x90, 0x02, 0x04, 0x1B, 0xD0, 0x02, 0xED, 0x0C, 0x11, 0x90, 0x20, 0x00, 0x05, 0x00, 0x44,
	0x22, 0xCB, 0x80, 0x7F, 0x07, 0x01, 0x11, 0x8A, 0x0C, 0x07, 0x06, 0x23, 0x4B, 0x10, 0x01, 0x1B,
	0x92, 0x02, 0xF5, 0x0B, 0x4F, 0x03, 0x20, 0xC0, 0x07, 0x9C, 0x06, 0x5C, 0x05, 0x08, 0xDD, 0x07,
	0xCF, 0xFF, 0x0A, 0x22, 0x80, 0x0F, 0x00, 0x80, 0x00, 0x5C, 0x11, 0x0D, 0x80, 0x0F, 0x34, 0x12,
	0xAD, 0xDE, 0x00, 0x1A, 0xC0, 0x00, 0x44, 0x74, 0xAA, 0x23, 0x10, 0x00, 0xE5, 0x01, 0xD0, 0xC7,
	0x01, 0x00, 0x1A, 0x00, 0x95, 0x00, 0x40, 0xAD, 0x01, 0x07, 0x76, 0x00, 0xC0, 0x06, 0x04, 0x01,
	0x66, 0x07, 0xCD, 0xAB, 0xA4, 0x07, 0x67, 0x2D, 0xE0, 0x78, 0x53, 0x0C, 0x35, 0x00, 0x0C, 0x81,
	0xE0, 0x7C, 0x4E, 0x22, 0x03, 0x88, 0x16, 0x00, 0x0C, 0x00, 0x01, 0x28, 0xCC, 0x00, 0x00, 0x29,
	0x81, 0x00, 0x00, 0x28, 0x80, 0x00, 0xE0, 0x7F, 0x85, 0x79, 0x4E, 0x23, 0x03, 0x4D, 0x01, 0xC1,
	0x4E, 0x01, 0x02, 0x78, 0x0C, 0x0A, 0x00, 0x0C, 0x0C, 0x70, 0x2C, 0x70, 0x4C, 0x70, 0x6C, 0x70,
	0x4D, 0x70, 0x6D, 0x70, 0x8D, 0x70, 0xAD, 0x70, 0xCD, 0x70, 0xED, 0x70, 0x4F, 0x70, 0x6F, 0x70,
	0x8F, 0x70, 0x4A, 0x25, 0x00, 0x30, 0x54, 0x37, 0x03, 0x30, 0xEF, 0x70, 0xDB, 0x44, 0x01, 0x46,
	0x14, 0xDB, 0x42, 0x5C, 0x14, 0x04, 0x04, 0x6F, 0x70, 0xE0, 0x78, 0x22, 0x20, 0x4F, 0x16, 0x00,
	0x4C, 0x86, 0xB4, 0x0D, 0x00, 0x1B, 0xFE, 0xF1, 0xE2, 0xC2, 0x6F, 0x25, 0x43, 0x19, 0x80, 0x8D,
	0x48, 0x43, 0x37, 0x08, 0x24, 0x03, 0x20, 0x42, 0xEF, 0x15, 0x80, 0x90, 0x2B, 0x08, 0x1F, 0x01,
	0xC3, 0x40, 0x18, 0x90, 0x64, 0x00, 0x00, 0x18, 0x05, 0x02, 0x86, 0x08, 0xE0, 0x06, 0x02, 0x18,
	0x05, 0x00, 0x66, 0x5C, 0x00, 0x02, 0x40, 0x40, 0x07, 0xEB, 0x5E, 0x7D, 0x01, 0x13, 0x00, 0x62,
	0x00, 0x29, 0x8C, 0x23, 0x7F, 0x0F, 0xC2, 0xC6, 0xE1, 0xC3, 0xE1, 0xC2, 0xE1, 0xC1, 0xE1, 0xC0,
	0xF1, 0xC0, 0xA1, 0xC1, 0x14, 0x70, 0x20, 0x40, 0x05, 0xF2, 0x87, 0x74, 0xD1, 0xC0, 0xE0, 0x7F,
	0xA4, 0xC0, 0x6F, 0x22, 0xC3, 0x07, 0xC3, 0x41, 0x00, 0x80, 0x6B, 0x0B, 0x63, 0x8A, 0x20, 0x89,
	0x8C, 0x23, 0xC3, 0x8F, 0x20, 0xAA, 0x0C, 0xF2, 0x84, 0xC1, 0x40, 0xC1, 0x5A, 0x44, 0x08, 0x00,
	0x11, 0x84, 0xC1, 0x1B, 0xD9, 0xFF, 0xD8, 0xD2, 0x0A, 0x20, 0x02, 0x10, 0xB9, 0xD6, 0x0F, 0xA0,
	0x06, 0xFF, 0xD8, 0x0C, 0x70, 0xAB, 0x20, 0xC4, 0x00, 0xFF, 0x7F, 0x00, 0xF0, 0xE6, 0xC2, 0xFC,
	0x1C, 0xC8, 0xB6, 0xA5, 0x44, 0x05, 0x7C, 0x07, 0x00, 0x02, 0x6A, 0x0B, 0x43, 0xC2, 0x40, 0x89,
	0x00, 0xC1, 0xCD, 0x70, 0x74, 0x6A, 0x16, 0x7B, 0x00, 0x19, 0x01, 0x00, 0x14, 0x20, 0x45, 0x22,
	0x23, 0x6C, 0x2F, 0x00, 0x1B, 0x48, 0x0B, 0x44, 0xC1, 0x42, 0xC0, 0x3F, 0xF0, 0x7F, 0xD8, 0x41,
	0xC0, 0xCA, 0x20, 0x26, 0x00, 0x41, 0xC0, 0x03, 0xC0, 0x44, 0x26, 0x4D, 0x10, 0x6D, 0x08, 0x4E,
	0x03, 0xCB, 0x47, 0x00, 0x80, 0xBC, 0xE7, 0xC2, 0x0D, 0xA0, 0x00, 0xF4, 0x27, 0x80, 0x13, 0xD4,
	0x7F, 0xCA, 0x46, 0x01, 0x06, 0x97, 0x04, 0x19, 0x0C, 0xCA, 0x08, 0xA0, 0x00, 0x2C, 0x71, 0x02,
	0xC7, 0x40, 0x2D, 0xDB, 0x10, 0xAD, 0x70, 0x33, 0x4C, 0x4A, 0x06, 0x01, 0x17, 0x81, 0x14, 0x40,
	0x29, 0x40, 0x03, 0x05, 0x4F, 0x23, 0x02, 0x90, 0x1A, 0x02, 0x18, 0x90, 0x82, 0x5C, 0x12, 0x0B,
	0x0F, 0x78, 0x00, 0xC1, 0xC6, 0xB8, 0xA5, 0x71, 0x40, 0x81, 0x01, 0xC1, 0x27, 0x78, 0x54, 0x2E,
	0x07, 0x06, 0x00, 0xC0, 0x45, 0x79, 0x20, 0xA0, 0x04, 0xC0, 0x32, 0x6C, 0x28, 0x00, 0x05, 0x80,
	0x24, 0x0B, 0xC9, 0x0D, 0x04, 0x90, 0xC5, 0x71, 0x87, 0x0E, 0x34, 0x91, 0xD5, 0x72, 0xA5, 0xC0,
	0x04, 0x14, 0x1B, 0x34, 0xC6, 0xC6, 0xAC, 0x17, 0x00, 0x39, 0x94, 0x24, 0xA3, 0x34, 0x0C, 0x71,
	0x8A, 0x21, 0xDF, 0x0F, 0x22, 0x08, 0x20, 0x04, 0x4C, 0x70, 0x07, 0xDA, 0x97, 0xC0, 0x2C, 0x70,
	0xD6, 0x0C, 0xEF, 0xFF, 0x09, 0xBA, 0x4C, 0x70, 0x24, 0x1C, 0x84, 0x30, 0x48, 0xC2, 0x47, 0xC2,
	0x00, 0x16, 0x81, 0x70, 0x00, 0x80, 0x01, 0x00, 0x0C, 0x71, 0x46, 0xC2, 0x23, 0xB9, 0x26, 0x78,
	0x25, 0xD9, 0x13, 0xB9, 0xB2, 0x0E, 0xEF, 0xFF, 0x54, 0xC2, 0x6F, 0x20, 0xC3, 0x00, 0x1A, 0x88,
	0x24, 0xB8, 0x00, 0x1E, 0x02, 0x44, 0x04, 0x0E, 0x7C, 0x04, 0x19, 0x08, 0xDF, 0x00, 0x1F, 0x08,
	0x9F, 0x00, 0x25, 0x08, 0x5F, 0x00, 0x00, 0x1E, 0x43, 0x8E, 0x02, 0x10, 0xF0, 0x06, 0x02, 0x03,
	0x72, 0x65, 0x01, 0x0A, 0x65, 0x01, 0x71, 0x65, 0x01, 0x06, 0x45, 0x01, 0x83, 0x96, 0x03, 0x95,
	0xC0, 0x6F, 0x27, 0xA0, 0x09, 0xF2, 0x4C, 0x0E, 0x0E, 0x4C, 0x76, 0x95, 0xC0, 0x2C, 0x71, 0xB6,
	0x0B, 0xA0, 0x05, 0x4C, 0x71, 0x4A, 0x24, 0xC0, 0x71, 0x4C, 0x55, 0x45, 0x4A, 0x01, 0xE1, 0x00,
	0x04, 0xE4, 0x06, 0x00, 0x03, 0x05, 0x24, 0x80, 0x1F, 0x06, 0x90, 0x20, 0x4C, 0x1E, 0x0A, 0x86,
	0xC3, 0x85, 0x72, 0x78, 0x60, 0x20, 0xA8, 0x24, 0x71, 0x00, 0x16, 0x80, 0x4C, 0x08, 0x01, 0x40,
	0x00, 0x0F, 0xE8, 0x76, 0x05, 0x2C, 0x70, 0x4E, 0x79, 0x02, 0x05, 0x4C, 0x5D, 0x5D, 0x04, 0x21,
	0x0D, 0x09, 0x44, 0x55, 0x04, 0x27, 0x54, 0x04, 0x05, 0x2E, 0x0B, 0xC0, 0x03, 0x0C, 0x70, 0xCB,
	0x46, 0x64, 0x34, 0x00, 0x31, 0x42, 0xC0, 0x37, 0x1C, 0x03, 0x30, 0x02, 0xC0, 0x90, 0xC1, 0x00,
	0x24, 0x82, 0x3F, 0x00, 0x00, 0x4F, 0x00, 0x10, 0x78, 0xAE, 0x0E, 0x20, 0x03, 0x40, 0x24, 0xC3,
	0x3D, 0x93, 0x08, 0x11, 0x00, 0x37, 0x14, 0x8F, 0x30, 0xC3, 0x40, 0x00, 0x80, 0x80, 0x0A, 0x00,
	0x18, 0x43, 0x00, 0xD6, 0x0A, 0x60, 0x02, 0xE1, 0x40, 0x20, 0x8E, 0x07, 0xC8, 0x97, 0xC2, 0x0C,
	0xB9, 0x25, 0x78, 0x1B, 0x78, 0x05, 0x20, 0x81, 0x56, 0x0B, 0x02, 0x1E, 0x67, 0x30, 0x06, 0x90,
	0x04, 0x02, 0x10, 0x19, 0x05, 0x6C, 0x4F, 0x5C, 0x34, 0x00, 0x1B, 0x4F, 0x14, 0x80, 0x30, 0x26,
	0x0D, 0xE0, 0x05, 0x18, 0x43, 0x40, 0x8E, 0x40, 0x14, 0x0D, 0x31, 0x94, 0xC1, 0x14, 0x25, 0x83,
	0x10, 0x79, 0x61, 0x00, 0xA9, 0x0C, 0x74, 0xC3, 0x41, 0x2B, 0x01, 0x02, 0x00, 0x8E, 0x08, 0x20,
	0x02, 0xA1, 0x43, 0x97, 0xC1, 0xA6, 0x0F, 0x20, 0x56, 0x0A, 0x97, 0xC2, 0x0E, 0x2B, 0xF6, 0x0C,
	0x0D, 0x0B, 0x63, 0x09, 0xAA, 0x8E, 0x65, 0x04, 0x2C, 0x45, 0x04, 0x6A, 0xC5, 0x04, 0x82, 0x85,
	0x04, 0x02, 0x04, 0x6A, 0x08, 0x71, 0x42, 0xC0, 0x10, 0x78, 0x55, 0x08, 0x14, 0x81, 0x07, 0xC8,
	0x65, 0x1C, 0x6C, 0x05, 0x43, 0xC3, 0x57, 0x93, 0x03, 0x05, 0x23, 0x0B, 0x41, 0x3B, 0x79, 0x56,
	0x0F, 0xD8, 0x08, 0x05, 0x21, 0x0D, 0x0A, 0x07, 0x0D, 0x23, 0xE0, 0x0E, 0x12, 0x20, 0xB2, 0xB5,
	0x13, 0x07, 0x05, 0x25, 0xE0, 0x05, 0x3B, 0x82, 0x07, 0x12, 0x03, 0x00, 0xB1, 0x04, 0x33, 0x00,
	0x18, 0x80, 0x30, 0x4E, 0xC0, 0x86, 0xC0, 0x45, 0xC0, 0x0C, 0x70, 0x25, 0x02, 0x20, 0x00, 0x43,
	0xC0, 0x1A, 0x88, 0x17, 0x08, 0xFF, 0x00, 0x0C, 0x75, 0xC3, 0x41, 0x2F, 0x01, 0x01, 0x00, 0xFA,
	0x0F, 0xE0, 0x01, 0x03, 0xC2, 0x40, 0xD8, 0x0A, 0xF0, 0x03, 0xC2, 0x6D, 0x02, 0x2D, 0x4D, 0x10,
	0xE6, 0x4E, 0x02, 0x6C, 0x70, 0x0D, 0x0B, 0x44, 0x06, 0x1F, 0xC0, 0x00, 0x8F, 0x70, 0x80, 0xFF,
	0x4F, 0x4D, 0x01, 0x55, 0x0A, 0x0F, 0x08, 0x4B, 0x5C, 0x08, 0x02, 0x4C, 0xC0, 0x84, 0xF0, 0x6D,
	0x55, 0x79, 0xCD, 0x74, 0xAE, 0x0C, 0x30, 0x47, 0xF0, 0x03, 0xC0, 0x02, 0xC1, 0x9A, 0x20, 0x1C,
	0x00, 0x08, 0xB9, 0xB0, 0x7B, 0x6C, 0x67, 0x00, 0x0F, 0x98, 0x60, 0x38, 0x60, 0xE8, 0x60, 0x06,
	0xF4, 0xFF, 0xDD, 0x2C, 0x70, 0xAA, 0xE8, 0x2D, 0xF0, 0x21, 0xE8, 0xD0, 0x79, 0x50, 0x78, 0x4B,
	0x08, 0x65, 0x00, 0x38, 0x43, 0x8C, 0x27, 0x42, 0x90, 0x3E, 0x5C, 0x96, 0xBC, 0x36, 0x08, 0x7C,
	0x04, 0x49, 0x6F, 0x40, 0xC2, 0x02, 0xC2, 0x63, 0x70, 0x41, 0x4E, 0x40, 0x31, 0x01, 0x05, 0x53,
	0x6A, 0x4E, 0x0F, 0x0C, 0x74, 0x05, 0x07, 0x82, 0x94, 0x03, 0x05, 0xA9, 0x43, 0xFF, 0xDD, 0x63,
	0x72, 0x08, 0xF0, 0xF4, 0x05, 0x09, 0x1E, 0x66, 0x02, 0xF0, 0xFF, 0xDD, 0xC1, 0x41, 0x0A, 0x26,
	0x40, 0x33, 0xEC, 0x02, 0x06, 0x0A, 0x25, 0x80, 0x17, 0x28, 0x46, 0xF8, 0x60, 0x0A, 0x4E, 0x11,
	0x2F, 0x27, 0x00, 0x37, 0x00, 0x04, 0x8C, 0x27, 0xC3, 0x9F, 0x70, 0x07, 0xEE, 0xFF, 0x97, 0xC4,
	0x2F, 0x26, 0x88, 0xF0, 0x0A, 0xF4, 0x2F, 0x20, 0x88, 0x83, 0x08, 0xF2, 0x28, 0x46, 0x01, 0x1A,
	0x62, 0x7F, 0x02, 0x12, 0xF2, 0x0F, 0x06, 0x34, 0x22, 0x81, 0x4C, 0x1B, 0x03, 0xFE, 0xFF, 0x3D,
	0x7A, 0x61, 0x70, 0x54, 0x02, 0x00, 0x02, 0x21, 0x86, 0x80, 0x22, 0x00, 0x04, 0x00, 0x0B, 0xC0,
	0x1D, 0x08, 0x43, 0x00, 0x0B, 0xC2, 0x0C, 0xF0, 0xC3, 0x41, 0x35, 0x56, 0xCE, 0xDA, 0x0E, 0x05,
	0x24, 0x0A, 0x07, 0xFC, 0x71, 0x4A, 0xC0, 0x06, 0xAC, 0x4C, 0x70, 0x7C, 0x46, 0x01, 0x14, 0x79,
	0x40, 0xB1, 0xA4, 0x33, 0x00, 0x04, 0x02, 0xC0, 0x87, 0xE0, 0xF8, 0x06, 0xE5, 0xFF, 0xFF, 0xDD,
	0x03, 0xC7, 0x05, 0xC5, 0x54, 0x24, 0x1B, 0x38, 0x40, 0x2F, 0x0F, 0x13, 0x44, 0x8E, 0x08, 0x35,
	0x01, 0x15, 0x8E, 0x14, 0xC3, 0x41, 0x36, 0x01, 0x03, 0x00, 0x54, 0x04, 0x45, 0x2B, 0xC1, 0x0F,
	0x84, 0xC2, 0x8E, 0x0E, 0x6C, 0x2D, 0x00, 0x02, 0x07, 0xC8, 0x40, 0x2E, 0x02, 0x12, 0x0C, 0xC1,
	0xE5, 0x7A, 0x45, 0x78, 0x24, 0x71, 0x1B, 0x78, 0x4C, 0xC1, 0x87, 0xE1, 0xCD, 0x4A, 0x00, 0x0C,
	0x13, 0x00, 0x0B, 0x00, 0xB1, 0xA2, 0xF7, 0x03, 0xC0, 0x94, 0xC6, 0x03, 0xC2, 0x14, 0x7E, 0x00,
	0x16, 0xC1, 0x10, 0x04, 0xC0, 0x38, 0x60, 0x48, 0x20, 0x0D, 0x00, 0xB0, 0x7B, 0xC3, 0x41, 0x37,
	0x4D, 0x33, 0x4A, 0x4E, 0x08, 0x0C, 0x75, 0x0E, 0x10, 0xDB, 0x43, 0x5E, 0x05, 0x10, 0xE5, 0x9C,
	0x51, 0x02, 0xC0, 0x06, 0xA0, 0xB0, 0x01, 0x8F, 0x05, 0x03, 0xC2, 0x41, 0x27, 0xBC, 0x00, 0x75,
	0x39, 0x38, 0x45, 0x2A, 0x1A, 0x44, 0x06, 0x00, 0x01, 0x40, 0xC2, 0x05, 0xC1, 0x07, 0xC8, 0x4F,
	0x23, 0x5B, 0x32, 0x07, 0xE1, 0x45, 0xC1, 0x03, 0xC1, 0x05, 0x7F, 0xFB, 0x4D, 0x0F, 0x43, 0x0E,
	0x01, 0x20, 0xC1, 0x0D, 0x0E, 0xB1, 0xE4, 0x59, 0x0B, 0x04, 0xC1, 0x20, 0xB0, 0x03, 0xC1, 0x0E,
	0xC0, 0x10, 0x71, 0xDE, 0x05, 0xE5, 0xFF, 0x7D, 0x7A, 0x0A, 0x55, 0x32, 0x39, 0x4E, 0x20, 0xCA,
	0x0A, 0x05, 0xE6, 0x78, 0x04, 0x7F, 0x06, 0x00, 0x2E, 0x0E, 0xC0, 0x02, 0x12, 0x08, 0x40, 0x05,
	0xAE, 0x7E, 0x17, 0x08, 0x05, 0x72, 0xAD, 0x0F, 0xE7, 0xBD, 0x6F, 0x26, 0x00, 0x55, 0x07, 0xB6,
	0x0E, 0xE0, 0x03, 0xA0, 0xB6, 0xBD, 0x78, 0x00, 0xB6, 0x7F, 0x77, 0xF6, 0x0F, 0x60, 0x0D, 0xEF,
	0x70, 0x6C, 0xBE, 0x07, 0xCE, 0x0B, 0xE0, 0x03, 0x4C, 0x70, 0x94, 0x24, 0x9C, 0x3B, 0x2A, 0xCF,
	0x11, 0xA4, 0xC1, 0xC3, 0x08, 0x58, 0x4C, 0x71, 0x06, 0xE0, 0x8B, 0x48, 0x45, 0x28, 0x46, 0x00,
	0x42, 0x6C, 0x57, 0xB1, 0xA1, 0x41, 0x4A, 0x0F, 0xCE, 0x06, 0x58, 0x43, 0x4C, 0x6F, 0x00, 0x0F,
	0x00, 0x10, 0x27, 0x7A, 0x0D, 0x20, 0x04, 0x2C, 0x70, 0x53, 0x23, 0x41, 0x30, 0x0C, 0x70, 0x54,
	0x6F, 0x40, 0xC0, 0x43, 0xC0, 0x78, 0x21, 0x80, 0x00, 0x16, 0x7A, 0x14, 0x20, 0xC1, 0x03, 0x00,
	0x22, 0xBC, 0xA9, 0x03, 0x41, 0xC0, 0x01, 0xC7, 0x00, 0x21, 0xBD, 0x9B, 0x42, 0x0D, 0xB5, 0xF0,
	0x30, 0x6C, 0x14, 0x0C, 0x66, 0x0D, 0xE0, 0x01, 0x0F, 0x78, 0x8B, 0x20, 0xC1, 0x8F, 0x00, 0xC0,
	0x0F, 0x78, 0x40, 0x45, 0xAE, 0x04, 0x04, 0x3D, 0x05, 0xC0, 0x00, 0xC0, 0xC5, 0x20, 0x62, 0x00,
	0x40, 0x54, 0x37, 0x08, 0x20, 0x88, 0x03, 0xC0, 0xCD, 0x08, 0x44, 0x80, 0x7F, 0xDB, 0xC1, 0x5D,
	0x0F, 0xCA, 0x0F, 0xE2, 0x06, 0x63, 0x42, 0x4F, 0x30, 0x88, 0x1E, 0xE8, 0x56, 0xD2, 0x10, 0x01,
	0x0F, 0x17, 0x10, 0x81, 0x04, 0x04, 0x19, 0x2C, 0x4D, 0x01, 0x12, 0x8D, 0x0A, 0x02, 0x9D, 0xAD,
	0xB9, 0x05, 0x16, 0x0F, 0x7C, 0xBD, 0x07, 0x2F, 0x79, 0x25, 0x78, 0xD5, 0x0D, 0xA4, 0x90, 0x40,
	0xC0, 0x7D, 0x0C, 0xA4, 0xDE, 0xAB, 0xE2, 0xC2, 0xAC, 0xC2, 0x00, 0x14, 0x40, 0x89, 0x21, 0x89,
	0x9F, 0x22, 0x01, 0x0B, 0x5F, 0x21, 0x81, 0x0D, 0x58, 0x60, 0x19, 0x61, 0x5A, 0x0A, 0x20, 0x00,
	0xA2, 0x89, 0x79, 0x20, 0x80, 0x00, 0xC3, 0xBD, 0x9F, 0x20, 0x04, 0x0E, 0x5F, 0x25, 0x81, 0x16,
	0x38, 0x60, 0xA7, 0xB5, 0x28, 0x07, 0xC2, 0x0C, 0x48, 0x00, 0x22, 0xC0, 0x72, 0xD9, 0x9F, 0xB9,
	0xF0, 0x11, 0x83, 0x80, 0x24, 0x11, 0x8B, 0x00, 0xE0, 0x89, 0x41, 0x2B, 0xC0, 0x01, 0x6D, 0x23,
	0x8D, 0x01, 0x20, 0x11, 0x8C, 0x00, 0x6D, 0x23, 0x8E, 0x11, 0xA5, 0x78, 0x4C, 0x71, 0x25, 0xBF,
	0x6D, 0x23, 0x01, 0x11, 0xC5, 0x78, 0xE6, 0x7A, 0x25, 0x78, 0x6D, 0x24, 0x43, 0x11, 0x45, 0x54,
	0x00, 0x09, 0x0C, 0x11, 0x65, 0x78, 0x05, 0x7C, 0x8F, 0x78, 0xC6, 0xC4, 0xE0, 0x78, 0xBC, 0x2C,
	0x00, 0x06, 0xA3, 0xC1, 0x18, 0x43, 0xFA, 0xD8, 0x48, 0x45, 0x02, 0x0D, 0xE0, 0x03, 0x28, 0x46,
	0x08, 0x47, 0x0C, 0x70, 0xEA, 0x09, 0x20, 0x00, 0xFF, 0xD9, 0x7C, 0x9B, 0x0D, 0x6A, 0x0B, 0x00,
	0x88, 0x5F, 0x23, 0x81, 0x3D, 0x22, 0xDA, 0x9F, 0x20, 0x01, 0x0B, 0x38, 0x60, 0x84, 0x7D, 0x0F,
	0x80, 0xA8, 0x09, 0x70, 0x88, 0x0C, 0x70, 0x42, 0xC0, 0x0C, 0x71, 0x00, 0x28, 0xC0, 0x06, 0x02,
	0xB8, 0x0F, 0x54, 0x4B, 0x03, 0x2F, 0x23, 0x07, 0x30, 0x86, 0xBB, 0x55, 0x39, 0x76, 0x21, 0xF7,
	0x24, 0x36, 0x66, 0x0A, 0x08, 0x0A, 0x0B, 0x00, 0x1C, 0x01, 0x34, 0xFD, 0x7F, 0x33, 0x0D, 0x3E,
	0x10, 0x08, 0xE7, 0xEF, 0x78, 0x54, 0x05, 0x03, 0x70, 0x07, 0xD9, 0x4C, 0x72, 0x6C, 0x4F, 0xB5,
	0x41, 0xC0, 0x46, 0x5E, 0x03, 0x40, 0xC4, 0x76, 0x05, 0x22, 0xDA, 0x06, 0xBD, 0x42, 0xC0, 0x6D,
	0x06, 0x32, 0x8E, 0x06, 0x81, 0x33, 0x06, 0x0C, 0x7E, 0x10, 0x2A, 0xBE, 0x00, 0x08, 0x45, 0x0D,
	0x0B, 0x16, 0x7D, 0x05, 0xC0, 0x27, 0xBD, 0x00, 0xC5, 0x7D, 0x05, 0x02, 0x9E, 0x05, 0xC1, 0x33,
	0x2E, 0xAE, 0x00, 0xEA, 0x09, 0x6E, 0x05, 0x28, 0xD8, 0x28, 0x57, 0x00, 0x40, 0xC5, 0xD6, 0x4E,
	0x02, 0x41, 0xC5, 0x0D, 0x03, 0x6E, 0x5F, 0x00, 0x2C, 0x71, 0xA3, 0x2B, 0x6E, 0x1B, 0xA5, 0xC1,
	0xBE, 0x4B, 0x3B, 0x7F, 0x06, 0x62, 0x4B, 0x02, 0x02, 0x6F, 0x0E, 0x0B, 0x77, 0x67, 0x6F, 0x70,
	0x37, 0x45, 0xE9, 0x14, 0x04, 0x5D, 0x00, 0x0B, 0x10, 0x83, 0xC0, 0xA8, 0x20, 0x80, 0x01, 0xB4,
	0x21, 0xC3, 0x03, 0x02, 0x18, 0xD4, 0x00, 0x8B, 0x44, 0x28, 0x94, 0x09, 0x94, 0x66, 0x94, 0x87,
	0x94, 0x42, 0xC0, 0x41, 0xC1, 0x7F, 0x67, 0x4C, 0x02, 0x05, 0x0D, 0xFF, 0x0A, 0x5C, 0x67, 0x08,
	0xC4, 0x67, 0x71, 0x2F, 0x22, 0xC8, 0x06, 0xCF, 0x0A, 0xA4, 0x83, 0x05, 0x89, 0x71, 0xE6, 0xE8,
	0xE0, 0x78, 0x64, 0x29, 0x01, 0x58, 0x04, 0xE0, 0x7F, 0x64, 0xC0, 0x05, 0x0C, 0x70, 0x00, 0x1E,
	0x04, 0x70, 0x04, 0x90, 0x05, 0x2B, 0x7E, 0x0E, 0x1C, 0x8E, 0xE0, 0x0C, 0x50, 0x00, 0x01, 0x07,
	0xF7, 0x41, 0xD9, 0x8E, 0xB9, 0x11, 0x21, 0x80, 0x80, 0xE0, 0x7D, 0xA8, 0xE2, 0xE0, 0x7C, 0xE0,
	0x7F, 0x0C, 0x0C, 0x35, 0x01, 0xE4, 0xC2, 0xCB, 0x45, 0x5C, 0xDD, 0x0E, 0x0D, 0x11, 0x95, 0x04,
	0xE8, 0x28, 0x1D, 0x45, 0x10, 0x76, 0x08, 0x20, 0x00, 0xA1, 0x40, 0x08, 0x46, 0xAE, 0x09, 0xC0,
	0xB0, 0x44, 0xB9, 0x00, 0x03, 0xDA, 0x56, 0x0D, 0xAF, 0xFF, 0xA1, 0x40, 0x0C, 0x70, 0x14, 0xB5,
	0x13, 0xB5, 0x12, 0xB5, 0x11, 0xB5, 0xC1, 0x40, 0xC4, 0xC6, 0x74, 0x49, 0x05, 0x58, 0x04, 0x03,
	0x91, 0x20, 0x91, 0x10, 0x71, 0x5E, 0x08, 0x7C, 0xB9, 0x21, 0x5C, 0x27, 0xAE, 0x06, 0x00, 0x90,
	0x06, 0x16, 0x22, 0xB8, 0x94, 0x3A, 0x6C, 0x11, 0x05, 0x88, 0xE0, 0x78, 0xF1, 0xC0, 0x76, 0x0D,
	0x60, 0x45, 0x12, 0x7E, 0x96, 0x00, 0xEE, 0x0B, 0x76, 0x00, 0x56, 0x0F, 0x0E, 0x0B, 0xD1, 0xC0,
	0xAC, 0x10, 0xBE, 0x23, 0xBA, 0xC1, 0xBE, 0xA2, 0x60, 0x04, 0x6C, 0xEC, 0x04, 0x46, 0xC1, 0x09,
	0xEA, 0x29, 0x6A, 0x04, 0x04, 0xAB, 0x08, 0x06, 0xC1, 0x24, 0x71, 0x46, 0xC1, 0xFA, 0xF5, 0x00,
	0x16, 0x01, 0x4D, 0xF5, 0x5E, 0x0E, 0x17, 0x16, 0x8B, 0x55, 0x04, 0x5B, 0x5D, 0x00, 0x8D, 0x5C,
	0x00, 0x00, 0x19, 0x68, 0x04, 0x44, 0xC1, 0x20, 0x90, 0x4F, 0x90, 0x4B, 0xC5, 0x52, 0xC1, 0x34,
	0x90, 0x79, 0x23, 0x0D, 0x10, 0x50, 0xC5, 0x53, 0xC1, 0x32, 0x90, 0x6D, 0x22, 0x0B, 0x03, 0xF4,
	0x6A, 0x4A, 0xC1, 0x28, 0x90, 0x12, 0x10, 0x1E, 0x01, 0x6A, 0x90, 0x56, 0xC1, 0x31, 0x4C, 0x94,
	0x00, 0x59, 0x1F, 0x01, 0x04, 0x10, 0x1B, 0x01, 0x45, 0xC1, 0x30, 0x90, 0xCE, 0x90, 0x86, 0x90,
	0x58, 0xC1, 0x25, 0x90, 0xC3, 0xBE, 0xE5, 0x7E, 0x59, 0xC1, 0x24, 0x90, 0xC3, 0xBC, 0x54, 0xC6,
	0x48, 0xC1, 0x23, 0x90, 0x7F, 0xDE, 0x07, 0xBE, 0x4E, 0xC1, 0x2D, 0x90, 0x49, 0xC1, 0x2C, 0x90,
	0x47, 0xC1, 0x2B, 0x90, 0x4F, 0xC1, 0x27, 0x90, 0x6D, 0x21, 0x0D, 0x03, 0x54, 0x69, 0x0F, 0xC1,
	0x85, 0x7A, 0x57, 0xC2, 0xC6, 0xB9, 0x4F, 0xC1, 0x40, 0x2E, 0x41, 0x31, 0x4C, 0xC1, 0x37, 0x6B,
	0x55, 0xC1, 0x40, 0x2F, 0x41, 0x31, 0x4D, 0xC1, 0x40, 0x2B, 0xC1, 0x31, 0x51, 0xC1, 0x0B, 0xC1,
	0x05, 0xC3, 0x18, 0xC4, 0x34, 0x70, 0x10, 0xC1, 0x0C, 0xBB, 0x04, 0x23, 0x83, 0x54, 0xB9, 0x00,
	0x3C, 0x00, 0x70, 0x33, 0xB0, 0x04, 0x1C, 0x44, 0x33, 0x07, 0xC0, 0x0C, 0x1C, 0xC4, 0x32, 0x13,
	0xC1, 0xF7, 0x68, 0x09, 0xC0, 0x04, 0x27, 0x9E, 0x13, 0x0B, 0xB9, 0x0E, 0xB8, 0x47, 0xC0, 0x0E,
	0xC0, 0x08, 0xBC, 0x84, 0x24, 0x0C, 0x10, 0xC6, 0xB8, 0x4E, 0xC0, 0x08, 0xC0, 0x28, 0x14, 0x1B,
	0x30, 0xB7, 0x68, 0x19, 0xC0, 0xA4, 0x7E, 0x40, 0x2B, 0x1B, 0x32, 0x0E, 0xB8, 0x49, 0xC0, 0x05,
	0xC0, 0x84, 0x23, 0x0C, 0x30, 0x40, 0x28, 0xCB, 0x01, 0x16, 0xC0, 0x04, 0x23, 0x8D, 0x1F, 0x5C,
	0x09, 0x01, 0x7C, 0x04, 0x21, 0x8B, 0x7C, 0x0A, 0x00, 0x2C, 0x08, 0x54, 0x68, 0x12, 0xC0, 0x44,
	0x22, 0x02, 0x04, 0x48, 0xC2, 0x04, 0xB8, 0x0C, 0xC2, 0x44, 0x20, 0x1F, 0x04, 0x0D, 0xC0, 0x84,
	0x22, 0x01, 0x08, 0x4C, 0xC2, 0x15, 0xC2, 0x84, 0x20, 0x01, 0x08, 0x4D, 0xC0, 0x11, 0xC0, 0x4F,
	0x7A, 0x45, 0xC2, 0x10, 0xC2, 0x0F, 0x7F, 0x14, 0xC0, 0x0A, 0xBA, 0x0F, 0xC1, 0x0A, 0x1C, 0x04,
	0x30, 0x17, 0xC0, 0x65, 0x7A, 0x07, 0xC3, 0x02, 0x45, 0x01, 0x05, 0x05, 0xFF, 0x07, 0x0C, 0x1F,
	0x00, 0x2F, 0x65, 0x79, 0x09, 0xC3, 0xC5, 0x78, 0x08, 0x1C, 0x44, 0x30, 0x05, 0x7B, 0x08, 0xC0,
	0x0C, 0xC1, 0xA5, 0x7C, 0x85, 0x78, 0x05, 0x79, 0x05, 0xC0, 0x05, 0x23, 0x9B, 0x30, 0x05, 0x23,
	0xCB, 0x16, 0x25, 0x78, 0x83, 0x42, 0x07, 0xB2, 0x0D, 0xC0, 0x05, 0x27, 0xDF, 0x32, 0x60, 0xB2,
	0x05, 0x27, 0x1F, 0x30, 0x05, 0x27, 0xCF, 0x17, 0xE3, 0xB2, 0x0D, 0xF2, 0x0B, 0xC0, 0x97, 0x08,
	0x51, 0x00, 0x06, 0x45, 0x36, 0x00, 0x4C, 0x30, 0x09, 0x64, 0x04, 0x2F, 0x79, 0x19, 0x61, 0x6D,
	0x09, 0x12, 0x02, 0x04, 0xC0, 0x44, 0x52, 0x06, 0x72, 0x80, 0xC1, 0x1B, 0x78, 0x8D, 0xB8, 0x93,
	0xB8, 0x5F, 0x59, 0x02, 0x02, 0x11, 0x0A, 0xAD, 0x05, 0x20, 0x54, 0x21, 0x0C, 0x90, 0x00, 0x00,
	0x04, 0x72, 0x40, 0xB3, 0x04, 0xC0, 0x08, 0xE0, 0x44, 0xC0, 0x0A, 0xC0, 0x22, 0x64, 0x33, 0x44,
	0xFA, 0x4C, 0x54, 0x6F, 0x3A, 0x09, 0xF2, 0x0A, 0x46, 0xB5, 0x06, 0x79, 0x0D, 0x03, 0x42, 0x5F,
	0x01, 0x69, 0x04, 0x0B, 0x23, 0x14, 0x26, 0x02, 0xC0, 0x0D, 0x33, 0x08, 0x71, 0x23, 0x4C, 0x23,
	0x2C, 0xA4, 0x01, 0x07, 0x1A, 0x69, 0x3D, 0xB8, 0x19, 0x61, 0xC2, 0xB9, 0x10, 0x49, 0x0C, 0x6F,
	0x86, 0x46, 0x00, 0x1E, 0xB5, 0x03, 0x04, 0x21, 0x7D, 0x22, 0xBA, 0x27, 0x3C, 0x0C, 0xBE, 0x4A,
	0x58, 0x43, 0x74, 0x8D, 0xB4, 0x5C, 0x00, 0x0C, 0x48, 0xF0, 0x1D, 0x0E, 0x14, 0x11, 0x19, 0x0B,
	0x71, 0x30, 0x53, 0x27, 0xBE, 0x90, 0x1D, 0xF2, 0x0C, 0x70, 0xC5, 0x77, 0x07, 0xA5, 0x06, 0xA5,
	0x05, 0xA5, 0x04, 0xA5, 0x28, 0xF0, 0x6C, 0x02, 0x0A, 0x6F, 0x70, 0x29, 0xF2, 0x79, 0x0E, 0x50,
	0x10, 0x1C, 0x1D, 0xC0, 0x16, 0x18, 0x4D, 0x00, 0x14, 0x4D, 0x00, 0xDE, 0x21, 0x2D, 0x28, 0x10,
	0x5C, 0x00, 0x07, 0x73, 0x0E, 0xB0, 0x10, 0x08, 0x47, 0xC5, 0x77, 0x24, 0xF0, 0x76, 0x62, 0x42,
	0x0A, 0x74, 0x62, 0x0C, 0x8C, 0x26, 0x48, 0x90, 0x68, 0x00, 0x25, 0x00, 0x2C, 0x73, 0xFF, 0xD8,
	0x00, 0x26, 0x8E, 0x75, 0x34, 0xFE, 0x04, 0xC8, 0x0D, 0x32, 0xB5, 0xAA, 0x0C, 0xCF, 0xFF, 0x08,
	0x47, 0x6F, 0x71, 0x0E, 0xF0, 0x5D, 0x0E, 0x70, 0x10, 0x7D, 0x05, 0x12, 0x9C, 0x05, 0x02, 0x49,
	0x0E, 0x90, 0x10, 0x8E, 0x5E, 0x09, 0x62, 0xBE, 0x04, 0x07, 0x4F, 0xFF, 0x93, 0xB8, 0xF5, 0xD7,
	0x76, 0x90, 0x23, 0xF0, 0x2A, 0xCC, 0x01, 0x7E, 0x0D, 0x18, 0xF0, 0x0C, 0x27, 0x00, 0x03, 0xE5,
	0x74, 0x03, 0xA5, 0x02, 0xA5, 0x01, 0xA5, 0x00, 0xA5, 0x13, 0xF0, 0x2F, 0x20, 0x82, 0x83, 0x04,
	0x77, 0x93, 0xF7, 0x32, 0x4F, 0x70, 0x08, 0xE7, 0x0B, 0x04, 0x07, 0x4D, 0x04, 0x08, 0x4D, 0x00,
	0x04, 0x4D, 0x00, 0x00, 0x4C, 0x00, 0x01, 0xE5, 0x74, 0xF0, 0x78, 0xAC, 0x1F, 0x08, 0x2F, 0x26,
	0x08, 0xF0, 0xCA, 0x21, 0x21, 0x00, 0x11, 0xB5, 0x22, 0x4E, 0x0D, 0x32, 0xB5, 0x0C, 0x1F, 0x00,
	0x22, 0xE4, 0x68, 0x23, 0xA5, 0x22, 0xA5, 0x21, 0xA5, 0x20, 0xA5, 0xEF, 0xF1, 0xE6, 0xC2, 0xA3,
	0xC1, 0x08, 0x46, 0x66, 0x08, 0x60, 0x00, 0x8A, 0x20, 0x0C, 0x08, 0x09, 0xD8, 0xAD, 0x70, 0x13,
	0xB8, 0x2C, 0x75, 0x0C, 0xDA, 0x8A, 0x23, 0x08, 0x00, 0x42, 0xC5, 0x41, 0xC6, 0x0E, 0x0D, 0x20,
	0x00, 0x40, 0xC5, 0x1A, 0xDF, 0x7C, 0xA0, 0x5D, 0x9A, 0x73, 0x6E, 0x02, 0xFA, 0x0C, 0x4C, 0x02,
	0x02, 0xC7, 0x66, 0x0B, 0x00, 0x03, 0xD5, 0x02, 0x71, 0x75, 0x02, 0xE6, 0x95, 0x02, 0x4E, 0x28,
	0x55, 0x00, 0x70, 0x07, 0x05, 0x40, 0xC7, 0xCE, 0x56, 0x02, 0x41, 0xC6, 0x07, 0x04, 0x22, 0xD9,
	0x1A, 0x4C, 0x0C, 0x8F, 0xEF, 0x75, 0x4C, 0x74, 0x05, 0x17, 0x0E, 0x95, 0x0B, 0xB2, 0x6F, 0x06,
	0xC5, 0x80, 0xD8, 0x08, 0x3E, 0x55, 0xA6, 0x74, 0x67, 0x06, 0x41, 0xC5, 0x9E, 0x8E, 0x02, 0xC2,
	0x0B, 0x0E, 0x4C, 0x04, 0x77, 0x06, 0x70, 0xA3, 0xC0, 0x04, 0x30, 0x00, 0x28, 0x13, 0x08, 0x72,
	0x00, 0x6C, 0x70, 0xC3, 0x42, 0x04, 0x90, 0x42, 0x00, 0x20, 0x92, 0x08, 0xE9, 0x6C, 0x71, 0x09,
	0xD9, 0x12, 0xB9, 0xCD, 0x02, 0xAF, 0xFF, 0x60, 0x40, 0xF7, 0x08, 0x92, 0x80, 0x20, 0x92, 0xF8,
	0xE9, 0xEF, 0x08, 0xF2, 0x80, 0x2A, 0x68, 0x00, 0x92, 0xF2, 0xE8, 0x8C, 0x21, 0xFF, 0x0F, 0xF1,
	0xF1, 0xE2, 0xC2, 0x2F, 0x08, 0x52, 0x00, 0x64, 0x3D, 0x00, 0x06, 0x58, 0x04, 0x42, 0x8D, 0x60,
	0x95, 0x13, 0x09, 0x7F, 0x02, 0x04, 0x28, 0x80, 0x00, 0x31, 0x8D, 0x85, 0xE9, 0x10, 0x79, 0x4C,
	0x71, 0x03, 0xF0, 0x57, 0x00, 0x70, 0xEE, 0x0D, 0x05, 0x44, 0x60, 0x0D, 0x5C, 0xB5, 0x4C, 0xDB,
	0x00, 0x12, 0xC2, 0x18, 0x14, 0x1E, 0x30, 0x28, 0x43, 0xAD, 0x70, 0xAF, 0xE2, 0xA2, 0xB0, 0xA1,
	0xB0, 0xA7, 0xB0, 0xA6, 0xB0, 0xBC, 0x02, 0x2D, 0x00, 0xA0, 0xB0, 0x04, 0xC7, 0x60, 0x41, 0x7F,
	0xDC, 0xAD, 0x21, 0x03, 0x02, 0x24, 0x45, 0xE3, 0xD7, 0x51, 0x3A, 0xE7, 0x4D, 0x00, 0x09, 0x21,
	0xF5, 0x21, 0x2D, 0x4D, 0x00, 0x51, 0x4D, 0x00, 0x6B, 0x4D, 0x00, 0x75, 0x4E, 0x00, 0x25, 0x02,
	0x0D, 0x00, 0xA7, 0x4D, 0x03, 0x85, 0x5D, 0x00, 0xA5, 0x5D, 0x00, 0x69, 0x4D, 0x02, 0x71, 0x6C,
	0x03, 0x5D, 0x01, 0x6D, 0x5D, 0x00, 0x79, 0x4D, 0x00, 0x7D, 0x4D, 0x00, 0x89, 0x4D, 0x03, 0x61,
	0x4D, 0x02, 0x5D, 0x4D, 0x00, 0x59, 0x4D, 0x00, 0x55, 0x4D, 0x00, 0x51, 0x4D, 0x00, 0x4D, 0x4D,
	0x00, 0x49, 0x4E, 0x00, 0x61, 0x01, 0xBD, 0x05, 0x5B, 0x5D, 0x04, 0x73, 0x5D, 0x00, 0x99, 0x4D,
	0x00, 0x0B, 0x5D, 0x02, 0x95, 0x5D, 0x00, 0x41, 0x4D, 0x02, 0x33, 0x5D, 0x00, 0x57, 0x4D, 0x00,
	0x8F, 0x4D, 0x00, 0x97, 0x4D, 0x00, 0x9B, 0x4D, 0x00, 0x29, 0x5D, 0x02, 0xA5, 0xCD, 0x01, 0xA3,
	0x31, 0x0D, 0x00, 0xA7, 0x4D, 0x00, 0xB5, 0x4C, 0x00, 0x00, 0x43, 0xC6, 0xBB, 0x64, 0xB0, 0xA2,
	0xF0, 0x78, 0xD9, 0xC3, 0xBF, 0x04, 0xF0, 0x38, 0xD9, 0xC2, 0xBF, 0x23, 0xB0, 0xE4, 0xB0, 0xEA,
	0xF0, 0x4C, 0x26, 0x00, 0xB0, 0xD7, 0xF2, 0x64, 0x7C, 0x24, 0xBB, 0x84, 0x23, 0x01, 0x0E, 0x45,
	0x23, 0xC1, 0x00, 0x74, 0xF0, 0x93, 0x6B, 0x7D, 0x79, 0xD2, 0x6F, 0xC3, 0xBF, 0x44, 0x24, 0x03,
	0x1C, 0x44, 0x21, 0x01, 0x07, 0x44, 0x24, 0x0C, 0x12, 0x84, 0x26, 0x01, 0x10, 0xE5, 0x7B, 0x25,
	0x7C, 0x65, 0x7E, 0x80, 0xBC, 0xC4, 0xB0, 0x83, 0xB0, 0xCE, 0xF0, 0x33, 0x6B, 0x7D, 0x7B, 0x92,
	0x74, 0x04, 0x04, 0x21, 0x1F, 0x0C, 0x44, 0x23, 0x03, 0x06, 0x47, 0x05, 0x02, 0x84, 0x24, 0x04,
	0x09, 0x5C, 0x84, 0x09, 0x33, 0x65, 0x79, 0x05, 0x24, 0xCC, 0x17, 0x45, 0x21, 0x41, 0x01, 0x4E,
	0x20, 0x04, 0x9C, 0x00, 0x05, 0x81, 0x01, 0x3A, 0xF0, 0x7D, 0x7E, 0x33, 0x6B, 0x9F, 0x04, 0x26,
	0x03, 0x16, 0x4D, 0x04, 0x0C, 0x6C, 0x04, 0x08, 0x82, 0xBB, 0xE5, 0x79, 0x63, 0xB0, 0x85, 0x79,
	0x31, 0xF0, 0x23, 0x7F, 0x13, 0x0C, 0xC6, 0xBF, 0x07, 0x28, 0x01, 0x03, 0x89, 0x5E, 0x77, 0x11,
	0x30, 0x04, 0x2F, 0x00, 0x06, 0x88, 0xF0, 0x35, 0x6B, 0x68, 0xDC, 0x84, 0x21, 0x01, 0x08, 0x83,
	0xB0, 0x21, 0xF0, 0x28, 0xD9, 0x82, 0xF0, 0xFB, 0x0E, 0x10, 0x30, 0x7D, 0x79, 0x45, 0x02, 0x00,
	0x04, 0x34, 0x00, 0x02, 0x83, 0xB9, 0x10, 0xF0, 0xE4, 0xB0, 0x06, 0x18, 0x05, 0x06, 0x78, 0xF0,
	0x38, 0xDB, 0x53, 0x27, 0x81, 0x10, 0x0D, 0xF0, 0xED, 0x03, 0x45, 0x7E, 0x0B, 0xB0, 0x6B, 0x04,
	0x43, 0x5C, 0x02, 0x07, 0xC1, 0x10, 0x63, 0xB0, 0x86, 0xB9, 0x24, 0xB0, 0x64, 0xF0, 0xBE, 0x0F,
	0x7D, 0x7B, 0x64, 0x15, 0x74, 0x0F, 0x55, 0x15, 0x07, 0x74, 0x15, 0x66, 0x15, 0x25, 0x7B, 0x65,
	0x15, 0x81, 0x04, 0x21, 0x05, 0xB0, 0x63, 0xB0, 0x50, 0xF0, 0x58, 0xD9, 0x3B, 0xCF, 0x09, 0x83,
	0xB9, 0x35, 0xCC, 0x13, 0x64, 0x13, 0x06, 0x2F, 0xF0, 0xC6, 0xBF, 0xE4, 0xB0, 0xE3, 0xB0, 0x3E,
	0xD4, 0x03, 0x7C, 0x0C, 0x00, 0x07, 0x25, 0xF0, 0x6D, 0x0E, 0x30, 0x30, 0x40, 0xD9, 0xA4, 0xB0,
	0xA3, 0xB0, 0x32, 0xF0, 0x60, 0xD9, 0x2E, 0xF0, 0x20, 0xD9, 0x2C, 0xF0, 0x50, 0xD9, 0x2A, 0x56,
	0x30, 0x17, 0xF0, 0x7E, 0x12, 0x86, 0xB9, 0x06, 0xF5, 0x7D, 0x7C, 0x04, 0x1F, 0x5D, 0x2D, 0x17,
	0x7C, 0x0D, 0x02, 0x65, 0x79, 0x80, 0xB9, 0x0B, 0xD4, 0x11, 0xE4, 0x21, 0x0C, 0xE5, 0x79, 0x85,
	0x79, 0x24, 0xB0, 0x11, 0xF0, 0x41, 0x2B, 0xC1, 0x01, 0x2B, 0xBB, 0x84, 0x74, 0x02, 0x5E, 0x35,
	0x25, 0x7F, 0x45, 0x36, 0x01, 0x06, 0x1C, 0x05, 0xF0, 0x0E, 0x06, 0x58, 0xD9, 0x04, 0xB6, 0x0C,
	0xA4, 0xB0, 0x23, 0xB0, 0x0F, 0x0B, 0x3F, 0x14, 0x05, 0xC3, 0x0F, 0x0A, 0x11, 0x0A, 0x0B, 0x55,
	0x21, 0xA5, 0x05, 0xB1, 0xF0, 0x21, 0xCC, 0x2A, 0x0F, 0x00, 0x25, 0xB0, 0x33, 0x0B, 0x3F, 0x15,
	0x0D, 0xD9, 0x37, 0x0B, 0x7F, 0x15, 0xD0, 0xDC, 0xA7, 0x0B, 0xBF, 0x4C, 0x01, 0x08, 0xA9, 0x0B,
	0xFF, 0x15, 0x08, 0xD9, 0xA7, 0x0B, 0x3F, 0x16, 0x80, 0x46, 0x02, 0x7F, 0x16, 0x0C, 0xE7, 0x5C,
	0x02, 0x00, 0x3E, 0x16, 0x11, 0xD9, 0xAB, 0x0B, 0xFF, 0x16, 0x2C, 0x70, 0x03, 0xF0, 0x0E, 0x18,
	0x45, 0x03, 0x8C, 0xB9, 0x04, 0xF0, 0xD0, 0xD9, 0x8C, 0xB9, 0x87, 0xB0, 0x07, 0x0B, 0xDE, 0x14,
	0x27, 0xB0, 0x15, 0x0A, 0x75, 0x07, 0x18, 0xD9, 0x9C, 0xB9, 0x37, 0x09, 0xAF, 0x00, 0x2C, 0x76,
	0x0F, 0x09, 0x8F, 0x00, 0x42, 0x22, 0x41, 0x08, 0x23, 0x09, 0xB5, 0x00, 0x2C, 0x70, 0x41, 0x2B,
	0x82, 0x10, 0x2C, 0x72, 0x51, 0x23, 0x80, 0x90, 0x44, 0x23, 0x0C, 0x13, 0x46, 0x79, 0x19, 0x0C,
	0x30, 0x13, 0xCF, 0x5D, 0x8F, 0x26, 0x04, 0x61, 0x0F, 0xF0, 0x0D, 0x0A, 0x51, 0x0A, 0x2C, 0x74,
	0x0C, 0x18, 0x05, 0x01, 0x0B, 0x0B, 0x9E, 0x14, 0x45, 0x21, 0xC1, 0x55, 0x02, 0x0B, 0x06, 0x14,
	0x13, 0x04, 0x0D, 0x18, 0x00, 0x0C, 0x01, 0x0E, 0x3E, 0x13, 0x83, 0xB9, 0x26, 0xB0, 0x0D, 0x0B,
	0x9F, 0x11, 0x09, 0x0B, 0x5F, 0x00, 0xC6, 0xC6, 0x00, 0x54, 0x02, 0x00, 0x07, 0xC6, 0xC6, 0x08,
	0xB9, 0x27, 0xB0, 0xC1, 0xF1, 0x0E, 0x18, 0x05, 0x02, 0xBD, 0xF1, 0x80, 0xD9, 0xBE, 0xF1, 0x8A,
	0x24, 0x10, 0x10, 0x0A, 0xB9, 0xBB, 0x5C, 0x00, 0x0C, 0x04, 0x10, 0x08, 0xB9, 0xB7, 0xF1, 0x09,
	0xD9, 0x8A, 0x24, 0x08, 0x10, 0x09, 0xB9, 0xB3, 0x4C, 0x7E, 0x6C, 0x87, 0x08, 0x28, 0x45, 0x6E,
	0x09, 0xE0, 0x03, 0x0C, 0x76, 0x82, 0x0F, 0x8F, 0x45, 0x88, 0x16, 0x5C, 0x97, 0x01, 0x10, 0x78,
	0xF6, 0x0C, 0x45, 0x76, 0xED, 0x54, 0xAB, 0x01, 0x00, 0xA8, 0x61, 0xB6, 0x46, 0x8B, 0xF2, 0x0E,
	0x0D, 0x06, 0xC2, 0x21, 0x1D, 0x2C, 0x6E, 0x9D, 0x05, 0x3E, 0x9D, 0x05, 0xD2, 0x29, 0x8D, 0x00,
	0x92, 0x4D, 0x04, 0xCE, 0x8C, 0x04, 0x65, 0xB2, 0x6B, 0x23, 0x1E, 0x25, 0x43, 0x00, 0xAC, 0xC8,
	0x03, 0xAB, 0xC1, 0x12, 0xC4, 0xCB, 0x46, 0x7E, 0x8A, 0xCB, 0x47, 0x7C, 0xD2, 0x03, 0x4A, 0xC4,
	0x11, 0xC4, 0xDB, 0x43, 0x64, 0xCA, 0x00, 0x01, 0x46, 0xC3, 0x48, 0xC4, 0x10, 0xC4, 0x44, 0xC2,
	0x45, 0xC1, 0x47, 0xC4, 0x43, 0xC0, 0x3B, 0xF0, 0x10, 0x8E, 0x1D, 0x44, 0xE3, 0x00, 0x10, 0x05,
	0xC0, 0x8E, 0x0E, 0xAF, 0xFF, 0x68, 0x8E, 0x14, 0x71, 0xF0, 0xD9, 0xCA, 0x21, 0x22, 0x0C, 0x24,
	0xBB, 0x78, 0x61, 0x08, 0xAE, 0x03, 0xC0, 0x0D, 0x08, 0x1E, 0x02, 0x00, 0x97, 0x81, 0xB8, 0x00,
	0xB7, 0x6E, 0x01, 0x5E, 0x03, 0x0D, 0x02, 0x80, 0x4C, 0x01, 0x00, 0x19, 0x20, 0x96, 0x0A, 0xC0,
	0x99, 0x08, 0x31, 0x00, 0x53, 0x21, 0x82, 0x00, 0x54, 0x74, 0x0C, 0x70, 0x7F, 0xF4, 0x03, 0xC2,
	0x13, 0x0A, 0x5F, 0x02, 0x44, 0x8E, 0x63, 0x8E, 0x0B, 0x0B, 0x81, 0x00, 0x42, 0x97, 0x54, 0x70,
	0xBA, 0xF2, 0x1C, 0x1B, 0x00, 0x30, 0x18, 0x4D, 0x00, 0x14, 0x4D, 0x00, 0x10, 0x4F, 0x00, 0x04,
	0x69, 0x46, 0x4C, 0x0C, 0x01, 0x00, 0xB6, 0x13, 0x8E, 0x22, 0xAC, 0x20, 0x07, 0x89, 0x08, 0x91,
	0x81, 0x09, 0xC0, 0x42, 0xE8, 0x06, 0xC2, 0x75, 0x17, 0x74, 0x03, 0x17, 0xC1, 0x2F, 0x23, 0x0C,
	0x64, 0x00, 0x08, 0x07, 0xC2, 0xE0, 0x96, 0x58, 0xDB, 0x44, 0xB0, 0x06, 0xC2, 0x7F, 0xDC, 0xC1,
	0xB9, 0xA2, 0x8E, 0x63, 0xB0, 0x84, 0x7A, 0x2D, 0xB0, 0x25, 0xB0, 0x3D, 0x79, 0x4C, 0x48, 0x0D,
	0x10, 0x4C, 0xB0, 0x28, 0xB0, 0x20, 0xB0, 0x4F, 0x23, 0xC2, 0x10, 0x98, 0x4F, 0x4B, 0xB0, 0x7E,
	0x56, 0x09, 0x20, 0xB6, 0x6C, 0xE0, 0x0B, 0xBB, 0x78, 0xCA, 0x25, 0x01, 0x10, 0x04, 0xC0, 0xA2,
	0x78, 0xB2, 0xF0, 0x09, 0xC0, 0xA4, 0xE7, 0x0A, 0x14, 0x70, 0x04, 0xC0, 0xC0, 0x20, 0x61, 0x00,
	0x19, 0x0A, 0x31, 0x01, 0x44, 0x06, 0xBC, 0x24, 0x74, 0xFE, 0xE6, 0xC2, 0x0D, 0x7C, 0x06, 0x00,
	0x09, 0x03, 0x8E, 0x24, 0x8E, 0x05, 0xC2, 0x14, 0x70, 0xCA, 0x20, 0x41, 0x00, 0x03, 0xAE, 0x08,
	0xC0, 0x03, 0xC1, 0x06, 0xC3, 0x41, 0xC0, 0x07, 0xC0, 0x6F, 0x70, 0x08, 0x0E, 0xD0, 0x40, 0xC0,
	0x09, 0x38, 0xEF, 0x55, 0xDF, 0x7A, 0x4C, 0x05, 0x09, 0x05, 0xC0, 0x14, 0x71, 0x28, 0x4D, 0x88,
	0xF4, 0x08, 0xC1, 0x05, 0xC2, 0x4F, 0x04, 0xC1, 0x07, 0xC1, 0x05, 0x08, 0x41, 0x06, 0xC9, 0xC1,
	0x76, 0x44, 0x04, 0x00, 0x06, 0x03, 0xC1, 0x84, 0xF0, 0x54, 0x70, 0xA7, 0xF4, 0x23, 0x8E, 0x44,
	0x8E, 0x06, 0xC3, 0x34, 0x70, 0xCA, 0x21, 0x81, 0x00, 0x23, 0xAE, 0x42, 0xC0, 0x7E, 0x09, 0x05,
	0xC2, 0x7C, 0x09, 0xB7, 0x11, 0x40, 0xC0, 0x46, 0x9C, 0x09, 0x03, 0x09, 0xC0, 0x40, 0x96, 0x22,
	0x8E, 0xEC, 0x13, 0x0A, 0x44, 0xC0, 0x03, 0xC0, 0xE9, 0xB8, 0x04, 0x6A, 0x00, 0xB6, 0x05, 0xF2,
	0x02, 0x56, 0x2C, 0x02, 0xB7, 0x0F, 0x05, 0x37, 0x48, 0x06, 0x8D, 0x0E, 0x2B, 0x54, 0x32, 0x45,
	0x0D, 0xC0, 0x06, 0x11, 0x40, 0xC1, 0xAF, 0x13, 0x28, 0x4D, 0x02, 0x4C, 0x08, 0x6C, 0x0F, 0x03,
	0x00, 0x96, 0x04, 0x74, 0x32, 0x0D, 0x6C, 0x29, 0x0D, 0x02, 0x8E, 0x02, 0x7F, 0x03, 0xC1, 0xBA,
	0x09, 0xEF, 0xFF, 0xE1, 0x40, 0x60, 0xF0, 0xCA, 0x0C, 0x64, 0x07, 0x57, 0x06, 0x45, 0x08, 0xC0,
	0x74, 0x06, 0x9C, 0x15, 0x04, 0xC0, 0x40, 0x23, 0x00, 0x34, 0xCA, 0x09, 0x66, 0x07, 0x01, 0x30,
	0x0E, 0x1F, 0x20, 0x96, 0x28, 0xF4, 0x01, 0x0F, 0x04, 0x69, 0x9F, 0x0D, 0x30, 0x10, 0x00, 0xB6,
	0xAE, 0x0C, 0x8F, 0xFF, 0x08, 0xC0, 0xA2, 0x8E, 0x03, 0xC1, 0x64, 0x16, 0x77, 0x06, 0x40, 0xC0,
	0x63, 0x01, 0x2A, 0x09, 0xB4, 0x0D, 0x05, 0x40, 0x96, 0x04, 0xC0, 0x62, 0x8E, 0xB1, 0x48, 0x7F,
	0x14, 0x70, 0x49, 0x4E, 0x57, 0x02, 0x03, 0xC1, 0x2C, 0x2B, 0xEC, 0x1F, 0x08, 0x00, 0x18, 0xC0,
	0x06, 0x0A, 0xC0, 0x42, 0x8E, 0x20, 0x96, 0x01, 0x44, 0x18, 0x0A, 0x08, 0xE1, 0x17, 0x20, 0x8D,
	0x00, 0x2D, 0x0D, 0x72, 0x10, 0x20, 0xB6, 0x56, 0x44, 0x12, 0x08, 0x04, 0x1F, 0x85, 0x10, 0x42,
	0x8E, 0x58, 0x65, 0x29, 0x68, 0x04, 0x22, 0x84, 0x53, 0x00, 0x10, 0x96, 0x4C, 0x70, 0x1A, 0x0F,
	0xAF, 0xFF, 0x30, 0x79, 0x00, 0xB6, 0x03, 0xC0, 0x8B, 0xB8, 0x43, 0xC0, 0x04, 0xF0, 0x04, 0x1F,
	0xC5, 0x10, 0x04, 0x8E, 0x03, 0xAE, 0xE2, 0x0D, 0x20, 0x04, 0x03, 0xC0, 0xAB, 0x25, 0x3C, 0x24,
	0x0F, 0x22, 0x8E, 0x04, 0xC0, 0x35, 0x48, 0x11, 0x0D, 0x52, 0x10, 0x0E, 0x0C, 0x8F, 0xFF, 0x03,
	0xC1, 0xD6, 0x08, 0x64, 0x28, 0x0B, 0x03, 0xC0, 0xDD, 0x08, 0xDE, 0x82, 0x02, 0x97, 0x80, 0xB8,
	0x02, 0xB7, 0xE8, 0xF1, 0x0E, 0x4C, 0xC3, 0xAB, 0x23, 0x9E, 0x32, 0x08, 0x47, 0x08, 0xB9, 0x00,
	0x15, 0x2C, 0x70, 0x5E, 0x09, 0x6F, 0xFF, 0x2A, 0xDA, 0x60, 0x8F, 0x41, 0x8F, 0x22, 0x8F, 0x03,
	0x8F, 0x8B, 0x44, 0x63, 0xB4, 0x44, 0xB4, 0x2B, 0xB4, 0x0B, 0x0D, 0x3E, 0x10, 0x0C, 0xB4, 0x0A,
	0x1C, 0x84, 0x33, 0x0B, 0x0D, 0x5E, 0x10, 0x1A, 0x5D, 0x00, 0x42, 0x5C, 0x12, 0x01, 0x80, 0xC0,
	0xC6, 0xC7, 0x24, 0x0D, 0x32, 0x5C, 0x8E, 0x67, 0x03, 0x00, 0x24, 0x8E, 0x30, 0x00, 0xB1, 0x06,
	0x03, 0x03, 0xB1, 0x28, 0x5C, 0x00, 0xEE, 0x6A, 0xA4, 0xC1, 0x66, 0x68, 0x58, 0x04, 0x04, 0x1B,
	0x00, 0x07, 0x00, 0x13, 0x02, 0x31, 0x28, 0x47, 0x08, 0x46, 0x53, 0x22, 0x81, 0x00, 0x0C, 0x70,
	0x43, 0xC0, 0x42, 0xC0, 0x41, 0xC0, 0x1F, 0x09, 0x31, 0x01, 0x40, 0x23, 0x14, 0x28, 0x0B, 0x74,
	0x0D, 0x44, 0x74, 0x12, 0xA1, 0x11, 0xA1, 0x10, 0xA1, 0x0F, 0xA1, 0x56, 0x0B, 0x54, 0x34, 0x00,
	0x38, 0x1B, 0x84, 0x30, 0x0C, 0x71, 0x84, 0xED, 0x02, 0x13, 0x80, 0x30, 0x1B, 0x78, 0x0F, 0x78,
	0xD5, 0x70, 0x00, 0x41, 0xC8, 0x21, 0xC1, 0x03, 0x05, 0x29, 0x02, 0x00, 0x49, 0x78, 0x10, 0x78,
	0x39, 0x21, 0x00, 0x00, 0x1A, 0x62, 0x09, 0x6A, 0x2F, 0x25, 0x08, 0x10, 0x8C, 0x25, 0x04, 0x90,
	0x95, 0xF7, 0x1F, 0xD8, 0x0A, 0xB8, 0x83, 0x41, 0x07, 0xB1, 0x59, 0x20, 0x00, 0x08, 0x03, 0xB1,
	0x80, 0xC0, 0x72, 0x0C, 0x60, 0x06, 0x08, 0xD9, 0x00, 0x25, 0x80, 0x04, 0x6B, 0x07, 0x01, 0xFF,
	0x10, 0x7D, 0x8C, 0x25, 0xC3, 0x9F, 0x2E, 0xF7, 0x22, 0xCC, 0x24, 0x06, 0x13, 0xF2, 0x40, 0x2D,
	0x01, 0x13, 0x04, 0x21, 0x81, 0x23, 0xF4, 0x2E, 0x06, 0x88, 0xB9, 0x89, 0xB9, 0x17, 0x6D, 0x8B,
	0xB9, 0x04, 0x23, 0xDF, 0x49, 0x00, 0x7C, 0x06, 0x21, 0xA4, 0x2C, 0x06, 0x04, 0xF0, 0x0C, 0x70,
	0x06, 0x1C, 0x05, 0x30, 0x0E, 0x07, 0xD1, 0x80, 0xC0, 0x2A, 0x84, 0x09, 0x26, 0x8C, 0x3D, 0xBC,
	0x1D, 0x07, 0x02, 0x19, 0x43, 0x00, 0xE0, 0x7F, 0x12, 0xA9, 0xE0, 0x78, 0x24, 0x05, 0x36, 0x4E,
	0x21, 0x04, 0x36, 0x7D, 0x2A, 0xA8, 0x0E, 0x55, 0x46, 0x28, 0x07, 0x92, 0x47, 0x40, 0x24, 0x0C,
	0x2D, 0x00, 0x1A, 0x2C, 0x70, 0x02, 0x08, 0x6F, 0xFF, 0x1E, 0xDA, 0x13, 0x6E, 0x7F, 0xD9, 0xC6,
	0xBF, 0x53, 0x26, 0x43, 0x10, 0xBD, 0x7A, 0x44, 0x20, 0x00, 0x04, 0x24, 0x7D, 0x37, 0x6F, 0x0E,
	0xBB, 0x6C, 0x22, 0x42, 0x01, 0x8B, 0x46, 0x0B, 0xB6, 0x03, 0xB6, 0x25, 0x7F, 0x05, 0x23, 0x6C,
	0x11, 0x05, 0x58, 0x2C, 0x4F, 0x22, 0xC0, 0x00, 0x20, 0xB6, 0x22, 0xA4, 0x4D, 0x00, 0x04, 0x07,
	0xB8, 0x97, 0x6D, 0x25, 0x78, 0xA5, 0x7C, 0x08, 0xB6, 0x80, 0xC0, 0x10, 0xD9, 0xE4, 0xB6, 0xA6,
	0x0B, 0x60, 0x06, 0x8C, 0xB6, 0x6E, 0x2F, 0x0C, 0x71, 0x28, 0xCC, 0x37, 0x01, 0x07, 0x50, 0x3B,
	0x79, 0x05, 0xF9, 0x0F, 0x05, 0x03, 0x44, 0x56, 0x11, 0x00, 0xB1, 0x28, 0x3D, 0x00, 0x46, 0x9C,
	0x01, 0x26, 0x4C, 0x3E, 0x08, 0x08, 0x47, 0x21, 0xE9, 0x05, 0xBA, 0x09, 0x69, 0x84, 0x22, 0x01,
	0x4D, 0xA6, 0x4F, 0x00, 0x89, 0x08, 0x06, 0x4F, 0x22, 0xDB, 0x06, 0xA1, 0x68, 0x0C, 0x70, 0x0A,
	0xEF, 0x7F, 0x30, 0x07, 0xD9, 0x4C, 0x21, 0xA4, 0x5C, 0x7E, 0x57, 0x09, 0xF0, 0x2A, 0x3C, 0x00,
	0x08, 0xC1, 0x40, 0xEA, 0x0A, 0xCF, 0xFF, 0x8C, 0x25, 0xBF, 0x1B, 0xA3, 0x27, 0xBF, 0x2D, 0xE4,
	0xC2, 0xA1, 0x21, 0x9D, 0x2E, 0xC1, 0x21, 0x25, 0x2E, 0x0E, 0x21, 0xA4, 0x62, 0x0E, 0x0C, 0x70,
	0x3C, 0x7C, 0x95, 0x70, 0x47, 0xF2, 0x82, 0x15, 0xC2, 0x10, 0xD6, 0xF6, 0x57, 0x0A, 0x32, 0x5C,
	0xC4, 0x01, 0x83, 0x15, 0x8B, 0x10, 0x22, 0xAC, 0x3B, 0x00, 0x0E, 0x61, 0x6A, 0xC1, 0x89, 0x45,
	0x0E, 0xC4, 0x12, 0xFE, 0x11, 0x8E, 0x84, 0x3D, 0x0B, 0x84, 0x13, 0x8D, 0x23, 0xBF, 0x0E, 0x44,
	0x77, 0x2C, 0x70, 0x19, 0xF0, 0xBF, 0xE2, 0x2C, 0x70, 0x15, 0xF6, 0xBD, 0x04, 0x83, 0x21, 0xDF,
	0x2C, 0xC1, 0x8B, 0x1D, 0x5E, 0x04, 0x02, 0x13, 0x00, 0xAF, 0x00, 0x35, 0x15, 0x0B, 0xA4, 0x13,
	0xBF, 0xE2, 0x44, 0x71, 0xCA, 0x21, 0xE1, 0x0F, 0xC0, 0xE2, 0xB4, 0xF6, 0x03, 0xF0, 0x40, 0x41,
	0x83, 0x15, 0x82, 0x10, 0x99, 0x61, 0x2D, 0x7B, 0xC0, 0xE3, 0x82, 0x1D, 0x42, 0x10, 0x49, 0xF6,
	0x14, 0x25, 0xC1, 0x10, 0xA1, 0x89, 0x0B, 0x0D, 0x84, 0x10, 0x20, 0x89, 0x17, 0x0A, 0x45, 0x00,
	0xC8, 0xD8, 0xC3, 0x41, 0xA0, 0x01, 0x03, 0x00, 0xA2, 0x0B, 0x60, 0x01, 0x40, 0xC4, 0x07, 0xD8,
	0x87, 0x74, 0xC4, 0x27, 0x5F, 0x30, 0x00, 0x16, 0xC2, 0x84, 0x15, 0x4E, 0x5D, 0x45, 0x2F, 0x04,
	0x59, 0x04, 0xB0, 0x0C, 0x70, 0x3A, 0xF2, 0x42, 0x0F, 0x6F, 0x62, 0xB6, 0xE8, 0x3A, 0x5C, 0x00,
	0x0D, 0xC1, 0x40, 0xB2, 0xE8, 0x80, 0x16, 0x03, 0x11, 0x82, 0x16, 0xC0, 0x10, 0x80, 0x15, 0x0C,
	0x11, 0x7C, 0x18, 0x00, 0x14, 0x79, 0x60, 0x30, 0x7F, 0x98, 0x62, 0x10, 0x7A, 0x13, 0x0F, 0x85,
	0x10, 0x13, 0x0B, 0x52, 0x30, 0x62, 0x78, 0x82, 0x1E, 0x02, 0x10, 0x06, 0xF0, 0xFB, 0x0B, 0x52,
	0xB0, 0x90, 0x49, 0x82, 0x1D, 0x02, 0x10, 0x82, 0x15, 0xC0, 0x10, 0x74, 0x12, 0x00, 0x11, 0x14,
	0x7D, 0x00, 0x8D, 0x10, 0x72, 0x07, 0xD8, 0x90, 0xF7, 0x21, 0x8D, 0x1D, 0x09, 0x84, 0x00, 0x82,
	0x16, 0xC1, 0x10, 0x83, 0x16, 0x82, 0x10, 0x34, 0x7E, 0x20, 0x8E, 0x0D, 0x0A, 0x44, 0x00, 0x21,
	0x8E, 0x09, 0x56, 0x02, 0x0C, 0x70, 0x2C, 0xAC, 0x32, 0x07, 0xA8, 0xC1, 0xAE, 0x0E, 0x60, 0x00,
	0x47, 0xC0, 0x46, 0xC0, 0x7F, 0x65, 0xCC, 0x0D, 0x6F, 0x54, 0x61, 0x66, 0x01, 0x0C, 0x37, 0x0C,
	0x5E, 0x0F, 0x25, 0xD8, 0x9F, 0xB8, 0x20, 0x88, 0x1B, 0x88, 0x25, 0x78, 0xAD, 0x08, 0xEE, 0x06,
	0x8A, 0x21, 0x14, 0x0A, 0x24, 0xD4, 0x51, 0x0B, 0x6C, 0x0B, 0x06, 0x1A, 0xC2, 0x36, 0x41, 0xC0,
	0x0A, 0x79, 0x02, 0xC0, 0x38, 0x60, 0x6C, 0xA0, 0x03, 0x38, 0x60, 0x45, 0xC0, 0x3D, 0xF0, 0x7E,
	0x06, 0x9C, 0x0B, 0x04, 0x0C, 0x00, 0x14, 0x01, 0xC0, 0x59, 0x09, 0x2E, 0x00, 0xED, 0x70, 0x01,
	0xC0, 0x04, 0xC5, 0x05, 0xC6, 0x07, 0x1A, 0x02, 0x30, 0x07, 0xC0, 0x3B, 0x08, 0xCE, 0x03, 0x06,
	0xC0, 0x08, 0x1A, 0xC2, 0x33, 0x14, 0x73, 0xC1, 0x40, 0x05, 0xF4, 0xF2, 0x0E, 0x5D, 0x1E, 0x41,
	0x04, 0x54, 0x0D, 0x42, 0x0E, 0xCF, 0xFF, 0x07, 0x12, 0x83, 0x30, 0x06, 0x12, 0x82, 0x30, 0x08,
	0x12, 0x8C, 0x30, 0x22, 0x9F, 0x4D, 0xC3, 0x41, 0x9F, 0x44, 0x28, 0x00, 0x09, 0x52, 0x0F, 0x2F,
	0xFF, 0x40, 0xC4, 0xE5, 0x71, 0x55, 0x25, 0x4D, 0x18, 0xC1, 0x0F, 0xB4, 0x92, 0x55, 0x26, 0x4E,
	0x18, 0x04, 0xC0, 0x80, 0x20, 0x14, 0x0A, 0x44, 0x54, 0xCF, 0x7E, 0x00, 0x45, 0xC0, 0x46, 0x0C,
	0x71, 0x41, 0x9F, 0x15, 0x6C, 0x0B, 0x21, 0x5C, 0x0E, 0x0A, 0x7F, 0x09, 0x05, 0x80, 0x02, 0xC1,
	0xA5, 0xD8, 0x05, 0xB8, 0x19, 0x61, 0x42, 0x5C, 0xA7, 0x08, 0x67, 0x71, 0x19, 0x61, 0x3B, 0x0B,
	0xB4, 0xB0, 0x43, 0xC1, 0xA8, 0x2D, 0x8C, 0x36, 0x01, 0xB5, 0xC1, 0xB6, 0x0D, 0x7D, 0x1E, 0x25,
	0x21, 0xAF, 0x49, 0x40, 0x89, 0x3B, 0x0D, 0x86, 0xC0, 0xEE, 0x1B, 0x45, 0x79, 0x0E, 0x9A, 0x78,
	0x21, 0x08, 0x03, 0x22, 0x85, 0x53, 0xF6, 0x27, 0x4F, 0x03, 0x00, 0xC0, 0x11, 0x07, 0xF9, 0x80,
	0xEB, 0xF2, 0x0F, 0x01, 0x0C, 0xB8, 0x46, 0x54, 0xD1, 0x21, 0xF5, 0x4D, 0xC1, 0x04, 0x35, 0x00,
	0x20, 0x11, 0x20, 0x40, 0x80, 0xDB, 0xF2, 0x01, 0xC2, 0x06, 0xC1, 0x07, 0xC8, 0x08, 0xBA, 0x45,
	0x79, 0x25, 0x78, 0x43, 0xC0, 0x03, 0xC7, 0xCD, 0x70, 0x4F, 0x27, 0x0F, 0x14, 0x00, 0xC0, 0x89,
	0xC5, 0xD5, 0x7D, 0x5A, 0x20, 0x01, 0x0A, 0x5A, 0x20, 0x02, 0x05, 0x05, 0x26, 0xC0, 0x13, 0x1B,
	0x78, 0x48, 0xC0, 0x24, 0x64, 0x3A, 0x0D, 0x24, 0x00, 0x01, 0xC0, 0x15, 0x79, 0x14, 0x7A, 0x14,
	0x21, 0x80, 0x03, 0xDA, 0x62, 0x34, 0x20, 0x47, 0x6E, 0x80, 0x9C, 0x60, 0x0D, 0x01, 0x8C, 0x5F,
	0x00, 0x3C, 0x61, 0x32, 0x23, 0x84, 0x4F, 0x07, 0xDC, 0x61, 0x20, 0xB5, 0x84, 0xB5, 0x02, 0xAD,
	0x32, 0x22, 0x76, 0x02, 0x7C, 0x62, 0x0C, 0x01, 0x76, 0x04, 0x2C, 0x62, 0xB4, 0x03, 0x0F, 0xCC,
	0x62, 0x83, 0xAD, 0x2A, 0xAD, 0x0B, 0xAD, 0x4E, 0x0B, 0xA0, 0x00, 0x00, 0x93, 0x08, 0xB5, 0xCF,
	0x78, 0x55, 0xC1, 0xC2, 0x22, 0xDD, 0x5B, 0xA0, 0x56, 0x5E, 0xE5, 0x78, 0x44, 0x83, 0x54, 0x0C,
	0x01, 0x42, 0x21, 0x1B, 0x09, 0x24, 0x8C, 0x54, 0x04, 0x00, 0x90, 0x2C, 0x71, 0x12, 0xAD, 0x62,
	0x56, 0x03, 0x0C, 0x70, 0x26, 0xDE, 0x54, 0x20, 0x90, 0x54, 0x1B, 0x54, 0x04, 0x06, 0x4C, 0x68,
	0x08, 0xC0, 0x33, 0xAD, 0x45, 0x78, 0x02, 0x6D, 0x09, 0x90, 0x55, 0x08, 0xB5, 0x0D, 0xF5, 0x3A,
	0xDC, 0x08, 0x28, 0xF7, 0x00, 0x1A, 0xAD, 0x26, 0x75, 0x07, 0x71, 0x28, 0xF4, 0x00, 0x00, 0x15,
	0x02, 0xC0, 0xC5, 0x71, 0x1D, 0x0E, 0x24, 0x90, 0x3B, 0xAD, 0x05, 0xC0, 0x02, 0xC1, 0x89, 0xC2,
	0x3E, 0x08, 0x20, 0x04, 0xAD, 0x70, 0x4E, 0xF0, 0x03, 0xC1, 0x15, 0x26, 0x5E, 0x33, 0xA5, 0x79,
	0x20, 0x16, 0x03, 0x31, 0xC3, 0x40, 0x02, 0x44, 0x0C, 0x64, 0x81, 0x0B, 0x02, 0x00, 0x60, 0xB2,
	0x64, 0xB8, 0x28, 0x16, 0x02, 0x31, 0x25, 0x78, 0x40, 0xB0, 0xB4, 0x2D, 0x0C, 0xCE, 0x00, 0xB7,
	0xE8, 0x22, 0x16, 0x8E, 0x30, 0xAF, 0x7A, 0x0C, 0x70, 0xC6, 0x0F, 0x60, 0x29, 0xC7, 0x01, 0xC0,
	0xB0, 0x2A, 0x5F, 0x02, 0x0C, 0x71, 0xB2, 0x2B, 0x56, 0x00, 0x02, 0x0C, 0x04, 0x03, 0x07, 0xC0,
	0xB0, 0x3B, 0x08, 0xF1, 0x00, 0x40, 0x24, 0x1E, 0x39, 0x75, 0x0C, 0x23, 0x76, 0x04, 0x70, 0x8A,
	0x75, 0x04, 0x71, 0x28, 0xED, 0x00, 0x2B, 0x8D, 0x07, 0x76, 0x2D, 0x56, 0x00, 0xA5, 0x71, 0x06,
	0x2C, 0x67, 0x0D, 0x0C, 0x2B, 0x6C, 0x07, 0x67, 0x47, 0x89, 0xE0, 0x3C, 0x21, 0xF7, 0x5A, 0x41,
	0xC0, 0x00, 0x4D, 0x01, 0x40, 0x27, 0x14, 0x09, 0x06, 0x00, 0xC0, 0x30, 0x70, 0x0A, 0x06, 0xCE,
	0xFF, 0xB5, 0xC6, 0x46, 0xE2, 0xC0, 0x0C, 0x34, 0x00, 0x12, 0x6D, 0x70, 0x6C, 0xDB, 0xAC, 0x7B,
	0x5F, 0x23, 0x8C, 0x1D, 0x75, 0x71, 0x6D, 0x71, 0x1B, 0x63, 0x9B, 0x63, 0x3B, 0x63, 0x80, 0x8B,
	0x44, 0x7C, 0x80, 0xAB, 0xF5, 0xF5, 0xA5, 0x71, 0xE5, 0x0D, 0x94, 0x90, 0xC2, 0xC4, 0xBC, 0x4A,
	0x00, 0x13, 0x82, 0x24, 0x02, 0x3A, 0xBC, 0x14, 0x0C, 0x30, 0x28, 0x47, 0x8A, 0x24, 0x01, 0x70,
	0x89, 0xC1, 0x43, 0xC1, 0x7F, 0xD9, 0x48, 0xC2, 0x08, 0xB9, 0x89, 0xC2, 0x46, 0xC4, 0x41, 0xC3,
	0xA8, 0x20, 0x00, 0x01, 0x02, 0x1A, 0x54, 0x44, 0x1A, 0x06, 0x42, 0xC1, 0x01, 0xC1, 0x8A, 0x24,
	0x14, 0x1A, 0x1F, 0x7C, 0x41, 0x07, 0x00, 0xA0, 0x14, 0x48, 0x21, 0x41, 0x00, 0xEA, 0x7C, 0x47,
	0x54, 0x02, 0x0A, 0x9B, 0x63, 0x00, 0x1A, 0x05, 0x00, 0xC3, 0x42, 0x00, 0x00, 0x1F, 0x3F, 0x78,
	0x0C, 0xF5, 0x21, 0x76, 0x6B, 0x23, 0x8E, 0x67, 0x3E, 0x0D, 0x44, 0xC1, 0x05, 0xA9, 0xA6, 0x21,
	0x46, 0x6A, 0x33, 0xF0, 0x02, 0x33, 0x1D, 0x08, 0x0A, 0x50, 0xEF, 0x79, 0x0F, 0x01, 0x29, 0x08,
	0x71, 0x5F, 0x00, 0xBA, 0x0C, 0xA0, 0x0B, 0x98, 0xC0, 0x78, 0x20, 0x4E, 0xB5, 0xF0, 0xAE, 0x8D,
	0x01, 0x79, 0x4C, 0x01, 0x07, 0x04, 0xC0, 0x05, 0x21, 0x3E, 0x80, 0x04, 0xF2, 0x17, 0xF0, 0x54,
	0x4D, 0x0F, 0xE8, 0x1C, 0x14, 0x1B, 0x30, 0xC9, 0x45, 0x82, 0x15, 0xC1, 0x10, 0xA6, 0x14, 0xC0,
	0x30, 0x89, 0xC2, 0x00, 0x04, 0x13, 0x0B, 0x13, 0x49, 0x89, 0xC0, 0xAA, 0x0B, 0x60, 0x00, 0xA1,
	0x41, 0x8D, 0x23, 0x7F, 0x3D, 0x64, 0x6D, 0x0B, 0x80, 0x26, 0x14, 0x1A, 0x40, 0x27, 0x4F, 0x10,
	0x08, 0xC0, 0x9D, 0x08, 0xE5, 0x83, 0x6C, 0x18, 0x4C, 0x16, 0x4C, 0xFA, 0x56, 0x7A, 0x88, 0x0E,
	0x04, 0x23, 0x56, 0x97, 0x04, 0x00, 0x74, 0x7E, 0x74, 0x63, 0x21, 0x3D, 0x59, 0x72, 0x0D, 0xBB,
	0x02, 0x21, 0x05, 0x44, 0x80, 0x54, 0x1E, 0xFC, 0x6B, 0x8C, 0xCF, 0x08, 0xC0, 0x06, 0xC4, 0x30,
	0x72, 0x15, 0x24, 0x02, 0x10, 0xD2, 0xF7, 0x54, 0x10, 0x00, 0x14, 0xC1, 0xA1, 0x92, 0xC5, 0x92,
	0x61, 0x88, 0xE0, 0x88, 0x00, 0x89, 0x81, 0x89, 0x37, 0x6F, 0x07, 0xB8, 0x79, 0x61, 0x98, 0x60,
	0xB1, 0xB2, 0xD5, 0xB2, 0x30, 0xB2, 0x10, 0xF0, 0x03, 0xC4, 0x00, 0x8B, 0x21, 0x8B, 0x69, 0x92,
	0x07, 0x4C, 0x76, 0x08, 0x00, 0x8C, 0xAD, 0x92, 0xC1, 0x8C, 0x07, 0xB8, 0x71, 0xB2, 0xB5, 0x4C,
	0x03, 0x02, 0xD8, 0x60, 0x14, 0xB2, 0xC6, 0xDC, 0x2A, 0x0C, 0xAC, 0xC1, 0x14, 0x71, 0x7D, 0xF4,
	0xCD, 0x71, 0x75, 0xF0, 0x13, 0x08, 0x90, 0x00, 0x1B, 0x0C, 0x56, 0x24, 0x4C, 0x6E, 0x01, 0x25,
	0x00, 0x05, 0xF0, 0xA4, 0x01, 0x0A, 0x40, 0x00, 0xCD, 0x09, 0xD1, 0x00, 0x26, 0x08, 0x80, 0x01,
	0xB2, 0x0C, 0x00, 0x5C, 0x50, 0x06, 0x5B, 0xF0, 0xE4, 0xD8, 0x39, 0x78, 0x00, 0x16, 0x8F, 0x94,
	0x7A, 0x00, 0x07, 0xC1, 0xB8, 0x2A, 0xE0, 0x45, 0xC0, 0x49, 0xF0, 0x40, 0x29, 0x03, 0x03, 0x44,
	0xC3, 0x04, 0xC4, 0x05, 0xC3, 0x07, 0xC8, 0x88, 0xC2, 0x85, 0x7B, 0x65, 0x54, 0x43, 0x00, 0x07,
	0x91, 0xB8, 0x9C, 0xB8, 0x47, 0xC3, 0x9F, 0xB8, 0x60, 0x90, 0x16, 0x22, 0x40, 0x03, 0x34, 0x78,
	0x6D, 0x0D, 0x71, 0x10, 0x60, 0xB0, 0x14, 0x22, 0x43, 0x4C, 0x65, 0x00, 0x05, 0x4C, 0x72, 0x08,
	0xE3, 0xF8, 0x13, 0x0C, 0x85, 0x8D, 0x22, 0xFF, 0x0F, 0x98, 0x60, 0x40, 0xC1, 0x10, 0x79, 0x41,
	0x29, 0xC0, 0x01, 0x46, 0x06, 0x0C, 0x3D, 0x78, 0x07, 0x8E, 0x53, 0x20, 0x5B, 0x21, 0xBC, 0x66,
	0x21, 0x88, 0x26, 0x09, 0x02, 0x06, 0x00, 0x6C, 0x71, 0xC1, 0x42, 0xAA, 0x0D, 0x20, 0x01, 0x0C,
	0x04, 0x9F, 0x7C, 0x81, 0x0A, 0x04, 0xC2, 0x06, 0xB9, 0x05, 0x23, 0x43, 0x30, 0x07, 0xC1, 0x05,
	0x7A, 0x25, 0x96, 0x0C, 0x5B, 0x79, 0x0C, 0x19, 0x66, 0xE2, 0x02, 0x90, 0x04, 0x80, 0x55, 0x0D,
	0xB1, 0x0E, 0x18, 0xE5, 0x71, 0xB4, 0x4E, 0x0D, 0x01, 0x88, 0xF0, 0x79, 0x67, 0x08, 0x45, 0x80,
	0xA5, 0x71, 0x4F, 0x0D, 0xB4, 0x90, 0xBB, 0x79, 0x7E, 0x6A, 0xF4, 0x90, 0x0C, 0xF4, 0x04, 0x56,
	0x0F, 0x60, 0x01, 0x0C, 0x73, 0xAC, 0x2D, 0xEC, 0x12, 0x04, 0xA4, 0xC1, 0x59, 0xD9, 0x0C, 0x74,
	0x3E, 0x4E, 0x0D, 0x12, 0xB9, 0xF6, 0x96, 0x86, 0xF0, 0x22, 0x6C, 0x23, 0x05, 0x9C, 0xE7, 0x16,
	0x23, 0xC0, 0x33, 0xA0, 0x90, 0x7C, 0x93, 0x09, 0xA9, 0x46, 0x18, 0xF0, 0xF6, 0x78, 0x34, 0x20,
	0xC2, 0x06, 0x43, 0xC0, 0x6D, 0x14, 0x65, 0x4F, 0xAA, 0x40, 0xC2, 0x0A, 0x56, 0x06, 0xE1, 0x42,
	0x05, 0x6E, 0x34, 0x21, 0xEF, 0x63, 0x01, 0xC0, 0x08, 0x05, 0x7C, 0x10, 0x64, 0xA8, 0x00, 0x1A,
	0x09, 0x26, 0x4E, 0x10, 0x01, 0xC1, 0x14, 0xCC, 0x2F, 0x7B, 0xD1, 0x0B, 0x24, 0x80, 0x7B, 0x78,
	0x0C, 0x74, 0xC1, 0x42, 0xC3, 0x41, 0x66, 0x01, 0x02, 0x00, 0xDA, 0x0C, 0x20, 0x01, 0xA1, 0x43,
	0xDD, 0x65, 0xBD, 0x7D, 0x4E, 0x25, 0x1B, 0x13, 0x2F, 0x26, 0xC8, 0x16, 0xBE, 0x02, 0x90, 0xB9,
	0x0F, 0x08, 0xA1, 0x42, 0xBA, 0x56, 0x03, 0xC1, 0x43, 0x0C, 0x3A, 0x00, 0x07, 0x34, 0x6D, 0x54,
	0x6E, 0x40, 0x2F, 0x0C, 0x13, 0x6C, 0x70, 0x05, 0x23, 0x5B, 0x30, 0x05, 0x22, 0x5E, 0x03, 0x05,
	0x7C, 0x0A, 0x27, 0x80, 0x1F, 0x02, 0x22, 0x0C, 0x4E, 0x5C, 0x21, 0x21, 0xB4, 0x81, 0x0D, 0x90,
	0x5E, 0xD9, 0x62, 0xDD, 0x60, 0xDA, 0x64, 0xDE, 0x3C, 0x75, 0x75, 0x70, 0x5C, 0x76, 0x05, 0x0E,
	0xFB, 0x05, 0x26, 0x0C, 0x87, 0x00, 0x07, 0x3B, 0x79, 0x5B, 0x7A, 0xE5, 0x79, 0xE5, 0x7A, 0x00,
	0x11, 0x0B, 0x01, 0x20, 0x92, 0x01, 0xC2, 0x84, 0x23, 0x0C, 0x10, 0x84, 0x21, 0x0C, 0x00, 0xEF,
	0x44, 0x09, 0x00, 0x0E, 0x8B, 0x17, 0x45, 0x79, 0x00, 0x27, 0x5B, 0x33, 0x00, 0x27, 0x82, 0x33,
	0x05, 0x23, 0x1B, 0x33, 0x85, 0x7A, 0x2F, 0x23, 0xC0, 0x36, 0x5B, 0x7A, 0xF7, 0x71, 0xEF, 0x71,
	0x05, 0x23, 0xDB, 0x33, 0x54, 0x06, 0x0C, 0x1B, 0xC4, 0x32, 0x20, 0xB2, 0xEF, 0xF5, 0x64, 0x71,
	0x6F, 0x79, 0x9D, 0x09, 0x94, 0x80, 0x24, 0x5C, 0x6A, 0xAC, 0x2A, 0x06, 0x02, 0xC1, 0x01, 0x88,
	0x2F, 0x7F, 0x10, 0x77, 0xE8, 0x4C, 0x79, 0x26, 0xBD, 0x24, 0xE4, 0x22, 0x1C, 0x4A, 0x0B, 0x43,
	0x0C, 0x73, 0x68, 0x46, 0x48, 0x45, 0xFA, 0x0D, 0x60, 0x01, 0x0A, 0x26, 0x40, 0x25, 0xB6, 0x73,
	0x20, 0x88, 0x0E, 0xD2, 0x14, 0xE9, 0x26, 0x9C, 0x77, 0x00, 0x05, 0x1D, 0x09, 0xFF, 0x00, 0x61,
	0x41, 0x42, 0xC0, 0x0F, 0xD8, 0x0A, 0x22, 0x80, 0x07, 0xA1, 0x43, 0x40, 0xC6, 0x4E, 0x08, 0x20,
	0x06, 0x04, 0x47, 0x66, 0x0B, 0xF0, 0x41, 0x56, 0x02, 0x61, 0x41, 0xBC, 0x02, 0x05, 0xB2, 0x0E,
	0xE0, 0x05, 0x40, 0xC6, 0xA3, 0xC0, 0x6C, 0xFC, 0x00, 0x0F, 0xE2, 0xC2, 0x16, 0x08, 0x40, 0x02,
	0x7E, 0x08, 0x60, 0x02, 0x08, 0x45, 0x7A, 0x0C, 0x20, 0x02, 0x1D, 0x65, 0xB8, 0x60, 0x44, 0x20,
	0x41, 0x00, 0x38, 0x60, 0x0F, 0x78, 0x89, 0x20, 0x01, 0x07, 0x00, 0x5D, 0xE0, 0xC2, 0x6D, 0x38,
	0xC0, 0x22, 0xF7, 0x67, 0x6B, 0x0B, 0x15, 0x44, 0x77, 0x01, 0x03, 0x13, 0x8D, 0x04, 0x24, 0x0C,
	0x5A, 0x00, 0x0C, 0x40, 0x00, 0x8D, 0x0A, 0x10, 0x00, 0x83, 0x6B, 0x41, 0x6B, 0x14, 0x70, 0x9D,
	0x72, 0x82, 0x6B, 0x9D, 0x73, 0x40, 0x8A, 0x80, 0x8B, 0x6C, 0x77, 0x08, 0x24, 0x82, 0x90, 0x1B,
	0xF6, 0x7C, 0x80, 0x00, 0x05, 0x07, 0x12, 0x0F, 0x36, 0x02, 0xB9, 0xC1, 0x6A, 0x20, 0xE1, 0x40,
	0x2C, 0x02, 0x13, 0x94, 0x4E, 0xBE, 0x61, 0xE5, 0x7E, 0x05, 0x26, 0x81, 0x44, 0x28, 0x00, 0x1D,
	0x91, 0xB9, 0x9C, 0xB9, 0x9F, 0xB9, 0x20, 0x91, 0x96, 0x22, 0x08, 0x00, 0x8D, 0x24, 0x3F, 0x1E,
	0x08, 0x21, 0xC3, 0x00, 0x6F, 0x21, 0x43, 0x04, 0x56, 0x21, 0x4B, 0x08, 0x20, 0x89, 0xFF, 0xDE,
	0x8A, 0x22, 0xC7, 0x0F, 0x1B, 0x78, 0x34, 0x72, 0xB5, 0x78, 0xCA, 0x22, 0x81, 0x03, 0x00, 0xB5,
	0xCC, 0x04, 0x0C, 0xAF, 0x0A, 0x04, 0x22, 0xC1, 0x00, 0x00, 0x13, 0xC2, 0x10, 0x07, 0xE0, 0x1A,
	0x7B, 0x79, 0x46, 0x0C, 0x78, 0x62, 0x5F, 0x7A, 0x72, 0x00, 0xB4, 0x0C, 0xDC, 0x6C, 0x22, 0x05,
	0x3C, 0x04, 0xB5, 0x78, 0x20, 0x90, 0x21, 0xB0, 0x28, 0x3C, 0x65, 0x09, 0x82, 0x24, 0x06, 0x31,
	0x6F, 0x25, 0x43, 0x12, 0x82, 0x15, 0x82, 0x14, 0x65, 0x4A, 0x5E, 0x21, 0x4D, 0x61, 0xBA, 0x04,
	0x4E, 0x0E, 0x01, 0xC3, 0xBA, 0x00, 0x8D, 0x2C, 0x70, 0x80, 0xDA, 0x44, 0xC0, 0x08, 0x8D, 0x00,
	0x24, 0x8F, 0x3F, 0x4C, 0x3E, 0x0B, 0x01, 0x55, 0xC0, 0x10, 0x8D, 0xAD, 0x70, 0x5D, 0xC5, 0x54,
	0xC0, 0x00, 0x24, 0x80, 0x84, 0x02, 0x0B, 0x5C, 0xC5, 0x5B, 0xC5, 0x7E, 0x0D, 0xEF, 0xFE, 0x5A,
	0xC5, 0x55, 0x24, 0x40, 0x38, 0x7C, 0x05, 0x02, 0x80, 0x1C, 0x40, 0x33, 0x6E, 0x44, 0x02, 0x00,
	0x04, 0x55, 0x24, 0x5B, 0x38, 0x59, 0xC5, 0x58, 0xC5, 0x57, 0xC5, 0x56, 0xC5, 0x5F, 0xC5, 0x15,
	0xC0, 0x07, 0x12, 0x0E, 0x36, 0x49, 0xC7, 0x22, 0xBD, 0x56, 0x34, 0x4C, 0x47, 0x0C, 0x13, 0xF2,
	0x48, 0x4D, 0x9A, 0xC1, 0xC5, 0x78, 0xB6, 0x79, 0xAE, 0x09, 0x20, 0x04, 0x4C, 0x84, 0x66, 0x01,
	0x6A, 0x0B, 0xE3, 0x88, 0xBE, 0x00, 0x82, 0x88, 0x76, 0x05, 0x2A, 0xF0, 0xF4, 0x01, 0xBE, 0x00,
	0x09, 0xC3, 0x0C, 0x07, 0x0C, 0x40, 0x25, 0x1E, 0x19, 0x14, 0x6C, 0x05, 0x26, 0x9E, 0x33, 0x81,
	0x41, 0x1B, 0x63, 0x16, 0x44, 0x7F, 0x07, 0x02, 0x03, 0x05, 0x22, 0x82, 0x07, 0x4A, 0x23, 0x00,
	0x10, 0x23, 0x0F, 0x79, 0x22, 0xC0, 0x02, 0xAC, 0x7F, 0x0F, 0x9F, 0xB8, 0x00, 0x90, 0x56, 0x23,
	0x0B, 0x18, 0x02, 0x1B, 0x14, 0x00, 0x24, 0x71, 0xD9, 0x0F, 0x65, 0x90, 0x22, 0x4D, 0x59, 0x0D,
	0x0C, 0xC8, 0x0F, 0x6C, 0x40, 0x25, 0x82, 0x19, 0x3B, 0x60, 0xC5, 0x7A, 0x14, 0xF0, 0x40, 0x2C,
	0x00, 0x13, 0x05, 0x22, 0x0B, 0x44, 0x82, 0x25, 0xFC, 0x79, 0x29, 0xDD, 0x05, 0x56, 0x21, 0x94,
	0x2F, 0x07, 0x02, 0x1B, 0x54, 0x00, 0x85, 0x71, 0xDB, 0x0F, 0x25, 0x93, 0x6C, 0x07, 0x06, 0x14,
	0xC0, 0x15, 0x08, 0x3E, 0x01, 0x58, 0x4D, 0x96, 0x9E, 0x16, 0xF6, 0x08, 0x7C, 0x16, 0x08, 0x0D,
	0xC0, 0xA5, 0x71, 0x54, 0x20, 0x1B, 0x08, 0x09, 0xC0, 0x21, 0x4C, 0x7C, 0x04, 0x54, 0x20, 0x0F,
	0x08, 0x04, 0xC0, 0x30, 0x04, 0x1F, 0x22, 0x16, 0x2E, 0x5E, 0xC0, 0x04, 0x07, 0xBC, 0x40, 0x00,
	0x04, 0x6A, 0x0B, 0x6F, 0x71, 0x53, 0xC0, 0x09, 0xC0, 0x54, 0x70, 0x52, 0xC0, 0x3B, 0x49, 0x4A,
	0xC0, 0x6A, 0xB8, 0x45, 0xC0, 0x0A, 0xC0, 0x22, 0x8C, 0x3B, 0x06, 0x4A, 0xC0, 0x42, 0x21, 0x80,
	0x02, 0x05, 0xC1, 0xCA, 0x46, 0x35, 0x45, 0xC1, 0x0F, 0x0B, 0xAD, 0x71, 0x46, 0x5F, 0x04, 0x47,
	0xC0, 0x9F, 0x0C, 0xAD, 0x56, 0xDB, 0x4C, 0xC0, 0x06, 0x51, 0x00, 0x38, 0x64, 0x01, 0x0C, 0x48,
	0xC0, 0x73, 0x75, 0xA9, 0xF2, 0x1E, 0xC0, 0x6C, 0x70, 0x84, 0xE8, 0x0C, 0x70, 0x8C, 0xC5, 0x23,
	0x22, 0xC4, 0x23, 0x06, 0x03, 0x88, 0xD4, 0x69, 0x1C, 0x14, 0x1F, 0x30, 0x50, 0x5F, 0x06, 0xB4,
	0x78, 0x4B, 0x97, 0x06, 0xB4, 0x78, 0x4F, 0x21, 0x45, 0x23, 0x44, 0x48, 0xE4, 0x00, 0x03, 0x00,
	0x27, 0x9F, 0x33, 0xD8, 0x60, 0x4E, 0xC0, 0x13, 0xC0, 0xD8, 0x60, 0x51, 0xC0, 0x12, 0xC0, 0x1E,
	0x66, 0x60, 0xF0, 0x15, 0x23, 0xE4, 0x5C, 0x02, 0x17, 0xF2, 0x9A, 0xC0, 0x16, 0x4F, 0x89, 0xB6,
	0x78, 0xF4, 0x21, 0x0F, 0x90, 0xF4, 0x20, 0x4C, 0x08, 0x3C, 0x00, 0x07, 0xC0, 0x26, 0xBA, 0x26,
	0xBC, 0x40, 0xB0, 0x6E, 0x7A, 0x0F, 0xC0, 0x80, 0xB0, 0x08, 0xC0, 0x00, 0x90, 0x82, 0x78, 0x08,
	0x22, 0x03, 0x00, 0x18, 0xF0, 0x64, 0x20, 0x00, 0x0C, 0x0A, 0x26, 0xC0, 0x37, 0xC9, 0x43, 0xA8,
	0x20, 0x80, 0x04, 0x02, 0x13, 0x02, 0x15, 0x08, 0xC0, 0x02, 0x16, 0x0C, 0x35, 0x26, 0xBA, 0x40,
	0xB0, 0x26, 0xBC, 0x0F, 0xC0, 0x6E, 0x7A, 0x2A, 0xBC, 0x00, 0x74, 0x05, 0x02, 0x0E, 0xC4, 0x11,
	0xC7, 0xA8, 0x74, 0x28, 0x00, 0x08, 0x14, 0x00, 0x15, 0x02, 0x17, 0x0B, 0x15, 0x6C, 0x20, 0x42,
	0x01, 0xC5, 0xB8, 0x1A, 0x62, 0x0C, 0xC0, 0x6C, 0x23, 0x5E, 0x11, 0x53, 0x23, 0x4B, 0x11, 0x00,
	0x54, 0x81, 0x00, 0x33, 0x00, 0x18, 0xC4, 0x02, 0x0B, 0xC0, 0x40, 0xB0, 0x0C, 0xC0, 0x00, 0x10,
	0x0B, 0x01, 0x04, 0xC0, 0x2F, 0x26, 0x06, 0x30, 0x02, 0x23, 0x80, 0x10, 0x08, 0x26, 0x00, 0x30,
	0x44, 0xC0, 0x0E, 0xC0, 0x40, 0x27, 0x1F, 0x34, 0x10, 0xE6, 0x10, 0xE0, 0x4E, 0xC0, 0x11, 0xC0,
	0x24, 0x71, 0x10, 0xE0, 0x51, 0xC0, 0x10, 0xC0, 0x45, 0x08, 0x65, 0x80, 0x16, 0x6B, 0xA6, 0x0A,
	0x20, 0x00, 0x0E, 0x78, 0x00, 0x43, 0x04, 0xC0, 0x9E, 0x84, 0x01, 0x08, 0x05, 0xC1, 0x63, 0x42,
	0x60, 0xA9, 0x0A, 0xC1, 0x00, 0xA9, 0x0E, 0x07, 0x6C, 0x6E, 0x78, 0x40, 0x85, 0xA4, 0x70, 0x55,
	0xB8, 0xA1, 0x21, 0x0F, 0x6E, 0xE6, 0x0F, 0xE0, 0x95, 0x96, 0x05, 0x54, 0x89, 0x75, 0x2F, 0x04,
	0x22, 0xF4, 0x7B, 0x0A, 0xC0, 0xB5, 0x70, 0xA5, 0x77, 0x80, 0x20, 0x3F, 0x00, 0x46, 0xC0, 0x07,
	0xC0, 0x7C, 0x00, 0x06, 0x47, 0xC0, 0x4D, 0xF5, 0x13, 0xC0, 0x77, 0x70, 0x67, 0x95, 0x02, 0x53,
	0x54, 0x25, 0x7C, 0x00, 0x04, 0x52, 0xC0, 0x33, 0xF5, 0x1E, 0xC0, 0x2C, 0x5F, 0x3A, 0x79, 0x20,
	0x00, 0x4C, 0x36, 0x28, 0x5D, 0x07, 0xAD, 0x4E, 0x09, 0x3B, 0x49, 0x06, 0x0D, 0x64, 0xB8, 0x65,
	0x08, 0x54, 0x23, 0xDD, 0x42, 0x47, 0x0E, 0x1D, 0x69, 0x06, 0x85, 0x3A, 0x46, 0x44, 0x3A, 0x03,
	0x55, 0x24, 0x01, 0x38, 0xCD, 0x71, 0xA6, 0x33, 0xB4, 0x79, 0x04, 0x74, 0x0D, 0x4E, 0xC1, 0x0A,
	0xC0, 0x39, 0x26, 0x41, 0x13, 0x4C, 0x70, 0x06, 0x79, 0xE0, 0xB9, 0xC2, 0xF4, 0x2C, 0x8E, 0x0B,
	0x03, 0x88, 0x5C, 0x53, 0x4D, 0xFA, 0x51, 0x5D, 0x05, 0xD4, 0x44, 0x39, 0x67, 0x38, 0x05, 0xC0,
	0x00, 0x5F, 0xAF, 0x38, 0x60, 0x48, 0x46, 0x43, 0x38, 0x60, 0x05, 0x75, 0x9B, 0xD5, 0x37, 0x2F,
	0x54, 0x37, 0x47, 0x37, 0x20, 0x00, 0x03, 0x77, 0x2D, 0x6C, 0x20, 0x41, 0x54, 0x2B, 0x05, 0x19,
	0x61, 0x0E, 0xC0, 0x20, 0xB0, 0x63, 0x40, 0x5F, 0x2E, 0x03, 0x02, 0x10, 0x0A, 0xB4, 0x4E, 0x7A,
	0x0D, 0x5A, 0x4F, 0x0C, 0x05, 0x00, 0x04, 0xBB, 0xFB, 0x63, 0x77, 0x49, 0x08, 0x22, 0xC2, 0x03,
	0x14, 0xC0, 0xE4, 0xB8, 0x0B, 0xC0, 0x60, 0xB0, 0x2E, 0xF2, 0x96, 0xC0, 0xD6, 0x8C, 0x07, 0x46,
	0x04, 0x20, 0x43, 0x44, 0x07, 0x04, 0x78, 0x60, 0x0B, 0xC3, 0x00, 0xB3, 0x10, 0x55, 0x04, 0x02,
	0x23, 0xA4, 0x58, 0x6C, 0x0A, 0x03, 0x0F, 0xC3, 0x0A, 0x23, 0xC0, 0x16, 0x4D, 0x09, 0x05, 0x0D,
	0x7B, 0x0F, 0x0C, 0x70, 0x0C, 0x13, 0x01, 0x05, 0x2F, 0x26, 0x86, 0x30, 0x6C, 0x27, 0x5F, 0x11,
	0xC5, 0xBF, 0x6C, 0x21, 0x54, 0x39, 0x0A, 0xB9, 0xE3, 0x77, 0x59, 0x61, 0xF2, 0x49, 0xE1, 0x40,
	0x08, 0x26, 0x82, 0x30, 0x7C, 0x07, 0x74, 0x0F, 0x01, 0x85, 0x0E, 0x60, 0x13, 0x74, 0x07, 0x01,
	0x20, 0x14, 0x0B, 0x30, 0x45, 0x46, 0x36, 0x5D, 0x45, 0x06, 0x06, 0x8A, 0x00, 0x35, 0x5D, 0x07,
	0x15, 0xAE, 0x0D, 0x1B, 0x63, 0x4D, 0x40, 0x21, 0x5F, 0x12, 0xB9, 0xF9, 0x61, 0x0C, 0x0B, 0x7D,
	0x11, 0x0C, 0x0D, 0x0D, 0x90, 0x21, 0x3D, 0x43, 0x79, 0x05, 0x6E, 0x08, 0x21, 0x65, 0x94, 0x44,
	0x06, 0xBF, 0xC0, 0x41, 0x4D, 0x6D, 0x96, 0x56, 0x53, 0x41, 0x03, 0xBC, 0x14, 0x03, 0xF4, 0x21,
	0x03, 0x03, 0x6C, 0x20, 0x4F, 0x06, 0xB8, 0x1F, 0x67, 0x64, 0x48, 0x56, 0x1D, 0xBB, 0x79, 0x56,
	0x07, 0x04, 0xC1, 0x0F, 0x0F, 0xEE, 0x7B, 0x2E, 0x0C, 0x52, 0x66, 0x48, 0x98, 0x62, 0x0E, 0x0F,
	0x21, 0x00, 0x5C, 0x07, 0x21, 0xA7, 0x45, 0x23, 0x1B, 0x34, 0x0E, 0xEE, 0x10, 0xE0, 0x05, 0x4D,
	0x0F, 0x06, 0x8C, 0xE0, 0x4F, 0x54, 0x47, 0x07, 0x10, 0x74, 0xCA, 0x06, 0xEE, 0xFF, 0x4E, 0x78,
	0x6E, 0x08, 0x59, 0x1B, 0x42, 0x06, 0x1B, 0x66, 0x08, 0x75, 0x46, 0x03, 0x22, 0x26, 0x3E, 0xC1,
	0xC1, 0x0A, 0x25, 0x19, 0x92, 0x5E, 0x35, 0x07, 0xC1, 0x0E, 0x01, 0x12, 0x00, 0x7C, 0x47, 0x01,
	0x4E, 0x78, 0x47, 0xC1, 0xA5, 0x48, 0x73, 0x64, 0x48, 0x0B, 0x42, 0x42, 0xC6, 0xA2, 0x0D, 0xE0,
	0x00, 0x41, 0xC5, 0x10, 0xC0, 0xD5, 0x70, 0xC5, 0x94, 0x43, 0x02, 0x50, 0xC0, 0x1C, 0xF5, 0x05,
	0x27, 0x05, 0x09, 0x45, 0x54, 0x33, 0x7D, 0x00, 0x49, 0x06, 0x95, 0xF5, 0x80, 0x4C, 0xAA, 0xAC,
	0xD3, 0xAF, 0xCF, 0x08, 0x00, 0x11, 0x21, 0x1E, 0x62, 0x07, 0xB9, 0x44, 0xB1, 0x06, 0x77, 0xE0,
	0x7F, 0x04, 0x28, 0x40, 0x00, 0x13, 0x78, 0x76, 0x00, 0xE0, 0x7F, 0x0C, 0x01, 0x28, 0xFC, 0x1F,
	0x26, 0x54, 0x23, 0x08, 0x2A, 0xE0, 0x42, 0xC2, 0x41, 0xC1, 0x43, 0xC0, 0x5D, 0xF0, 0x0C, 0x46,
	0x41, 0x07, 0xC8, 0x94, 0xEF, 0x4C, 0x80, 0xFE, 0x9A, 0xC0, 0x90, 0x74, 0x12, 0x0C, 0x95, 0x02,
	0x03, 0x00, 0xC1, 0x43, 0x53, 0x26, 0x4C, 0x11, 0xAD, 0x23, 0x82, 0x01, 0x06, 0x4D, 0x13, 0x40,
	0x03, 0xD2, 0xC0, 0x0F, 0xE8, 0x05, 0x06, 0x96, 0x21, 0xBC, 0x5F, 0x21, 0x0F, 0x8E, 0x00, 0x0C,
	0x74, 0x24, 0x1C, 0x21, 0x06, 0x08, 0x00, 0x06, 0xB8, 0x09, 0x2E, 0x0D, 0x10, 0x0D, 0x04, 0x8C,
	0x0D, 0x04, 0xE8, 0x40, 0x26, 0x0D, 0x18, 0x09, 0xF0, 0x0F, 0x0E, 0x34, 0x18, 0xAD, 0x70, 0x00,
	0x26, 0x22, 0x3E, 0x70, 0xE0, 0xFF, 0x0F, 0x0D, 0x53, 0x25, 0x4E, 0x0E, 0x11, 0x25, 0x82, 0x09,
	0x29, 0xE8, 0x6F, 0x0B, 0x97, 0x02, 0x02, 0x47, 0x1E, 0xC1, 0x43, 0x10, 0x45, 0x06, 0x07, 0x85,
	0x02, 0x98, 0x56, 0x0D, 0x05, 0xF0, 0x65, 0x01, 0x99, 0x46, 0x01, 0x20, 0xDA, 0x75, 0xE7, 0x92,
	0x40, 0x2E, 0x03, 0x07, 0xC8, 0x36, 0x6D, 0xC5, 0x79, 0x2A, 0x76, 0x02, 0xE5, 0x71, 0x0C, 0x64,
	0x27, 0xFC, 0x23, 0x0A, 0x7A, 0x3F, 0x08, 0xA5, 0x80, 0x40, 0x2A, 0x01, 0x03, 0xF2, 0x0A, 0xC0,
	0x03, 0xFC, 0xF5, 0xB5, 0x12, 0x8A, 0x05, 0x2F, 0xB8, 0x0D, 0x3F, 0x78, 0x56, 0x3D, 0x07, 0xC8,
	0x22, 0x2C, 0x2F, 0x22, 0x2D, 0x82, 0x12, 0x06, 0x16, 0x90, 0x53, 0x21, 0x67, 0x79, 0x06, 0xF2,
	0x0D, 0x5E, 0xE8, 0x0C, 0x71, 0x21, 0xD5, 0x29, 0x7F, 0x44, 0x60, 0x21, 0x74, 0x5F, 0x0D, 0x79,
	0x21, 0x00, 0x01, 0x34, 0x72, 0x04, 0x73, 0xE0, 0x7F, 0xCA, 0x20, 0xA1, 0x00, 0xE0, 0x78, 0xAD,
	0x08, 0x8E, 0xCD, 0x08, 0x00, 0x25, 0xED, 0x8D, 0x96, 0x45, 0x2A, 0x6D, 0x21, 0x37, 0x2E, 0xE0,
	0x78, 0x0D, 0x09, 0x38, 0x03, 0x64, 0xE4, 0x07, 0x4C, 0x71, 0x38, 0x7A, 0x0D, 0xB8, 0x4F, 0x22,
	0x41, 0x02, 0xA7, 0x0C, 0x76, 0x01, 0x00, 0x21, 0x55, 0x7B, 0x40, 0x21, 0xBE, 0x52, 0x40, 0xB0,
	0x24, 0x84, 0x7B, 0xFD, 0x2F, 0xA2, 0x22, 0x5D, 0x45, 0x47, 0x22, 0xF4, 0x8F, 0x21, 0x6F, 0x4E,
	0x2E, 0x9B, 0x30, 0x05, 0x47, 0xF2, 0x22, 0xA4, 0x3C, 0x00, 0x44, 0x90, 0x88, 0xE9, 0xF6, 0x10,
	0x01, 0x81, 0x84, 0xE9, 0xF8, 0x10, 0x00, 0x81, 0x1B, 0xE8, 0x60, 0x96, 0x01, 0xC1, 0x00, 0x97,
	0x14, 0x23, 0x42, 0x33, 0x02, 0xBB, 0x54, 0x79, 0xB4, 0x7B, 0x41, 0x91, 0x20, 0x91, 0x00, 0x23,
	0x83, 0x0F, 0x04, 0x00, 0x00, 0x10, 0x02, 0xB8, 0x7D, 0x7B, 0xD2, 0xBB, 0x10, 0x78, 0x92, 0x0C,
	0xE0, 0x05, 0x00, 0x1C, 0xC1, 0x30, 0x00, 0x97, 0x04, 0x71, 0x00, 0xB7, 0xB5, 0x71, 0xAD, 0x71,
	0xDC, 0xF5, 0x00, 0x96, 0x40, 0x26, 0x5E, 0x30, 0x04, 0x71, 0xA7, 0x0E, 0xB4, 0xB0, 0x00, 0xB6,
	0xA2, 0x2D, 0xEF, 0x27, 0x82, 0x24, 0x02, 0x21, 0xEF, 0x8F, 0x0C, 0x71, 0x00, 0x21, 0x81, 0x96,
	0xA0, 0x4C, 0x3E, 0x09, 0x68, 0x45, 0x48, 0x46, 0x40, 0xC1, 0x17, 0x0C, 0x7E, 0x10, 0x41, 0xC0,
	0x22, 0xEE, 0x41, 0x98, 0x01, 0x7E, 0x31, 0x22, 0x0B, 0x0F, 0x74, 0x63, 0x43, 0x00, 0x21, 0x8C,
	0x3A, 0x0F, 0xC9, 0x43, 0x10, 0x76, 0x82, 0xC0, 0xCA, 0x23, 0x01, 0x10, 0x30, 0x76, 0xED, 0x70,
	0x8A, 0x26, 0xC3, 0x3F, 0x6C, 0x01, 0x00, 0x09, 0x32, 0xF0, 0xBF, 0xE0, 0x54, 0x00, 0x0D, 0x00,
	0x01, 0xC3, 0xF4, 0x7B, 0x41, 0x8B, 0x26, 0xEA, 0x00, 0xC1, 0xAE, 0x78, 0x14, 0x79, 0x01, 0x89,
	0x20, 0xE8, 0x02, 0x5C, 0x33, 0x02, 0x80, 0x8B, 0x60, 0x89, 0x0E, 0x0C, 0x2C, 0x0C, 0xC1, 0x0F,
	0x10, 0x72, 0xCA, 0x22, 0x09, 0x00, 0x02, 0x23, 0xC0, 0x06, 0x0E, 0x78, 0x48, 0x4E, 0x27, 0x10,
	0x74, 0x0C, 0x33, 0x00, 0x22, 0xC1, 0x13, 0xCA, 0x24, 0x0B, 0x10, 0x41, 0xA9, 0x4F, 0x7A, 0x8F,
	0x78, 0x19, 0x08, 0xA4, 0x00, 0x80, 0xA9, 0x01, 0x19, 0x03, 0x00, 0x00, 0x19, 0xC3, 0x0F, 0x06,
	0xF0, 0x14, 0x23, 0xC0, 0x13, 0x00, 0x18, 0x84, 0x07, 0xE5, 0x71, 0xA5, 0x71, 0xBF, 0xE7, 0x9E,
	0x07, 0xEE, 0xFF, 0xB0, 0x78, 0x0C, 0x23, 0x80, 0x93, 0x22, 0x1C, 0x31, 0x09, 0xE8, 0x20, 0xA2,
	0x02, 0x01, 0x13, 0x80, 0x14, 0x01, 0x1E, 0x12, 0x10, 0xFF, 0x00, 0x0C, 0x70, 0x80, 0x5C, 0x19,
	0xA5, 0x1C, 0x05, 0x48, 0x33, 0x27, 0x8C, 0x03, 0x01, 0x3D, 0x41, 0xC2, 0x42, 0x45, 0xA7, 0x00,
	0x9D, 0x1C, 0x43, 0x21, 0x55, 0x34, 0x44, 0x0C, 0x64, 0x0F, 0x80, 0xA8, 0x1C, 0x00, 0x30, 0xA0,
	0x1C, 0x40, 0x30, 0x03, 0xC1, 0x02, 0xC0, 0xA4, 0x1C, 0xC0, 0x30, 0x9C, 0x4D, 0x01, 0x98, 0x4E,
	0x02, 0x08, 0xF2, 0x4C, 0x5C, 0x21, 0xD6, 0x69, 0x2E, 0x0A, 0x64, 0x59, 0x08, 0x02, 0xC1, 0x03,
	0xC0, 0xED, 0x70, 0x39, 0x20, 0x42, 0x00, 0x01, 0x5D, 0x04, 0x39, 0x4C, 0xAB, 0x4D, 0xDC, 0x3A,
	0x0F, 0xF9, 0x01, 0x6A, 0xAC, 0x4E, 0x05, 0x01, 0x69, 0x0F, 0x31, 0x4E, 0x00, 0xB0, 0x46, 0x01,
	0x0F, 0xF0, 0x21, 0x14, 0x43, 0x00, 0x16, 0x33, 0xC9, 0x45, 0x15, 0x20, 0x5B, 0x00, 0xB2, 0x0F,
	0x60, 0x05, 0x08, 0x13, 0x00, 0x34, 0x14, 0x70, 0x9A, 0xF4, 0x8C, 0x25, 0xBF, 0x1E, 0xE5, 0x71,
	0xAC, 0x14, 0x00, 0x30, 0xEF, 0x79, 0xDF, 0x09, 0x24, 0x80, 0x55, 0x24, 0x80, 0x39, 0xA8, 0x57,
	0x01, 0x06, 0xE8, 0xCB, 0x21, 0xD6, 0x2D, 0xCA, 0x09, 0x0C, 0x18, 0x00, 0x05, 0x11, 0xB9, 0x02,
	0xC6, 0x03, 0xC7, 0xAD, 0x71, 0x94, 0x1C, 0x05, 0x30, 0x16, 0xF0, 0x97, 0x14, 0x80, 0x30, 0x83,
	0x1E, 0x02, 0x10, 0xB0, 0x4C, 0x04, 0x0A, 0x97, 0x14, 0x81, 0x30, 0x55, 0x0D, 0x25, 0x10, 0x83,
	0x1F, 0x42, 0x10, 0x04, 0x5C, 0xFD, 0x0D, 0x04, 0x10, 0x0E, 0x04, 0x44, 0xC0, 0x04, 0x10, 0x0F,
	0x04, 0x44, 0xC0, 0x82, 0x17, 0xC1, 0x10, 0x22, 0x66, 0x47, 0x85, 0xC2, 0x0C, 0x1D, 0x09, 0xC3,
	0x30, 0x13, 0x49, 0xC1, 0x40, 0xE1, 0x41, 0x2E, 0x0E, 0xEF, 0xFF, 0x22, 0x1C, 0x36, 0xAC, 0x52,
	0x0E, 0x0B, 0x00, 0x0F, 0x08, 0xBF, 0x00, 0x85, 0xC0, 0x66, 0x0F, 0x20, 0x02, 0x2C, 0x70, 0x04,
	0xF0, 0x1E, 0x54, 0x12, 0x03, 0x85, 0xC0, 0x50, 0xE8, 0x50, 0xF0, 0x7D, 0x0F, 0x07, 0x5C, 0x75,
	0x22, 0x1E, 0x6E, 0x46, 0x09, 0x74, 0x1C, 0x6D, 0x1B, 0x73, 0x21, 0x34, 0x8B, 0x00, 0x0B, 0xAD,
	0x72, 0xCD, 0x70, 0x2D, 0xF0, 0xF5, 0x78, 0xA0, 0x80, 0x22, 0x80, 0x83, 0x15, 0x8C, 0x10, 0x83,
	0x11, 0x80, 0x00, 0x80, 0x11, 0x02, 0x01, 0x80, 0x15, 0x03, 0x11, 0x82, 0x5C, 0xDA, 0x09, 0x02,
	0x23, 0x9B, 0x00, 0x85, 0xC2, 0x2F, 0x23, 0xC5, 0x06, 0xC2, 0x0D, 0x22, 0xA7, 0x49, 0x83, 0x15,
	0x81, 0x03, 0x84, 0x0D, 0xA0, 0x01, 0x0C, 0x15, 0x06, 0xA4, 0xE8, 0x0C, 0x70, 0x55, 0x24, 0x82,
	0x39, 0x96, 0x4C, 0x16, 0x0D, 0x16, 0x7A, 0xE2, 0x4A, 0x14, 0x71, 0xC0, 0x21, 0xC1, 0x06, 0x14,
	0x71, 0x0C, 0x71, 0x82, 0x1A, 0x46, 0xFC, 0xF5, 0xC5, 0x8C, 0x20, 0x03, 0xCF, 0x7F, 0xA5, 0x0F,
	0x24, 0x90, 0x6D, 0x20, 0x0B, 0x45, 0x7C, 0x3A, 0x44, 0x07, 0x0B, 0x83, 0x10, 0x81, 0x00, 0x86,
	0xE8, 0x03, 0xC0, 0x8D, 0x25, 0x7F, 0x1E, 0x41, 0xC0, 0x85, 0x38, 0x3D, 0xEC, 0x54, 0x03, 0xF1,
	0xC0, 0x28, 0x43, 0x5E, 0x0C, 0x4E, 0x1A, 0x43, 0x17, 0x21, 0x96, 0x36, 0x19, 0x08, 0x01, 0x35,
	0x74, 0x0D, 0x9C, 0xE8, 0x0C, 0x00, 0x00, 0x0D, 0x4F, 0xD9, 0x4E, 0xD8, 0x10, 0xF0, 0x0B, 0xEB,
	0x54, 0x70, 0x06, 0xF0, 0x51, 0xD9, 0x05, 0xF0, 0x07, 0xEB, 0x75, 0x70, 0x4E, 0xD9, 0x50, 0xD8,
	0x06, 0xF0, 0x54, 0x70, 0x02, 0xF0, 0x75, 0x5E, 0x03, 0x51, 0xD8, 0x22, 0x6C, 0x86, 0x6C, 0xE2,
	0xAC, 0x40, 0x07, 0xA6, 0xC1, 0x14, 0x7B, 0x42, 0xC3, 0x08, 0x43, 0x02, 0xC0, 0x6C, 0x6D, 0x00,
	0x1E, 0x61, 0x88, 0x00, 0x88, 0x70, 0x70, 0xCC, 0x20, 0xC5, 0x83, 0x2A, 0x01, 0x26, 0x00, 0xAD,
	0x70, 0xF1, 0x73, 0x22, 0x01, 0x2E, 0x00, 0x40, 0x2F, 0x01, 0x12, 0xFF, 0xD8, 0x43, 0xC0, 0x6F,
	0x77, 0x41, 0xC0, 0x05, 0x21, 0xC0, 0x02, 0x44, 0xC0, 0x81, 0x9E, 0x00, 0x9E, 0x35, 0x0C, 0x22,
	0x10, 0x6C, 0xC9, 0x0A, 0x0F, 0x7A, 0x04, 0xC0, 0x40, 0x24, 0xDE, 0x35, 0xAF, 0x79, 0x8F, 0x7B,
	0x8A, 0x4C, 0x9C, 0x01, 0x00, 0x1C, 0x80, 0x37, 0x22, 0x95, 0x9C, 0x17, 0x5E, 0x1D, 0x0C, 0x23,
	0x09, 0x80, 0x01, 0x07, 0xC5, 0x26, 0xC5, 0x36, 0x08, 0x50, 0x06, 0x40, 0x00, 0x41, 0xC0, 0x83,
	0x9E, 0x02, 0x9E, 0x33, 0x7F, 0x06, 0x23, 0x80, 0x37, 0xBD, 0x06, 0xDF, 0x5D, 0x06, 0x00, 0x21,
	0xB5, 0xB4, 0x52, 0x44, 0x07, 0x01, 0x8F, 0x7B, 0x18, 0x43, 0x95, 0x06, 0x26, 0x97, 0x06, 0x23,
	0x85, 0x37, 0xB5, 0x06, 0xA5, 0x06, 0x4C, 0xE5, 0x90, 0x0F, 0xBA, 0xFF, 0x08, 0xE6, 0x22, 0x2C,
	0x95, 0x00, 0x2F, 0x17, 0x09, 0xC5, 0x03, 0x02, 0xC0, 0x01, 0x88, 0x0F, 0x0F, 0x25, 0x10, 0xF2,
	0x48, 0x30, 0x4F, 0x09, 0x20, 0x80, 0x00, 0x43, 0xC0, 0x01, 0xC3, 0x40, 0x23, 0x41, 0x10, 0x40,
	0xDD, 0x09, 0x23, 0xDE, 0x02, 0x1F, 0x21, 0x43, 0x00, 0x11, 0x12, 0x0C, 0x37, 0x02, 0x25, 0xCD,
	0x12, 0x80, 0xDA, 0x1A, 0x25, 0x41, 0x13, 0xE2, 0x7A, 0x4C, 0x7A, 0x8C, 0x7B, 0x10, 0xCC, 0x8C,
	0x79, 0x00, 0x16, 0x8E, 0x23, 0x6E, 0x50, 0x0C, 0x7A, 0x0F, 0x26, 0xC0, 0xB0, 0xCA, 0x5C, 0x35,
	0x00, 0x2F, 0x30, 0x73, 0xCA, 0x21, 0xC5, 0x00, 0x4E, 0x23, 0xCB, 0x1F, 0x50, 0x71, 0xCA, 0x22,
	0x45, 0x00, 0x09, 0x26, 0xC3, 0x32, 0x13, 0x0E, 0x3F, 0x10, 0x40, 0x41, 0x21, 0x6F, 0x2A, 0x79,
	0x0C, 0x79, 0x30, 0x72, 0xCA, 0x21, 0x85, 0x00, 0x03, 0xC0, 0x6F, 0x7D, 0x0F, 0x7A, 0xC3, 0x40,
	0xFF, 0x00, 0xFF, 0xFF, 0x10, 0x71, 0xCA, 0x20, 0x45, 0x00, 0x5D, 0x65, 0x08, 0xB8, 0x05, 0x7D,
	0xA1, 0x40, 0xA6, 0x27, 0x2C, 0x90, 0x6C, 0xAC, 0x01, 0x2C, 0x04, 0xE0, 0x88, 0x66, 0x96, 0x6C,
	0x70, 0x22, 0x3C, 0x63, 0x00, 0x02, 0x82, 0x0A, 0xEF, 0x71, 0x27, 0xF0, 0x5A, 0x23, 0x8C, 0x04,
	0x4C, 0x70, 0xB9, 0x64, 0x00, 0x19, 0x84, 0x07, 0x1E, 0xF0, 0x24, 0x3C, 0x2C, 0xAC, 0x9F, 0x0E,
	0x00, 0x01, 0x00, 0x90, 0x0F, 0x7E, 0x15, 0x0A, 0xA1, 0x03, 0x00, 0x2F, 0x8E, 0x33, 0x00, 0x89,
	0x0F, 0x4E, 0x19, 0x00, 0xA9, 0x44, 0x40, 0x00, 0x0F, 0x89, 0x04, 0x71, 0x01, 0xA9, 0x0F, 0x78,
	0x14, 0x24, 0x00, 0x10, 0xB8, 0x60, 0x41, 0xA8, 0xC0, 0xA8, 0x44, 0x71, 0xC9, 0x0A, 0x14, 0x82,
	0x64, 0x71, 0xB7, 0x0B, 0xE4, 0x83, 0x40, 0x2B, 0x0B, 0x03, 0x5D, 0x0D, 0xC3, 0x22, 0x4D, 0x56,
	0x03, 0x84, 0x77, 0x0B, 0x28, 0x45, 0x6D, 0x23, 0x83, 0x09, 0x13, 0x0B, 0x70, 0x00, 0x08, 0x46,
	0x11, 0x0B, 0x22, 0x8E, 0xB5, 0x83, 0x00, 0x21, 0xE5, 0xAB, 0x1A, 0x0D, 0x41, 0x04, 0x55, 0x00,
	0xC3, 0x21, 0x16, 0x47, 0xC0, 0x30, 0x0C, 0x00, 0x00, 0x07, 0x81, 0x30, 0x46, 0x0E, 0xA0, 0x01,
	0xC1, 0x42, 0x03, 0xE8, 0xC6, 0xC7, 0x02, 0x14, 0x83, 0x30, 0x03, 0x14, 0x8C, 0x30, 0x79, 0x64,
	0x3D, 0x7A, 0x6C, 0x4C, 0x77, 0x0E, 0x40, 0xAD, 0x00, 0x26, 0x4B, 0x10, 0x5C, 0x64, 0x9D, 0x79,
	0x6C, 0x24, 0x0F, 0x10, 0x00, 0x13, 0x8C, 0x4C, 0x87, 0x00, 0x1C, 0x8B, 0x10, 0x22, 0xAD, 0xDF,
	0x67, 0x00, 0x23, 0x01, 0x13, 0x3D, 0x79, 0x21, 0xAD, 0x81, 0x8F, 0x20, 0x8F, 0x5B, 0x63, 0x7D,
	0x7A, 0x99, 0x61, 0x6C, 0x23, 0x03, 0x00, 0x3D, 0x79, 0xDB, 0x63, 0x44, 0xAD, 0x23, 0xAD, 0x40,
	0x8B, 0x21, 0x8B, 0x59, 0x61, 0x3D, 0x79, 0x25, 0xAD, 0x22, 0x9C, 0x5A, 0x01, 0x1B, 0x79, 0xE4,
	0xD8, 0x6E, 0xC3, 0x39, 0x78, 0x0C, 0x98, 0x5C, 0xC0, 0x0E, 0x78, 0x53, 0x20, 0x43, 0x01, 0x6D,
	0x20, 0x82, 0x01, 0xAD, 0x20, 0xC1, 0x01, 0x58, 0x60, 0x61, 0xA9, 0x5C, 0xBB, 0x03, 0xA9, 0x40,
	0xD9, 0x1D, 0x7B, 0x53, 0x0C, 0x9D, 0x05, 0x24, 0x78, 0x84, 0x23, 0x07, 0x00, 0x58, 0x60, 0x55,
	0xC5, 0x60, 0xFC, 0x91, 0x0C, 0x06, 0x34, 0x4B, 0xC3, 0x4E, 0xC1, 0x0B, 0xC1, 0x49, 0x1C, 0x18,
	0x30, 0x0C, 0x70, 0xB4, 0x55, 0x87, 0x59, 0x45, 0x01, 0x58, 0x4D, 0x00, 0x57, 0x4D, 0x00, 0x56,
	0x4C, 0x00, 0x02, 0x6D, 0x22, 0x00, 0x02, 0x62, 0x5F, 0x8F, 0x55, 0xC0, 0x5E, 0x21, 0x7D, 0x65,
	0x50, 0x44, 0x02, 0x24, 0xDD, 0x27, 0x0D, 0x21, 0xFB, 0x61, 0x0C, 0x71, 0x41, 0x0A, 0xAD, 0x01,
	0x48, 0x4F, 0x02, 0x26, 0x78, 0xB8, 0x4E, 0x07, 0x6A, 0x0B, 0x0C, 0xF7, 0x21, 0x2E, 0x8E, 0xE8,
	0x44, 0x4F, 0x06, 0x23, 0xB8, 0x52, 0x5C, 0xAA, 0x64, 0x0A, 0x04, 0x69, 0x14, 0x00, 0x36, 0x58,
	0xC0, 0xB4, 0x4D, 0x6E, 0x79, 0x0A, 0x07, 0x00, 0x46, 0x8F, 0x04, 0x14, 0x70, 0xB8, 0x5C, 0x01,
	0x03, 0xC0, 0x78, 0x15, 0x0B, 0xF1, 0x30, 0x66, 0x07, 0x0B, 0xC0, 0x22, 0xDE, 0x9C, 0x04, 0x71,
	0x6D, 0x09, 0x40, 0x4C, 0xCE, 0x06, 0xA0, 0x88, 0xE5, 0x10, 0x8E, 0x80, 0x01, 0x6A, 0xA4, 0x4C,
	0x03, 0x0D, 0x18, 0xC0, 0x0E, 0xC2, 0x0B, 0xC3, 0x42, 0xC0, 0x15, 0xC0, 0x40, 0xC2, 0x49, 0x14,
	0x02, 0x36, 0x22, 0x4F, 0xA9, 0xAA, 0x01, 0x05, 0x0A, 0x21, 0x0D, 0xA0, 0x5F, 0x85, 0x0E, 0xC0,
	0x78, 0x4F, 0x6B, 0x63, 0xB8, 0x47, 0x45, 0x07, 0x15, 0x5D, 0x0A, 0x47, 0x57, 0x0D, 0x0F, 0x78,
	0x7C, 0x21, 0xA7, 0xBF, 0x25, 0x78, 0xD8, 0x57, 0x07, 0x05, 0xF2, 0xD8, 0x46, 0x0D, 0x89, 0xE8,
	0xA4, 0x91, 0x00, 0x01, 0xE7, 0x00, 0xE0, 0xB8, 0x0C, 0x70, 0x54, 0xC0, 0x05, 0xF2, 0x7E, 0x0E,
	0x80, 0x03, 0x0C, 0x71, 0x54, 0xC0, 0x6A, 0x5C, 0x05, 0x0D, 0x78, 0x23, 0x01, 0x30, 0x4F, 0xDC,
	0x4C, 0x1C, 0x18, 0x30, 0x0B, 0xC0, 0x50, 0xDB, 0xC5, 0x7D, 0x65, 0xF2, 0x94, 0x94, 0x12, 0x00,
	0x03, 0x4E, 0x1C, 0x58, 0x33, 0x4E, 0xDD, 0x05, 0x23, 0x3E, 0xB0, 0x18, 0xC0, 0x94, 0x14, 0x0F,
	0x30, 0x78, 0x23, 0x8E, 0x30, 0x78, 0x54, 0x18, 0x08, 0x4E, 0xD8, 0x51, 0xC0, 0x4F, 0xD8, 0x4A,
	0xC0, 0x50, 0xD8, 0xBC, 0x5F, 0x04, 0x51, 0xD8, 0xC0, 0x55, 0x00, 0x94, 0x5C, 0x0C, 0x06, 0x04,
	0x79, 0x12, 0x6A, 0xC5, 0x22, 0x61, 0x00, 0x88, 0x5E, 0x01, 0x54, 0x70, 0x07, 0x09, 0x1C, 0x74,
	0x0B, 0x46, 0x78, 0x8B, 0x80, 0x0D, 0x0D, 0x41, 0x23, 0x05, 0x58, 0x45, 0x4C, 0x0C, 0x06, 0x24,
	0x78, 0x9D, 0x73, 0x05, 0x20, 0xCC, 0x82, 0xC0, 0x5E, 0x05, 0x7C, 0x70, 0x65, 0x07, 0x78, 0x06,
	0xC6, 0x30, 0x46, 0x46, 0x03, 0xA4, 0x14, 0x74, 0x06, 0x02, 0x51, 0xDB, 0x04, 0x77, 0x54, 0x54,
	0x01, 0x24, 0xDD, 0x5A, 0xC8, 0x5C, 0x03, 0x22, 0x6C, 0xAE, 0x74, 0x0B, 0x06, 0x24, 0x78, 0x85,
	0x78, 0x45, 0x14, 0x01, 0x36, 0x44, 0x55, 0x03, 0x4F, 0x0E, 0x16, 0x75, 0x44, 0x4D, 0x17, 0xC4,
	0x05, 0x80, 0x7E, 0x05, 0x3A, 0x4D, 0x47, 0x02, 0xC5, 0x78, 0x4F, 0x55, 0x00, 0xBC, 0x5C, 0x04,
	0x05, 0x75, 0x70, 0xBD, 0x73, 0x95, 0x70, 0x7C, 0x70, 0x6D, 0x13, 0x88, 0x8E, 0x0A, 0xCB, 0x47,
	0x6D, 0x09, 0xCA, 0x21, 0x6E, 0x6D, 0x75, 0x70, 0x6C, 0x13, 0x22, 0x04, 0x21, 0x01, 0x95, 0x70,
	0xE5, 0x71, 0xAC, 0x01, 0x03, 0xE1, 0x00, 0xC4, 0x1C, 0xC0, 0x33, 0x6D, 0x01, 0x0C, 0x21, 0xEC,
	0x90, 0x08, 0x18, 0x79, 0x0C, 0xC0, 0x02, 0xB9, 0x0F, 0x21, 0x0D, 0x00, 0x4E, 0x5F, 0x0B, 0x0B,
	0x7D, 0x0C, 0x4F, 0x33, 0x00, 0x00, 0xD4, 0x57, 0x03, 0x07, 0xF4, 0xD4, 0x54, 0x09, 0x03, 0x14,
	0x70, 0xA6, 0x01, 0x42, 0x00, 0x00, 0x3E, 0x23, 0x67, 0xB8, 0x6B, 0x0B, 0x8A, 0x21, 0xDE, 0x25,
	0x0C, 0x73, 0x7C, 0x3B, 0x05, 0x0B, 0xC1, 0x56, 0x24, 0xC2, 0x3A, 0x42, 0xC0, 0x6C, 0x3B, 0x03,
	0x56, 0x24, 0x03, 0x3B, 0x0F, 0x78, 0x5C, 0xA8, 0x21, 0xE5, 0xA4, 0xE4, 0x4D, 0x07, 0x4C, 0x4F,
	0x09, 0x40, 0xC0, 0x86, 0x21, 0x95, 0x46, 0xE4, 0x54, 0x03, 0x24, 0xF6, 0x59, 0x21, 0x80, 0x6C,
	0x01, 0x0D, 0x15, 0xC2, 0x66, 0x0B, 0x60, 0x02, 0x15, 0xC3, 0x0B, 0xC0, 0x14, 0x72, 0x7F, 0xD8,
	0x53, 0xF7, 0x24, 0x74, 0x9A, 0x02, 0x06, 0x00, 0xB3, 0x1C, 0x02, 0x44, 0x1F, 0x6F, 0xE3, 0x80,
	0xD8, 0x42, 0x46, 0x1B, 0x3C, 0x21, 0x23, 0xCC, 0xB2, 0x02, 0x0C, 0x18, 0xF0, 0x13, 0xF4, 0x24,
	0x4D, 0x29, 0x96, 0xAD, 0x04, 0x71, 0x6D, 0xE5, 0xD4, 0x8D, 0x04, 0x6D, 0x21, 0x8C, 0x24, 0x66,
	0x06, 0x08, 0xF0, 0x28, 0xF4, 0x00, 0x74, 0x03, 0x21, 0xDE, 0x3A, 0xC1, 0x0B, 0x45, 0xEF, 0x56,
	0x0D, 0xE5, 0x3A, 0x07, 0x21, 0xAF, 0x78, 0x90, 0x4C, 0x02, 0x0B, 0x41, 0xC1, 0x0E, 0xC1, 0x90,
	0x14, 0x03, 0x30, 0x62, 0x09, 0x60, 0x00, 0x99, 0xC0, 0x6C, 0x2F, 0x02, 0x4F, 0xDC, 0x51, 0xDA,
	0x5B, 0x45, 0xBF, 0x4F, 0x55, 0x16, 0x64, 0x57, 0xD7, 0x68, 0x1C, 0x41, 0x54, 0x1D, 0x6C, 0x1E,
	0x0A, 0xCA, 0x22, 0x01, 0x03, 0x4E, 0xDC, 0x1B, 0x79, 0x1B, 0x7B, 0x29, 0xD8, 0xE8, 0x4D, 0x07,
	0x42, 0x57, 0x19, 0xD0, 0x1C, 0x80, 0x0E, 0x7B, 0x77, 0x4A, 0x55, 0x0E, 0xC8, 0x45, 0x04, 0xDC,
	0x55, 0x02, 0xC4, 0x5D, 0x00, 0xE0, 0x5F, 0x00, 0x50, 0xD8, 0x8C, 0x9E, 0x2A, 0x01, 0x03, 0x7C,
	0x00, 0x77, 0x34, 0x44, 0x20, 0x4C, 0x06, 0xB3, 0x6B, 0xCC, 0x55, 0x01, 0x8C, 0x44, 0x0E, 0x67,
	0x3F, 0x1C, 0x73, 0x4D, 0x9F, 0x02, 0x4B, 0x80, 0xD0, 0x9D, 0x40, 0xD0, 0x4C, 0x03, 0x6C, 0x37,
	0x02, 0x95, 0x70, 0x1C, 0x72, 0x8C, 0x8F, 0x38, 0x5C, 0x70, 0x8C, 0xDC, 0x37, 0x4E, 0x02, 0x71,
	0xCC, 0x8E, 0x02, 0x3C, 0x70, 0x6C, 0x08, 0x02, 0x44, 0x25, 0x40, 0x91, 0x51, 0x5D, 0x0E, 0xE8,
	0x67, 0x13, 0x20, 0x22, 0x0A, 0x67, 0x12, 0x0F, 0xC1, 0x48, 0x5C, 0x09, 0x02, 0x10, 0x71, 0x04,
	0x00, 0x66, 0x55, 0x19, 0x4F, 0x4F, 0x01, 0xCC, 0x14, 0x0D, 0x05, 0x23, 0xB8, 0x6E, 0x09, 0x50,
	0xC0, 0x6C, 0x0C, 0x01, 0x4D, 0xC0, 0x49, 0xF4, 0x75, 0x47, 0x46, 0x76, 0x3A, 0x79, 0x16, 0x21,
	0xA4, 0xB4, 0x07, 0x14, 0x70, 0x50, 0xD8, 0x4D, 0xC0, 0x0D, 0xC1, 0x4E, 0xD8, 0x22, 0xA6, 0x36,
	0x4D, 0xC1, 0x0F, 0x94, 0x51, 0xD9, 0x50, 0x23, 0xD5, 0x36, 0x0F, 0x05, 0xB6, 0xC1, 0x74, 0x3E,
	0x05, 0x1B, 0x7D, 0x2F, 0xF0, 0x94, 0x14, 0x01, 0x30, 0xAD, 0x06, 0x17, 0x4E, 0x06, 0x51, 0xD9,
	0x0F, 0x09, 0x14, 0x70, 0x4F, 0x86, 0x06, 0x50, 0xD8, 0x07, 0x16, 0x4D, 0xC1, 0x10, 0xDC, 0x07,
	0x27, 0xCC, 0x00, 0x00, 0x06, 0x78, 0xA1, 0x68, 0x13, 0xF0, 0x0B, 0xC0, 0x0F, 0x08, 0xB1, 0x00,
	0xAD, 0x74, 0x0A, 0xC0, 0x50, 0xC0, 0x4E, 0xD8, 0x0A, 0xF0, 0xC3, 0x41, 0xAB, 0x4C, 0xFC, 0x03,
	0x56, 0x0E, 0x6F, 0xFE, 0x0C, 0x70, 0x6F, 0x02, 0x11, 0xC0, 0x4D, 0x46, 0x2D, 0x53, 0xC0, 0x0C,
	0xD5, 0x24, 0xBE, 0xBE, 0x0C, 0x01, 0x04, 0x15, 0x0D, 0x0C, 0x70, 0x03, 0xAA, 0x4B, 0x1A, 0x02,
	0x00, 0x1B, 0xF2, 0x18, 0xC0, 0xD8, 0x14, 0x0C, 0x30, 0xE4, 0x03, 0x01, 0x03, 0xAA, 0xAF, 0x7B,
	0x24, 0xB4, 0x45, 0x21, 0xDE, 0x8E, 0x24, 0x81, 0x5E, 0x00, 0xB3, 0x00, 0xAE, 0x03, 0x0F, 0x01,
	0x66, 0xAC, 0x40, 0xC4, 0x0E, 0x17, 0x0C, 0x70, 0x64, 0x3E, 0xB4, 0x04, 0x47, 0x06, 0x18, 0x43,
	0x00, 0x64, 0x81, 0x07, 0x14, 0x75, 0xE8, 0x06, 0x06, 0x00, 0xEA, 0x0D, 0x80, 0x00, 0x65, 0x13,
	0x53, 0x54, 0x0A, 0x0A, 0x01, 0x30, 0xAF, 0x78, 0xD6, 0x0B, 0x20, 0x04, 0x56, 0xC0, 0x51, 0xC0,
	0xB3, 0x07, 0x38, 0x57, 0xC0, 0x32, 0xC5, 0x0B, 0x4A, 0x4C, 0x12, 0x22, 0x74, 0x59, 0x7C, 0x3D,
	0x05, 0x06, 0x79, 0xAB, 0x09, 0x3E, 0x00, 0x7F, 0xDA, 0x7D, 0x54, 0x6B, 0x09, 0xB5, 0x88, 0xBF,
	0x00, 0x02, 0x10, 0x9B, 0x00, 0x9E, 0x00, 0x12, 0xC0, 0x5F, 0x26, 0x8D, 0x12, 0x28, 0x14, 0x1F,
	0x30, 0x14, 0x72, 0x17, 0xC0, 0xCB, 0x43, 0x00, 0x80, 0x1A, 0x01, 0x56, 0x24, 0x41, 0x3B, 0x10,
	0x4A, 0xC0, 0x23, 0x6E, 0x10, 0x00, 0x27, 0x1F, 0x30, 0x3D, 0x65, 0x35, 0x25, 0x67, 0xBB, 0x9C,
	0x0B, 0x5B, 0x21, 0xA8, 0x82, 0x0B, 0x40, 0x2E, 0x00, 0x13, 0x0D, 0xC7, 0x4A, 0x24, 0x80, 0x72,
	0x05, 0x7F, 0x07, 0xC8, 0x6C, 0xD5, 0x09, 0xA1, 0x42, 0xA8, 0x20, 0x40, 0x08, 0x05, 0x27, 0x81,
	0x17, 0x05, 0x79, 0x28, 0xB4, 0x45, 0x00, 0x0F, 0x17, 0xC4, 0x2F, 0x7B, 0x7C, 0x64, 0x8C, 0x24,
	0x02, 0x90, 0x20, 0xAA, 0x84, 0xF7, 0x00, 0x1A, 0xC2, 0x07, 0x0C, 0xF0, 0x00, 0x13, 0xCC, 0x10,
	0x0D, 0x0B, 0x23, 0x03, 0x8F, 0x7B, 0x00, 0x1A, 0x03, 0x4C, 0xCB, 0x0F, 0x62, 0x79, 0x20, 0xAA,
	0x56, 0x26, 0x1E, 0x38, 0x44, 0x71, 0x0A, 0xE5, 0xC5, 0x71, 0x9D, 0x0B, 0x85, 0xB3, 0x22, 0x3E,
	0x5D, 0x80, 0x84, 0x7C, 0x13, 0x05, 0x1C, 0x63, 0xFA, 0x0A, 0x6F, 0xFE, 0x2C, 0x70, 0xBE, 0x19,
	0x0F, 0x01, 0x22, 0x56, 0x28, 0xD5, 0xF0, 0x06, 0x52, 0xE1, 0x08, 0x0B, 0x25, 0x0B, 0xC0, 0x17,
	0x54, 0x31, 0x07, 0x4C, 0x73, 0x0A, 0xC0, 0x0F, 0x79, 0xBE, 0x0B, 0xAF, 0xFE, 0x7E, 0x6E, 0x64,
	0xF0, 0xB5, 0x1A, 0xE1, 0xF6, 0x1B, 0x88, 0x5F, 0x05, 0x24, 0x12, 0x05, 0x2E, 0x9B, 0x84, 0x17,
	0x02, 0x07, 0x12, 0x1F, 0x36, 0x41, 0x6F, 0xC0, 0x24, 0x40, 0x3B, 0x21, 0x2C, 0x6C, 0x0A, 0xF0,
	0x85, 0x0B, 0xEE, 0x33, 0x40, 0x2F, 0x0B, 0x13, 0x11, 0xC1, 0x26, 0xE9, 0x6C, 0x19, 0x7C, 0x18,
	0x08, 0x08, 0x45, 0xA8, 0x20, 0xC0, 0x07, 0x13, 0xC1, 0x0D, 0xC2, 0x05, 0x4C, 0xF8, 0x0B, 0x80,
	0x8D, 0x34, 0x70, 0x05, 0x23, 0xC3, 0x07, 0x0A, 0xC1, 0x65, 0x7A, 0xCB, 0x46, 0x4E, 0xED, 0x00,
	0x5B, 0x4C, 0xD7, 0x08, 0xC5, 0x7A, 0x20, 0xB2, 0x0A, 0xF2, 0x10, 0xC1, 0x40, 0x8D, 0x65, 0x4C,
	0x1D, 0x05, 0x25, 0x7E, 0x0A, 0xC1, 0x3A, 0x62, 0x40, 0xB6, 0x6E, 0x18, 0xA5, 0x71, 0x45, 0x79,
	0xC1, 0x21, 0x77, 0xA4, 0x17, 0xC3, 0x43, 0x55, 0x05, 0x1E, 0x04, 0x0F, 0x05, 0x0D, 0xC1, 0x05,
	0x21, 0xC1, 0x02, 0x3B, 0x7A, 0x67, 0x08, 0x20, 0xB2, 0x08, 0x54, 0x06, 0x2A, 0x3C, 0x00, 0x02,
	0x0A, 0xE0, 0xE5, 0x71, 0x41, 0x5C, 0x57, 0x00, 0x06, 0x77, 0x09, 0xE5, 0x83, 0x2C, 0x70, 0xC3,
	0x40, 0x04, 0x00, 0xE0, 0x93, 0x2A, 0x0F, 0x80, 0x02, 0x07, 0xC8, 0xED, 0x70, 0x54, 0x24, 0x9B,
	0x3C, 0xAD, 0xFC, 0x03, 0x21, 0xCE, 0xC4, 0xE0, 0xB0, 0x06, 0xF6, 0x0A, 0xC0, 0x0C, 0xFB, 0x0C,
	0x16, 0xC3, 0x59, 0xC0, 0x14, 0xC0, 0x56, 0x24, 0xCE, 0x3A, 0x18, 0x1C, 0xC0, 0x36, 0x45, 0x44,
	0xC8, 0x04, 0x43, 0xC6, 0x40, 0xC7, 0x44, 0xC0, 0x98, 0x57, 0x1F, 0x42, 0xC0, 0x49, 0x65, 0xC5,
	0x7D, 0xA5, 0x27, 0xF2, 0x23, 0xB4, 0xB1, 0x22, 0x36, 0x2A, 0x38, 0xE8, 0x75, 0x6A, 0x90, 0x5F,
	0x44, 0x5C, 0xC0, 0x1A, 0x22, 0x47, 0x2A, 0x71, 0x0E, 0xC0, 0x76, 0x01, 0x14, 0xC3, 0x24, 0x06,
	0x9E, 0x14, 0xC0, 0x0F, 0x16, 0x16, 0xC3, 0x45, 0x8E, 0x08, 0x4C, 0x73, 0x7E, 0x0A, 0x42, 0xC0,
	0xAE, 0x08, 0x44, 0xC7, 0x07, 0x17, 0x41, 0xC5, 0xAA, 0x46, 0x09, 0x40, 0xC7, 0xAD, 0x06, 0x50,
	0x56, 0xD5, 0xE6, 0x0F, 0x02, 0x9E, 0x14, 0xC3, 0x76, 0x01, 0xCA, 0x08, 0x56, 0x09, 0x70, 0x51,
	0x54, 0x0E, 0x09, 0x04, 0xE8, 0x26, 0xD8, 0x03, 0xF0, 0x27, 0xD8, 0x5C, 0xC0, 0x0A, 0xC1, 0x22,
	0x2F, 0x2A, 0x19, 0x61, 0x4A, 0x0D, 0x2B, 0xC1, 0x04, 0x93, 0x07, 0x10, 0x71, 0x52, 0x06, 0xEE,
	0xFF, 0x8A, 0x22, 0x14, 0x0A, 0xA6, 0x32, 0x01, 0x88, 0x06, 0x05, 0x52, 0xC0, 0xEF, 0x49, 0x12,
	0xC7, 0x52, 0x5D, 0x31, 0x12, 0x0D, 0x0C, 0x7A, 0xFD, 0x35, 0xF8, 0x44, 0x3C, 0x7E, 0x07, 0x10,
	0x49, 0x07, 0xB1, 0x12, 0xC0, 0x5F, 0x21, 0x8D, 0xA8, 0xF4, 0x45, 0x02, 0xDC, 0x47, 0x02, 0x58,
	0x60, 0x9C, 0x45, 0x01, 0xE0, 0x85, 0x01, 0xA0, 0x45, 0x01, 0x17, 0x54, 0xB0, 0x75, 0x39, 0x9C,
	0x45, 0x02, 0xEC, 0x5D, 0x01, 0xA0, 0x5D, 0x00, 0x11, 0x21, 0xDD, 0xC8, 0xF0, 0x4D, 0x01, 0x52,
	0x45, 0x12, 0x11, 0x0C, 0x71, 0x0D, 0x83, 0xEE, 0xF2, 0x5A, 0x27, 0x80, 0x12, 0x40, 0xD9, 0xF4,
	0x14, 0x1B, 0x30, 0xEF, 0x70, 0x4B, 0xDE, 0xD1, 0x05, 0x29, 0x05, 0xC4, 0xEC, 0x5D, 0x00, 0xFC,
	0x45, 0x05, 0xF0, 0x5C, 0x00, 0x02, 0x53, 0x1C, 0x58, 0x30, 0x40, 0x4D, 0x03, 0x4B, 0x56, 0x06,
	0x56, 0xC0, 0x21, 0xFC, 0x5B, 0x00, 0x2D, 0x16, 0x9F, 0x23, 0x0D, 0x14, 0x16, 0xC0, 0xAD, 0x77,
	0x6C, 0x70, 0x0F, 0x78, 0x2C, 0x70, 0xCD, 0x70, 0x4C, 0x70, 0x00, 0x23, 0x8B, 0x1F, 0x00, 0x80,
	0x98, 0x65, 0x4A, 0xC0, 0x15, 0xF0, 0x01, 0x13, 0x81, 0x14, 0x0D, 0xEB, 0x90, 0xE9, 0xD1, 0x4A,
	0x13, 0x4C, 0x3B, 0x79, 0x17, 0x09, 0xE3, 0x00, 0x6C, 0x70, 0x2C, 0x70, 0x08, 0x46, 0x81, 0x42,
	0x07, 0xF0, 0x05, 0xE9, 0x6C, 0x71, 0x22, 0xAD, 0x74, 0x6C, 0x21, 0xDC, 0x81, 0x66, 0xAA, 0xA9,
	0x44, 0x0E, 0x84, 0x10, 0x75, 0x0A, 0xC6, 0xA7, 0xF7, 0x04, 0x0B, 0x0C, 0x0C, 0xEB, 0x4A, 0x14,
	0x03, 0x36, 0x3B, 0x7C, 0x02, 0x7B, 0x0D, 0x0C, 0xC3, 0x10, 0x4A, 0x46, 0x29, 0x60, 0x41, 0x21,
	0x5C, 0x83, 0x54, 0x04, 0x05, 0xA5, 0xDD, 0x05, 0xBD, 0x02, 0x7A, 0x10, 0x71, 0x64, 0x10, 0x00,
	0x12, 0xCA, 0x26, 0x89, 0x10, 0x56, 0x24, 0x42, 0x3B, 0x0C, 0xC1, 0x58, 0x60, 0x53, 0xC0, 0x0F,
	0xC0, 0xAC, 0x79, 0xBB, 0x7D, 0xE1, 0x43, 0xAC, 0x78, 0x84, 0xDC, 0x9A, 0x23, 0x14, 0x0A, 0x1A,
	0x27, 0x0C, 0x33, 0x19, 0x61, 0x22, 0x8C, 0x36, 0x09, 0x3B, 0x63, 0x98, 0x63, 0xFC, 0x14, 0x0D,
	0x30, 0x40, 0x14, 0x0C, 0x36, 0x24, 0x46, 0xBC, 0x4C, 0x0E, 0x66, 0x58, 0xC0, 0xB0, 0x05, 0xB0,
	0x01, 0x06, 0xAC, 0xC2, 0x54, 0x4E, 0x09, 0xC3, 0x41, 0x6C, 0x16, 0x01, 0x9F, 0x22, 0x0D, 0x04,
	0x08, 0xE0, 0x0F, 0x30, 0xD8, 0x60, 0x0F, 0x78, 0x1B, 0x62, 0x29, 0x63, 0x18, 0xC3, 0x22, 0xEB,
	0x29, 0xE9, 0x5F, 0x20, 0xC0, 0x04, 0x4E, 0x4C, 0x6D, 0x5E, 0x3C, 0x49, 0x09, 0x09, 0x2B, 0x4A,
	0x25, 0x5C, 0xBD, 0x08, 0x1C, 0x63, 0x21, 0x09, 0xF1, 0x00, 0x61, 0x88, 0x22, 0x88, 0xAC, 0x8F,
	0x2D, 0x02, 0x23, 0x0B, 0x08, 0x32, 0x4C, 0x09, 0x05, 0x22, 0x78, 0x71, 0x70, 0x17, 0xC0, 0x12,
	0xF6, 0x94, 0x33, 0x00, 0x3D, 0x4B, 0x0D, 0xF0, 0x81, 0xB9, 0x34, 0x73, 0x7F, 0xD9, 0x27, 0xF4,
	0x7F, 0xD8, 0x2C, 0x70, 0x10, 0xF0, 0x7F, 0xD9, 0x0C, 0x70, 0x04, 0xF0, 0x17, 0xC0, 0x40, 0x41,
	0x2D, 0x7B, 0x0D, 0x7A, 0x62, 0x7A, 0x8A, 0x23, 0xC1, 0x1F, 0x54, 0x75, 0xCA, 0x21, 0xCB, 0x02,
	0xCA, 0x20, 0x2B, 0x00, 0x11, 0xC2, 0x20, 0xAD, 0x00, 0xAC, 0x0C, 0xEA, 0x0F, 0x7A, 0x15, 0x0A,
	0x44, 0x00, 0x13, 0xC2, 0x32, 0x22, 0xC2, 0x07, 0x58, 0x60, 0x59, 0x61, 0x00, 0xAC, 0x20, 0xAD,
	0xA5, 0x72, 0x85, 0x72, 0x22, 0x14, 0x3D, 0x22, 0xC7, 0x46, 0xEC, 0xF1, 0xFC, 0x54, 0x0B, 0x02,
	0xE7, 0x71, 0x67, 0x71, 0x55, 0x54, 0x89, 0x7D, 0x33, 0x40, 0x45, 0x0F, 0x4C, 0x0D, 0x70, 0xB2,
	0x7C, 0x01, 0x6C, 0x34, 0x21, 0xB6, 0xB3, 0x71, 0x60, 0x21, 0x26, 0x70, 0x56, 0xC0, 0x66, 0x38,
	0xE5, 0x71, 0x22, 0x6D, 0x79, 0xEC, 0xDC, 0x38, 0x6C, 0x01, 0x75, 0x3F, 0xF4, 0x4E, 0x01, 0x0A,
	0xE0, 0x7D, 0x46, 0xF8, 0x6C, 0x15, 0x03, 0x77, 0xF4, 0x05, 0xCE, 0xFF, 0xBF, 0x25, 0xE4, 0x69,
	0x4C, 0x4E, 0x23, 0x76, 0x78, 0xA2, 0xF2, 0x7D, 0x46, 0x6F, 0x54, 0xB5, 0x7D, 0x46, 0x51, 0x5C,
	0x68, 0x21, 0xC5, 0x24, 0x32, 0x22, 0x3C, 0x23, 0x01, 0x2B, 0x78, 0x87, 0xF4, 0x77, 0x66, 0x78,
	0x23, 0x41, 0xDC, 0x01, 0x01, 0x7F, 0xF4, 0x13, 0xC0, 0x65, 0x2E, 0x44, 0x21, 0xE7, 0x4B, 0x4A,
	0xC0, 0xEF, 0x23, 0x44, 0xE0, 0x22, 0xD4, 0xD1, 0x74, 0x2D, 0x21, 0x14, 0x4D, 0x07, 0x09, 0x0A,
	0xC1, 0x02, 0x11, 0x82, 0x04, 0x4A, 0xC1, 0x02, 0x5F, 0x42, 0x29, 0x09, 0xA5, 0x07, 0xD4, 0x26,
	0x00, 0xB0, 0x6C, 0x03, 0x00, 0x08, 0x15, 0xF2, 0xED, 0x7A, 0xCD, 0x79, 0x0D, 0x7D, 0x6D, 0x7C,
	0x42, 0x79, 0xB2, 0x4C, 0x30, 0x72, 0xCA, 0x27, 0x09, 0x10, 0xCA, 0x26, 0xC9, 0x10, 0x09, 0xF0,
	0xA4, 0x04, 0x07, 0x40, 0x30, 0xE3, 0x43, 0xCA, 0x20, 0xC1, 0x07, 0xE7, 0x71, 0x2D, 0x9C, 0x00,
	0x0A, 0x20, 0xCB, 0x03, 0xCA, 0x23, 0x8B, 0x03, 0x0D, 0x79, 0x6D, 0x7A, 0x3F, 0x62, 0x24, 0x44,
	0xBB, 0x07, 0x15, 0x00, 0x35, 0x0B, 0xBF, 0x10, 0x44, 0x2F, 0x8F, 0x10, 0x26, 0x34, 0x76, 0x06,
	0x12, 0xE8, 0x0B, 0xC0, 0x12, 0xC3, 0x22, 0x7A, 0x43, 0x4C, 0x44, 0x04, 0xC3, 0x41, 0xB1, 0x01,
	0x06, 0x00, 0x00, 0x85, 0x77, 0x0C, 0x21, 0x1C, 0x86, 0x00, 0x08, 0xC2, 0x0F, 0x2F, 0xFE, 0x7F,
	0x22, 0x40, 0x01, 0x0A, 0xC0, 0x12, 0xC1, 0x0C, 0xC5, 0x6B, 0x44, 0xC0, 0x90, 0x56, 0x24, 0x00,
	0x3B, 0xF4, 0x20, 0x43, 0x00, 0x22, 0xBC, 0x7D, 0x01, 0x0C, 0x7D, 0x1B, 0x7A, 0x7D, 0x60, 0x9A,
	0x21, 0x96, 0x80, 0x9A, 0x24, 0x0C, 0x2E, 0x0F, 0x0A, 0x7E, 0x0F, 0xC0, 0xDB, 0x63, 0x4C, 0x78,
	0x1D, 0x65, 0x0A, 0xC0, 0xB9, 0x61, 0x3C, 0x64, 0x60, 0xB0, 0x4C, 0xCE, 0x54, 0x5D, 0x07, 0x4E,
	0x0E, 0xE0, 0xA8, 0x13, 0xC0, 0x67, 0x71, 0x4C, 0x23, 0xBD, 0x2F, 0x53, 0x54, 0xC9, 0x7D, 0x00,
	0xD6, 0x5E, 0x2F, 0x51, 0xC0, 0x2A, 0xC5, 0x0E, 0x9C, 0xD5, 0x2F, 0x9C, 0xDC, 0x70, 0x6C, 0x01,
	0x6D, 0x74, 0x12, 0x55, 0x35, 0x52, 0x4C, 0x10, 0x9E, 0x30, 0x71, 0x80, 0x44, 0x81, 0x06, 0xA5,
	0xD8, 0x0F, 0xC1, 0x06, 0xB8, 0x24, 0x71, 0x4F, 0x4C, 0xEC, 0x04, 0x4A, 0xC1, 0x0D, 0xC1, 0x51,
	0xC1, 0xDC, 0x5F, 0x88, 0x19, 0x61, 0xDC, 0x21, 0x7D, 0x40, 0xE0, 0x84, 0x01, 0x02, 0x0B, 0x00,
	0xEF, 0xFF, 0xE0, 0x54, 0x01, 0x21, 0x44, 0x2D, 0x0D, 0x71, 0x1A, 0x01, 0xC1, 0xFF, 0x21, 0x01,
	0xCF, 0xFF, 0x42, 0x08, 0x20, 0x00, 0x2C, 0x70, 0x0C, 0x23, 0xB5, 0x80, 0x24, 0x0E, 0x23, 0xC1,
	0xC8, 0x85, 0x05, 0xC8, 0x54, 0x04, 0x02, 0x0C, 0xC1, 0x34, 0x72, 0xC4, 0x94, 0x01, 0x02, 0x18,
	0x06, 0xA5, 0xFF, 0xC4, 0x44, 0x02, 0x09, 0x14, 0xC0, 0x14, 0x70, 0x48, 0x09, 0xC2, 0x03, 0x80,
	0x24, 0x06, 0x34, 0x28, 0xAC, 0x3B, 0x21, 0xB4, 0xB0, 0x00, 0x15, 0x41, 0x03, 0x90, 0x6A, 0xFF,
	0xC3, 0x42, 0x03, 0x90, 0x60, 0xE1, 0x60, 0xB1, 0x60, 0xB2, 0x61, 0xB2, 0x00, 0x1E, 0xC4, 0x70,
	0x04, 0x90, 0x80, 0x01, 0xC4, 0x19, 0xDC, 0x00, 0x06, 0x80, 0x59, 0x22, 0x01, 0x0B, 0x1B, 0x78,
	0x25, 0x78, 0x54, 0x1F, 0x06, 0x16, 0x00, 0x71, 0x0E, 0x90, 0x22, 0x00, 0xA4, 0xB8, 0x22, 0xC5,
	0x8C, 0x0F, 0x07, 0x02, 0xE0, 0xDE, 0x09, 0x0E, 0x52, 0x03, 0xCA, 0x0D, 0x23, 0x00, 0x21, 0x04,
	0xE4, 0x21, 0xED, 0x3B, 0x7E, 0x26, 0xDC, 0x3B, 0x00, 0x18, 0x43, 0xC2, 0x38, 0x43, 0x08, 0x47,
	0x0C, 0xC0, 0x03, 0xC1, 0x12, 0x0E, 0x60, 0x00, 0x68, 0x46, 0x03, 0x12, 0x81, 0x30, 0x45, 0xC0,
	0x34, 0x71, 0x56, 0xD9, 0x05, 0xF7, 0x07, 0xC8, 0x45, 0x20, 0x01, 0x05, 0x0D, 0xC0, 0xAD, 0x70,
	0x08, 0x1F, 0x41, 0x10, 0x22, 0xE4, 0x85, 0x00, 0x02, 0x26, 0xA7, 0xA1, 0xA7, 0x31, 0x08, 0xF0,
	0x00, 0xA0, 0xA7, 0x03, 0xC0, 0x33, 0x08, 0x70, 0x00, 0x4B, 0x26, 0x40, 0x91, 0x65, 0x01, 0xB0,
	0xC6, 0x01, 0x98, 0xE8, 0x7C, 0x00, 0x09, 0x1D, 0xF2, 0x10, 0x1F, 0x81, 0x14, 0x0C, 0x1F, 0x01,
	0x14, 0x27, 0xF0, 0x7C, 0x01, 0x04, 0x1A, 0xF2, 0x28, 0xD8, 0x20, 0xF0, 0x1A, 0x55, 0x02, 0x01,
	0x55, 0x02, 0x81, 0x04, 0x34, 0x0F, 0xF0, 0x19, 0xF2, 0x26, 0xD8, 0x18, 0xF0, 0x03, 0xC2, 0xC3,
	0x41, 0xA8, 0x01, 0x01, 0x00, 0xD6, 0x0D, 0x2F, 0x0C, 0x1F, 0x04, 0x26, 0x87, 0x0F, 0xF0, 0x10,
	0x1F, 0xC1, 0x45, 0x04, 0x41, 0x07, 0xA9, 0xF0, 0x29, 0xD8, 0x09, 0x19, 0x10, 0x45, 0x01, 0x0C,
	0x44, 0x02, 0x74, 0xB2, 0x01, 0x03, 0xA7, 0x3B, 0x78, 0x7C, 0x1F, 0x06, 0x00, 0xE0, 0x40, 0xDA,
	0x25, 0x78, 0x00, 0x1E, 0x84, 0x5E, 0x1E, 0xF2, 0x00, 0x22, 0x34, 0xA5, 0x0D, 0xA7, 0x19, 0x5C,
	0x03, 0x05, 0xC2, 0x04, 0xC3, 0x63, 0x40, 0x0E, 0x0A, 0x20, 0x00, 0xC1, 0x41, 0x24, 0xDC, 0xC4,
	0x03, 0x08, 0x00, 0x66, 0x0A, 0xEF, 0xFE, 0x22, 0xFC, 0xB7, 0x00, 0x04, 0x78, 0x25, 0x80, 0x10,
	0x1B, 0x78, 0x04, 0x72, 0xB7, 0x0B, 0x75, 0x32, 0x44, 0xC0, 0x8A, 0x20, 0x44, 0x01, 0xAB, 0x08,
	0xEE, 0x06, 0x54, 0x29, 0x22, 0x00, 0xF3, 0x00, 0x02, 0x80, 0x07, 0xD9, 0x18, 0xDA, 0x68, 0x45,
	0x42, 0xC3, 0x41, 0xC3, 0x40, 0xC3, 0xF6, 0x0E, 0xAF, 0xFE, 0x18, 0x43, 0x3A, 0x5C, 0x06, 0x22,
	0xD4, 0xE9, 0x24, 0x24, 0x90, 0x22, 0x45, 0xB7, 0xDE, 0x5C, 0x02, 0x09, 0x40, 0xC5, 0x40, 0x2B,
	0x40, 0x31, 0x2C, 0x75, 0x4C, 0x70, 0x80, 0xDB, 0x6D, 0x02, 0xCA, 0x8C, 0x02, 0x0E, 0x04, 0xC2,
	0x40, 0x2B, 0x00, 0x32, 0x29, 0xD9, 0x6C, 0x70, 0x08, 0x1C, 0xC1, 0x31, 0x41, 0xC6, 0xB6, 0x95,
	0x02, 0x00, 0x21, 0x74, 0x89, 0x7C, 0x07, 0xB5, 0x07, 0xA2, 0x8C, 0x02, 0x2A, 0x3D, 0x01, 0x8E,
	0xDD, 0x09, 0x80, 0x9F, 0x09, 0x8A, 0x23, 0x04, 0x23, 0xDD, 0xB8, 0x7A, 0x96, 0x02, 0x41, 0xD8,
	0xA4, 0x09, 0x03, 0x12, 0xB8, 0x2A, 0xD9, 0x34, 0xF0, 0x28, 0x95, 0x02, 0x28, 0x27, 0x95, 0x02,
	0x52, 0x96, 0x14, 0x92, 0x09, 0xF6, 0x14, 0x08, 0xDA, 0xB5, 0x0A, 0x3A, 0x2F, 0x9D, 0x01, 0x26,
	0x33, 0x9D, 0x01, 0x12, 0xDC, 0x0C, 0x01, 0x12, 0xB8, 0x2B, 0xD9, 0xAE, 0x0D, 0x04, 0xC2, 0x0E,
	0x0B, 0xFA, 0x0D, 0x27, 0xF5, 0x00, 0x74, 0x76, 0x19, 0x81, 0x32, 0x21, 0xF4, 0xBB, 0x8E, 0x02,
	0x12, 0x09, 0x2D, 0x3F, 0x04, 0xC5, 0xCE, 0x0D, 0x2D, 0xA6, 0x01, 0xC5, 0xBE, 0x84, 0x02, 0x03,
	0xE2, 0x0C, 0x4F, 0xFE, 0x6C, 0x71, 0x75, 0x34, 0x66, 0x5E, 0x53, 0x61, 0xB1, 0x24, 0x4C, 0x3A,
	0x03, 0x08, 0x00, 0xA9, 0x68, 0xCB, 0x44, 0x22, 0xDD, 0x55, 0x78, 0x03, 0xA4, 0x01, 0x02, 0xB8,
	0x00, 0xC9, 0x0F, 0xFA, 0x19, 0x04, 0x80, 0xA5, 0xA7, 0xFC, 0x19, 0xC4, 0x80, 0x61, 0x8C, 0x20,
	0x8C, 0x4F, 0x0B, 0x44, 0x00, 0x24, 0xE4, 0x31, 0x0E, 0x0B, 0xC4, 0xA0, 0x88, 0x03, 0xC6, 0x39,
	0x0D, 0x6E, 0x10, 0x14, 0x27, 0x42, 0x10, 0x03, 0xC0, 0x13, 0x45, 0x4C, 0x0A, 0x04, 0x7E, 0x00,
	0x1A, 0xC0, 0x88, 0xE8, 0x1C, 0x1A, 0x85, 0x02, 0x0C, 0x75, 0x07, 0xF0, 0x1C, 0x1A, 0x45, 0x01,
	0x05, 0xF0, 0x0F, 0xD8, 0x1C, 0x1A, 0x05, 0x00, 0x11, 0x0E, 0x95, 0x10, 0xF4, 0x24, 0x4B, 0x10,
	0x09, 0x0B, 0xDE, 0x11, 0x0E, 0xB2, 0x70, 0x71, 0x24, 0x71, 0xA3, 0xF7, 0xA6, 0x2D, 0xFE, 0x52,
	0xA6, 0xC1, 0xF4, 0x41, 0x00, 0x05, 0x58, 0x43, 0x41, 0xC0, 0x44, 0xC3, 0x31, 0x08, 0x75, 0x02,
	0x42, 0xC1, 0x01, 0xC0, 0xED, 0x71, 0xCB, 0x46, 0x00, 0x00, 0x3C, 0x5A, 0x25, 0x56, 0xA3, 0x33,
	0xF0, 0x07, 0x9A, 0x1C, 0xF0, 0x14, 0x0C, 0xA4, 0x54, 0x00, 0x0C, 0x21, 0xF0, 0x24, 0xF0, 0x2B,
	0xF0, 0xFF, 0xDE, 0xED, 0x70, 0x08, 0xBE, 0x27, 0xF0, 0x01, 0x5D, 0x53, 0xA4, 0x5E, 0x53, 0x36,
	0x0B, 0x7C, 0x53, 0x6E, 0xA6, 0x1D, 0xF0, 0x0C, 0x00, 0x67, 0x07, 0xAA, 0xAA, 0x17, 0xC7, 0x01,
	0x36, 0xA5, 0x13, 0xC7, 0x01, 0xB2, 0xB2, 0x0D, 0xC7, 0x01, 0x41, 0x82, 0x09, 0x21, 0x37, 0x80,
	0x9F, 0xB8, 0xC1, 0x21, 0x1C, 0x49, 0x64, 0x09, 0x06, 0x05, 0x7E, 0x0C, 0x70, 0x1D, 0x0B, 0x30,
	0x30, 0x43, 0x25, 0xD4, 0x20, 0x03, 0xE6, 0x00, 0x8A, 0x21, 0xBE, 0x0A, 0x24, 0x2D, 0xA9, 0x0F,
	0x21, 0x46, 0x5F, 0x01, 0xC0, 0x0C, 0xA8, 0x00, 0x0C, 0x0D, 0x11, 0x63, 0xB8, 0xB7, 0x08, 0x75,
	0x01, 0x45, 0xC0, 0x02, 0xC2, 0x03, 0xC3, 0xCF, 0x78, 0x40, 0xC2, 0x03, 0xC2, 0x72, 0x0B, 0xE0,
	0x03, 0x41, 0x2E, 0x01, 0x12, 0x17, 0x6D, 0x23, 0x34, 0x23, 0x21, 0xCE, 0x45, 0xCB, 0x45, 0x0D,
	0xF2, 0xCA, 0x21, 0xB0, 0x5F, 0x00, 0x03, 0x00, 0x42, 0x00, 0x43, 0xA6, 0x0A, 0xA0, 0x01, 0x00,
	0x1D, 0x05, 0x10, 0x0F, 0xD8, 0xC1, 0x41, 0xC1, 0x42, 0xC1, 0x43, 0x32, 0x5C, 0x01, 0x08, 0x40,
	0xC6, 0x53, 0x0B, 0x10, 0x30, 0x01, 0xC0, 0x3B, 0xE8, 0x04, 0x44, 0xAA, 0x22, 0xEC, 0xBC, 0x22,
	0x86, 0x2D, 0x76, 0x0A, 0x0E, 0x2F, 0xE5, 0x78, 0x05, 0x22, 0x58, 0x05, 0x0B, 0x94, 0x06, 0x53,
	0x2C, 0x77, 0x22, 0x5C, 0x21, 0x0D, 0xC1, 0x40, 0xC7, 0x20, 0x42, 0x00, 0x10, 0x79, 0xEF, 0x78,
	0x20, 0x42, 0x20, 0x43, 0xF6, 0x09, 0x4C, 0x07, 0x05, 0xC1, 0xE5, 0x71, 0xE5, 0x0F, 0x14, 0x92,
	0x08, 0xDD, 0x09, 0xE2, 0x6F, 0x02, 0xC6, 0x03, 0xF0, 0x74, 0x06, 0x21, 0x4D, 0xAB, 0x75, 0x21,
	0xB5, 0x7B, 0x74, 0x0C, 0x21, 0x05, 0x50, 0xF7, 0xC3, 0x40, 0x0F, 0x90, 0xAE, 0xE1, 0x22, 0x85,
	0x5A, 0xFE, 0x0C, 0x00, 0x0D, 0x80, 0x13, 0xF0, 0x01, 0xC0, 0x4F, 0x08, 0x50, 0x80, 0xAE, 0xF1,
	0x58, 0x1D, 0x85, 0x95, 0x05, 0x55, 0x01, 0xE3, 0x54, 0x01, 0x01, 0x8A, 0x21, 0x04, 0x00, 0xBE,
	0x04, 0x20, 0xB0, 0x07, 0x09, 0x44, 0x80, 0x01, 0x54, 0x11, 0x00, 0x04, 0x0F, 0x90, 0xC0, 0xE0,
	0x07, 0xE8, 0x02, 0xC0, 0x45, 0x20, 0x40, 0x01, 0x00, 0xB1, 0x06, 0xF0, 0x02, 0xC0, 0x83, 0xB8,
	0x00, 0xB1, 0x65, 0x18, 0xA6, 0x2B, 0x1C, 0xD9, 0x21, 0x3C, 0x56, 0x00, 0x05, 0x38, 0x41, 0xC2,
	0x28, 0x45, 0x4F, 0xC0, 0x2C, 0x70, 0x94, 0xC0, 0x50, 0xDA, 0x78, 0x43, 0x52, 0xC1, 0xB6, 0x0F,
	0xEF, 0xFD, 0x51, 0xC1, 0x22, 0x26, 0x37, 0x4B, 0x6D, 0x64, 0x1A, 0x22, 0x8C, 0xCD, 0x22, 0xEC,
	0x35, 0x05, 0x62, 0x08, 0x6F, 0xFF, 0x40, 0xC0, 0x37, 0x0A, 0x7C, 0x26, 0x05, 0x9A, 0x09, 0x40,
	0x00, 0xAD, 0x70, 0x18, 0xE8, 0x26, 0x64, 0x8D, 0x00, 0x07, 0x40, 0x88, 0xAD, 0x71, 0x08, 0x22,
	0x43, 0x80, 0x10, 0xF6, 0x00, 0xC0, 0x4E, 0x22, 0x41, 0x00, 0x79, 0x61, 0x54, 0x78, 0x1C, 0xE0,
	0x3B, 0x7A, 0x6A, 0x4C, 0x09, 0x22, 0xBC, 0x53, 0x21, 0xFF, 0x5B, 0x70, 0xE7, 0xF3, 0x0C, 0x06,
	0xB6, 0xEA, 0x1D, 0x00, 0x0D, 0xA4, 0x46, 0x21, 0x6F, 0x8E, 0x03, 0x80, 0x4C, 0x57, 0x00, 0x02,
	0x80, 0x49, 0x56, 0x32, 0x14, 0x73, 0x04, 0x51, 0x21, 0x4D, 0x3E, 0x02, 0x22, 0x3D, 0xB0, 0x4B,
	0x46, 0x01, 0x61, 0x02, 0x22, 0xDE, 0x6B, 0x17, 0x09, 0x22, 0x34, 0x6E, 0x0A, 0x01, 0xC0, 0x7C,
	0x20, 0x80, 0x00, 0x05, 0x20, 0x7E, 0x83, 0x0A, 0xF4, 0x37, 0x55, 0x1E, 0x52, 0x21, 0x87, 0x81,
	0x79, 0x20, 0x40, 0x4E, 0xED, 0x31, 0xF4, 0x22, 0xCC, 0x22, 0x05, 0x6C, 0x0B, 0x60, 0x89, 0x07,
	0xC8, 0xC3, 0x42, 0x7C, 0x5A, 0x00, 0x04, 0x5F, 0x23, 0x0C, 0x05, 0x06, 0xC7, 0x40, 0x8A, 0xC1,
	0x89, 0x94, 0xC5, 0x05, 0x7F, 0x9D, 0x65, 0x1B, 0xF0, 0x33, 0x0A, 0xEE, 0x00, 0x47, 0x87, 0x03,
	0x05, 0x27, 0x09, 0x6B, 0x04, 0x5C, 0x1C, 0x03, 0x0A, 0x24, 0x00, 0x70, 0xA1, 0x40, 0x24, 0xAC,
	0x77, 0x00, 0x0E, 0x4C, 0x10, 0x9B, 0x7C, 0x91, 0xBC, 0x9C, 0xBC, 0x9F, 0xBC, 0x80, 0x94, 0x56,
	0x21, 0x01, 0x08, 0x02, 0x18, 0x14, 0x03, 0x14, 0xE5, 0x64, 0x71, 0xCF, 0x0E, 0xE5, 0x90, 0x0C,
	0x71, 0x47, 0xC0, 0x22, 0x5E, 0x3B, 0x01, 0xC1, 0xAC, 0xEA, 0x02, 0x9C, 0x0B, 0x50, 0xC0, 0xC0,
	0x75, 0xD5, 0xB9, 0x42, 0x36, 0xC0, 0xBC, 0xC5, 0x03, 0x8C, 0x23, 0xB5, 0x66, 0x4E, 0x23, 0xC6,
	0x3F, 0x34, 0x73, 0xB5, 0x11, 0x4D, 0x54, 0x1A, 0x0B, 0x41, 0x89, 0x0F, 0xDB, 0x08, 0xBB, 0x01,
	0x80, 0xCA, 0x23, 0x21, 0x00, 0xCB, 0x45, 0x22, 0x2E, 0x30, 0x4A, 0xC0, 0x0D, 0x28, 0x1C, 0x04,
	0x23, 0x00, 0x02, 0x0B, 0x2E, 0x13, 0x40, 0x2C, 0x0F, 0x13, 0x03, 0xC1, 0x65, 0x7F, 0x05, 0x7F,
	0xF4, 0x21, 0x0E, 0x03, 0x07, 0xC1, 0x34, 0x4C, 0xD5, 0x09, 0xE5, 0x79, 0x3B, 0x79, 0xA5, 0x79,
	0xC0, 0xB1, 0x09, 0xF2, 0x03, 0xC1, 0x75, 0x02, 0x06, 0x27, 0x44, 0x00, 0x04, 0x85, 0x71, 0xCD,
	0x0A, 0x25, 0x83, 0x93, 0x0D, 0xF3, 0x14, 0x0E, 0x1A, 0xC0, 0x48, 0x23, 0xC4, 0x78, 0x00, 0x03,
	0x66, 0x0D, 0x60, 0x03, 0x48, 0xC0, 0x4F, 0x0B, 0x35, 0x31, 0x2C, 0x71, 0x05, 0xC0, 0xFE, 0xDA,
	0x44, 0x78, 0x43, 0x08, 0x91, 0x27, 0x0C, 0x65, 0x00, 0x03, 0x03, 0x90, 0x12, 0xE0, 0x0B, 0x0B,
	0xB5, 0x30, 0x4C, 0x70, 0x40, 0xB0, 0x02, 0xF0, 0x20, 0xB0, 0x05, 0xC0, 0x27, 0x08, 0xF1, 0x06,
	0xDE, 0x2C, 0x71, 0x22, 0x0C, 0xCC, 0x06, 0x80, 0x01, 0x8E, 0xB9, 0x00, 0x1A, 0x05, 0x02, 0x0F,
	0x46, 0x04, 0x02, 0xB2, 0x06, 0x05, 0x01, 0xB2, 0x0D, 0x9D, 0x02, 0x5C, 0x01, 0xAC, 0x39, 0x01,
	0x01, 0x10, 0x83, 0x00, 0xF4, 0x1A, 0x00, 0x0A, 0x2F, 0x0B, 0x04, 0x03, 0x00, 0xC0, 0x40, 0x2C,
	0x42, 0x13, 0x05, 0x22, 0x82, 0x0F, 0x02, 0x90, 0x6A, 0x1F, 0x94, 0x78, 0x0E, 0x90, 0x91, 0xC5,
	0x70, 0x74, 0x0A, 0xB8, 0x5C, 0xC2, 0x0D, 0xB2, 0x03, 0xC0, 0x94, 0x7D, 0xF4, 0x20, 0x02, 0x03,
	0x85, 0x71, 0x40, 0xB5, 0xAC, 0xF7, 0xDE, 0x5E, 0x92, 0xC8, 0xD8, 0x0C, 0x0B, 0x65, 0x99, 0x0A,
	0x07, 0x19, 0xD9, 0x02, 0xC0, 0x54, 0x7F, 0x0A, 0xC1, 0x14, 0x73, 0xD4, 0xD8, 0xA0, 0xB9, 0x43,
	0xC1, 0x02, 0xC1, 0x6F, 0x70, 0x22, 0x8C, 0x3C, 0x0B, 0x42, 0xC1, 0xD9, 0xF0, 0x0D, 0xC0, 0xCA,
	0x08, 0xAF, 0xFE, 0x2C, 0x71, 0x0A, 0xC0, 0x24, 0x6E, 0x54, 0x6C, 0x0B, 0x22, 0x84, 0x71, 0x4C,
	0x74, 0x01, 0x23, 0x21, 0x10, 0xB9, 0x27, 0xE5, 0x38, 0x11, 0x07, 0x32, 0x83, 0xB2, 0xF2, 0x04,
	0x7B, 0x00, 0x1A, 0x67, 0x08, 0xB5, 0x00, 0x91, 0xC1, 0xD4, 0x79, 0x40, 0x91, 0x09, 0xC0, 0x7F,
	0xDC, 0x44, 0x7C, 0x09, 0xC3, 0x98, 0x60, 0xFF, 0xE0, 0x0E, 0xC0, 0xD5, 0x23, 0x2D, 0x08, 0x14,
	0x70, 0x58, 0x63, 0x00, 0xB1, 0x2B, 0xF2, 0x57, 0x08, 0xBE, 0x01, 0x54, 0x20, 0x02, 0x08, 0x40,
	0x61, 0x04, 0x2E, 0x4C, 0x13, 0xD4, 0x7B, 0x40, 0xB1, 0x22, 0x4C, 0xFD, 0x44, 0x16, 0x05, 0x01,
	0x40, 0x90, 0x0E, 0x93, 0x05, 0x24, 0x81, 0x6E, 0x01, 0x1F, 0x04, 0x54, 0x18, 0x46, 0x7B, 0xC3,
	0x12, 0x07, 0x31, 0xB3, 0x0A, 0xB8, 0x25, 0x27, 0xAE, 0x3C, 0x45, 0x78, 0x21, 0x8C, 0xF8, 0x5D,
	0x9F, 0xB1, 0x54, 0x0C, 0x09, 0xF4, 0x21, 0x82, 0x03, 0x09, 0xC0, 0xD4, 0x79, 0x58, 0x60, 0x00,
	0xB1, 0x22, 0x3E, 0xF3, 0x0F, 0x13, 0x21, 0x8C, 0x8F, 0x00, 0x01, 0x20, 0xC3, 0x03, 0x0C, 0xC0,
	0x54, 0x24, 0x9E, 0x38, 0x34, 0x70, 0x65, 0x78, 0xF4, 0x26, 0x81, 0x33, 0xC3, 0x42, 0x5D, 0x39,
	0x1E, 0x0C, 0x5A, 0x05, 0x45, 0x78, 0x20, 0xB0, 0x08, 0xF2, 0x06, 0xC0, 0x6E, 0x02, 0x65, 0x78,
	0xBC, 0x01, 0x00, 0x06, 0x5E, 0x26, 0x9F, 0x12, 0x0B, 0xC5, 0x51, 0xF0, 0x10, 0xC1, 0x0C, 0xE9,
	0x15, 0x08, 0x35, 0x02, 0x00, 0x43, 0x16, 0x20, 0x81, 0x03, 0x00, 0x21, 0x23, 0x1F, 0xA0, 0x0B,
	0x68, 0x89, 0x04, 0x44, 0x0B, 0xE3, 0x73, 0x08, 0xB8, 0x34, 0x73, 0x2C, 0x70, 0x8B, 0xB9, 0x9F,
	0x23, 0x0D, 0x04, 0x9D, 0x92, 0xC1, 0x22, 0x25, 0x9B, 0x3B, 0x04, 0x32, 0x06, 0x23, 0xCC, 0x02,
	0x80, 0x24, 0x09, 0x1F, 0x20, 0x8C, 0x24, 0xAC, 0x56, 0x0C, 0x6E, 0x01, 0x0D, 0x09, 0x71, 0x00,
	0x00, 0x90, 0x9E, 0xE8, 0x28, 0xF0, 0x18, 0xE8, 0x4D, 0x0C, 0xD9, 0x21, 0x8F, 0x66, 0x12, 0x08,
	0xC0, 0x06, 0x0A, 0x40, 0x8B, 0x21, 0x2C, 0x8B, 0x00, 0x01, 0x13, 0x9E, 0x00, 0x22, 0x8B, 0x0E,
	0x22, 0x82, 0x07, 0x22, 0x78, 0x0F, 0x0A, 0x05, 0x00, 0x08, 0xC0, 0x20, 0xAB, 0x54, 0x02, 0x09,
	0xAB, 0x00, 0x1C, 0x83, 0x10, 0x10, 0xF0, 0x4F, 0x21, 0x40, 0x00, 0x19, 0x4C, 0x42, 0x21, 0x0D,
	0x74, 0x80, 0x21, 0xEE, 0x66, 0x12, 0x78, 0x21, 0xEC, 0xFA, 0x00, 0x03, 0x40, 0xA8, 0x00, 0x8C,
	0x04, 0x71, 0x00, 0xAC, 0xA5, 0x71, 0x04, 0xC1, 0xB0, 0x78, 0x61, 0x08, 0x64, 0x80, 0x00, 0x43,
	0xC5, 0x27, 0x9F, 0x92, 0x10, 0x76, 0x86, 0x22, 0xEF, 0x35, 0x20, 0xCF, 0x0F, 0x76, 0xCA, 0x76,
	0xE1, 0x07, 0x40, 0x0C, 0x70, 0x67, 0x07, 0x0B, 0xB1, 0x02, 0xC0, 0x22, 0x4D, 0x5D, 0x4C, 0x21,
	0x14, 0x27, 0x05, 0x4C, 0x1C, 0xC0, 0x36, 0x07, 0xC0, 0x31, 0xE8, 0xFC, 0x43, 0xB4, 0x5D, 0x05,
	0x07, 0xC8, 0x5F, 0x24, 0x03, 0x15, 0xA1, 0x89, 0x22, 0x5D, 0xDD, 0x9E, 0x84, 0x37, 0x00, 0x02,
	0x94, 0xC2, 0x05, 0x79, 0x7A, 0x62, 0x1B, 0xF0, 0x2F, 0x0E, 0x2E, 0x33, 0x40, 0x2C, 0x03, 0x13,
	0x04, 0xC0, 0x25, 0x7B, 0x75, 0x6E, 0x6D, 0x05, 0x6B, 0x47, 0xBC, 0x6E, 0x22, 0x3C, 0x5A, 0x01,
	0x02, 0x17, 0x0E, 0x35, 0x22, 0xB4, 0x70, 0x22, 0x7C, 0x86, 0x21, 0x3F, 0x73, 0xB0, 0x14, 0xE2,
	0x0F, 0x91, 0xD1, 0x0D, 0x05, 0x04, 0x6B, 0x21, 0x05, 0x9C, 0x90, 0x21, 0xD7, 0xC3, 0x29, 0x08,
	0xD1, 0x2B, 0x44, 0x0B, 0x57, 0xA0, 0x01, 0x0A, 0xF0, 0x2C, 0x47, 0x00, 0x85, 0x00, 0x80, 0x44,
	0x98, 0x2A, 0x7C, 0x9A, 0x10, 0x03, 0x30, 0x0C, 0xAC, 0xE2, 0x21, 0x3C, 0x71, 0x0E, 0x43, 0x84,
	0xC1, 0x0F, 0x08, 0xA4, 0x00, 0x40, 0xC1, 0x00, 0xC1, 0x62, 0x0D, 0xA0, 0x04, 0x60, 0x40, 0x16,
	0x80, 0x0C, 0x09, 0xE0, 0x78, 0x20, 0x88, 0x41, 0x88, 0x17, 0x69, 0xE0, 0x7F, 0x58, 0x60, 0xAD,
	0x01, 0x16, 0xCF, 0x01, 0xE4, 0xC0, 0x5F, 0x0D, 0x82, 0x04, 0x64, 0x1C, 0x00, 0x1A, 0x82, 0x0A,
	0xC2, 0x69, 0x8D, 0x70, 0x5B, 0x61, 0x29, 0x62, 0xA1, 0x8B, 0xDB, 0x62, 0x04, 0x79, 0x0B, 0xF0,
	0x40, 0x8B, 0x0B, 0x7A, 0x05, 0xF2, 0x41, 0x8B, 0x2F, 0x79, 0x0F, 0x21, 0x81, 0x00, 0x64, 0x72,
	0x85, 0x71, 0xF1, 0x0C, 0x44, 0x93, 0x2F, 0x78, 0xC4, 0xC4, 0x28, 0x1C, 0x77, 0x01, 0xAD, 0x70,
	0xA1, 0x41, 0x22, 0x75, 0x96, 0x72, 0x21, 0xF6, 0xAF, 0x99, 0xB9, 0x22, 0xF7, 0x51, 0xA8, 0x09,
	0xEE, 0x21, 0x5C, 0x92, 0x0A, 0xE1, 0x40, 0x0B, 0xD9, 0x72, 0x09, 0xA0, 0x03, 0xE1, 0x40, 0x11,
	0xD9, 0x6A, 0x9C, 0x00, 0x05, 0x12, 0xD9, 0xEF, 0xDA, 0x7A, 0x0F, 0xAF, 0xFE, 0x65, 0x01, 0x5A,
	0x87, 0x02, 0x29, 0xD9, 0x52, 0x9C, 0x00, 0x00, 0x14, 0xCD, 0x70, 0x6C, 0xD8, 0x5F, 0x26, 0x81,
	0x1D, 0xAC, 0x78, 0x38, 0x60, 0x32, 0x0E, 0x60, 0x03, 0xF8, 0x60, 0xD5, 0x71, 0xCD, 0x71, 0xF7,
	0xF5, 0xA5, 0x71, 0xE9, 0x0D, 0x94, 0x90, 0x0D, 0x8F, 0x03, 0x17, 0xCB, 0x10, 0x2C, 0x70, 0x7F,
	0xFD, 0x9A, 0x0B, 0xC3, 0x22, 0x04, 0xC9, 0x05, 0x0B, 0x4C, 0x71, 0x20, 0xAC, 0x00, 0x1E, 0x44,
	0x23, 0x54, 0x82, 0x00, 0x19, 0x17, 0x08, 0x7E, 0x01, 0xE0, 0xA3, 0x0F, 0x0B, 0x32, 0x10, 0x4C,
	0x71, 0x16, 0x8F, 0x44, 0x20, 0x02, 0x04, 0x24, 0xBA, 0x11, 0x0B, 0x9F, 0x11, 0x16, 0x8F, 0x84,
	0x20, 0x01, 0x00, 0x41, 0x28, 0x8E, 0x01, 0x97, 0xEE, 0x52, 0x22, 0x3E, 0x80, 0x15, 0xF4, 0x6C,
	0x7C, 0x0C, 0x00, 0x1C, 0x23, 0x82, 0x0D, 0x2C, 0x78, 0x74, 0x71, 0x6C, 0x71, 0x58, 0x60, 0x1A,
	0x67, 0x03, 0x8A, 0x86, 0xB8, 0x03, 0xAA, 0xF5, 0xF5, 0x24, 0x71, 0xE5, 0x09, 0x94, 0x80, 0xEA,
	0x09, 0xA0, 0x04, 0x0C, 0x71, 0x72, 0x0B, 0x00, 0x01, 0x7A, 0x0B, 0x20, 0x01, 0x08, 0x45, 0x00,
	0x41, 0xAE, 0x5E, 0x13, 0xA1, 0x40, 0x4C, 0xAE, 0x0A, 0x43, 0x04, 0x90, 0x82, 0x00, 0x6F, 0x26,
	0xC3, 0x10, 0x1B, 0x79, 0x65, 0x79, 0x22, 0x77, 0xE5, 0xD2, 0x1B, 0x45, 0x07, 0x95, 0x8E, 0x38,
	0x8E, 0x0D, 0xC8, 0x1E, 0x22, 0x54, 0x46, 0x04, 0x43, 0x35, 0x77, 0x00, 0x94, 0x48, 0x45, 0x22,
	0x8D, 0x6F, 0xCA, 0x21, 0x3E, 0xB5, 0x09, 0xE9, 0x04, 0x54, 0x21, 0x1A, 0x73, 0x00, 0x5E, 0x21,
	0x76, 0x6C, 0x0A, 0xD8, 0x21, 0x24, 0x20, 0x21, 0x9D, 0x2D, 0xEB, 0x0E, 0x15, 0xC2, 0xCA, 0x4C,
	0xC6, 0x21, 0x85, 0xC0, 0x0E, 0x02, 0x29, 0x40, 0x40, 0xBC, 0x7F, 0x0E, 0x0D, 0x00, 0x0D, 0x08,
	0xBE, 0x00, 0x40, 0xD8, 0x3E, 0x0B, 0x80, 0x04, 0x2C, 0x70, 0x00, 0x1E, 0xC5, 0x0F, 0xA0, 0xC0,
	0x00, 0x3E, 0x45, 0x04, 0xA1, 0x29, 0x85, 0x00, 0x1E, 0x11, 0x29, 0x0E, 0x45, 0x87, 0x03, 0x0C,
	0x70, 0xEA, 0x21, 0xE4, 0x20, 0x23, 0x04, 0xF8, 0x0E, 0x00, 0xB8, 0x0B, 0x76, 0x0E, 0x20, 0x02,
	0x2C, 0x70, 0x2F, 0x25, 0x07, 0x90, 0x6F, 0x70, 0x10, 0xF2, 0x26, 0xF4, 0x24, 0x22, 0xF4, 0xC8,
	0x05, 0x04, 0x1C, 0xC1, 0x30, 0x7A, 0x0C, 0x6F, 0xFE, 0x22, 0xF4, 0x33, 0x03, 0x8C, 0x25, 0x3F,
	0x1D, 0x80, 0xD8, 0x28, 0x6C, 0x00, 0x6D, 0x02, 0x5E, 0x4C, 0x03, 0x6C, 0x04, 0x02, 0x0C, 0x70,
	0xF6, 0x0B, 0x6F, 0x4C, 0x94, 0x22, 0x4C, 0x65, 0x21, 0xBA, 0x63, 0x8D, 0x11, 0x06, 0xBD, 0x8E,
	0x1F, 0x11, 0x0B, 0x10, 0x0E, 0x0E, 0x40, 0x4D, 0x0D, 0x7E, 0x8F, 0x0D, 0x00, 0x8D, 0x0E, 0x54,
	0x02, 0x07, 0x4C, 0x71, 0x23, 0xB8, 0x06, 0x7A, 0x09, 0xF0, 0xC3, 0x40, 0x66, 0x1E, 0x9A, 0x0D,
	0x66, 0x0F, 0x42, 0xF0, 0x22, 0xA4, 0xE2, 0x0C, 0x66, 0x0F, 0x6F, 0xFE, 0x08, 0xD9, 0x01, 0x8D,
	0x1D, 0x08, 0x94, 0x00, 0x00, 0x8D, 0x07, 0x27, 0xAD, 0x00, 0x02, 0x95, 0x03, 0x4A, 0x54, 0x03,
	0x47, 0x1B, 0x8D, 0x6F, 0x70, 0x21, 0x14, 0x88, 0x27, 0x6F, 0x00, 0x0C, 0x70, 0x32, 0x5E, 0x02,
	0x0A, 0xD9, 0xBD, 0x05, 0x6F, 0x6C, 0x02, 0x05, 0x23, 0x1B, 0x30, 0x08, 0xD8, 0x2C, 0x70, 0x1A,
	0x5E, 0x02, 0x63, 0x42, 0x30, 0x1D, 0x01, 0x02, 0x5F, 0x02, 0x96, 0xD9, 0x5E, 0x0C, 0x49, 0x21,
	0xDD, 0xE4, 0x42, 0x8E, 0x16, 0x02, 0x0C, 0x09, 0x60, 0x03, 0x23, 0x14, 0xD0, 0x00, 0x0A, 0xAD,
	0x70, 0xFF, 0xDE, 0x2C, 0x70, 0xC3, 0x42, 0xFF, 0xEF, 0xFF, 0xFF, 0x6C, 0x77, 0xE1, 0x40, 0x41,
	0xC5, 0xF2, 0x0B, 0xE0, 0x04, 0x40, 0xC6, 0x72, 0x0A, 0x00, 0x00, 0x77, 0xC1, 0xFE, 0xFF, 0xFD,
	0xDD, 0x02, 0xDA, 0x9E, 0x02, 0x0B, 0xD9, 0x01, 0x2C, 0x20, 0x8D, 0x53, 0xF6, 0x9F, 0x00, 0x12,
	0xD9, 0xEE, 0x9F, 0x00, 0x29, 0xD9, 0xE6, 0x9C, 0x00, 0x04, 0x09, 0x12, 0x9E, 0x30, 0x1D, 0xF0,
	0x32, 0x22, 0xB7, 0xC3, 0x80, 0x6C, 0x04, 0x0C, 0xA3, 0x44, 0x47, 0x0E, 0xDC, 0x5A, 0x21, 0x82,
	0x0D, 0x6A, 0x7C, 0x7B, 0x7E, 0xB5, 0x7E, 0x9A, 0x62, 0x4A, 0x60, 0x3C, 0x66, 0x6F, 0x48, 0x00,
	0x24, 0x8C, 0x44, 0x04, 0x02, 0x6A, 0x0B, 0x48, 0xAC, 0xF0, 0x4D, 0x48, 0xDB, 0x4D, 0x48, 0xA5,
	0x04, 0xAE, 0x0E, 0x0D, 0xA4, 0x97, 0x2C, 0x70, 0xB6, 0x08, 0xCF, 0xFE, 0x6E, 0xD9, 0x9F, 0xB9,
	0xC5, 0x11, 0x80, 0x84, 0x22, 0x94, 0x85, 0x00, 0x04, 0x40, 0x21, 0xCC, 0x0E, 0x01, 0x14, 0x80,
	0x14, 0x40, 0x21, 0x8D, 0x06, 0x00, 0xA9, 0x01, 0x14, 0x83, 0x14, 0x05, 0x14, 0x82, 0x14, 0x64,
	0x02, 0x04, 0x01, 0x1D, 0xD2, 0x10, 0x40, 0xAD, 0x01, 0x8D, 0x02, 0x01, 0x8F, 0x02, 0x8E, 0x14,
	0x56, 0x5C, 0x02, 0x05, 0x62, 0xA9, 0x41, 0xAD, 0xAB, 0x1C, 0x12, 0x90, 0x6C, 0x04, 0x0A, 0x81,
	0x43, 0xC2, 0xAD, 0x59, 0x1B, 0x0A, 0x00, 0x01, 0x14, 0x81, 0x14, 0x1D, 0xDC, 0x06, 0x05, 0xA5,
	0x6B, 0x20, 0xAD, 0x36, 0x1C, 0x02, 0x10, 0x6C, 0x01, 0x03, 0xC5, 0x6D, 0x40, 0xAE, 0x01, 0xAB,
	0x75, 0x07, 0x11, 0x44, 0x04, 0x64, 0x02, 0x02, 0x41, 0xAD, 0x21, 0xAE, 0x23, 0x54, 0x03, 0x09,
	0x40, 0x8C, 0x21, 0x8C, 0x02, 0x8C, 0x42, 0xAB, 0x22, 0xAD, 0x02, 0xAE, 0x27, 0x0C, 0xA1, 0x25,
	0x7C, 0xA1, 0x74, 0x7E, 0x08, 0x2C, 0x04, 0x81, 0x88, 0xC0, 0x88, 0x60, 0x89, 0xAD, 0x70, 0x2C,
	0x4C, 0x2C, 0x09, 0x0E, 0xF0, 0x09, 0x08, 0x84, 0x03, 0x0F, 0x0C, 0x05, 0x10, 0x05, 0x21, 0xA4,
	0xE1, 0x09, 0xA0, 0xB2, 0x96, 0x21, 0x10, 0x00, 0x04, 0x71, 0xE9, 0x08, 0xC4, 0x80, 0x7C, 0x7E,
	0x00, 0x12, 0xE4, 0xC0, 0x02, 0xC5, 0x68, 0x44, 0x0F, 0x7B, 0xAD, 0x20, 0x03, 0x0A, 0x3F, 0xDE,
	0x22, 0x7B, 0x0B, 0x08, 0xA5, 0x00, 0xC0, 0xAD, 0x51, 0x48, 0x08, 0xF0, 0x0B, 0x0C, 0x25, 0x10,
	0x91, 0x48, 0x04, 0xF0, 0x71, 0x78, 0x54, 0x3D, 0x00, 0x2D, 0xAD, 0x6C, 0x7B, 0x1A, 0x21, 0x42,
	0x00, 0x11, 0xCC, 0x10, 0x12, 0x0C, 0x37, 0x0C, 0x7B, 0x8C, 0x7A, 0x78, 0x62, 0xC4, 0xC4, 0xE7,
	0xDA, 0x9F, 0xBA, 0x60, 0x8A, 0x08, 0x44, 0x0C, 0x71, 0xE0, 0xBB, 0xE0, 0x7D, 0xE1, 0xBB, 0x0C,
	0x70, 0xE0, 0x7D, 0x7B, 0x12, 0xC2, 0x80, 0xA0, 0xB9, 0x13, 0x09, 0xB1, 0x00, 0x79, 0x24, 0x00,
	0x10, 0x7A, 0x22, 0x01, 0x00, 0xE0, 0x7F, 0x24, 0x78, 0x22, 0x66, 0xC5, 0x26, 0xBA, 0x06, 0x02,
	0x44, 0x78, 0x24, 0x07, 0x7D, 0x06, 0x00, 0x3C, 0x96, 0xD8, 0x80, 0x0C, 0x6C, 0x9F, 0x07, 0x6F,
	0x21, 0xC3, 0x06, 0x07, 0x11, 0x80, 0x04, 0xE6, 0xB8, 0x47, 0x08, 0x7C, 0x00, 0x91, 0x22, 0x1D,
	0x84, 0xC0, 0x23, 0x6E, 0x83, 0xA3, 0xC1, 0x21, 0x4C, 0xCC, 0x21, 0x17, 0xC5, 0xC6, 0x08, 0x2F,
	0x4C, 0x4E, 0x01, 0xCD, 0x70, 0x21, 0xED, 0x22, 0x1D, 0xED, 0xC6, 0x4D, 0x5D, 0x4C, 0x21, 0xC5,
	0xFD, 0x25, 0x44, 0x60, 0x0C, 0x86, 0xDB, 0x42, 0xC6, 0x41, 0xC7, 0x62, 0x09, 0x6F, 0xFE, 0x40,
	0xC6, 0x0C, 0x70, 0x26, 0xE6, 0x02, 0xC6, 0x4E, 0xC7, 0x02, 0x10, 0xD9, 0x9A, 0x94, 0x05, 0x0B,
	0xF6, 0x08, 0x80, 0x03, 0x0B, 0xF0, 0xC1, 0xBF, 0x80, 0xD8, 0x19, 0xD9, 0x4C, 0x74, 0xB5, 0x06,
	0x2A, 0xCE, 0x04, 0xC2, 0x08, 0x75, 0x4F, 0x88, 0x23, 0x0F, 0xDC, 0x30, 0x75, 0x92, 0x11, 0x02,
	0x1F, 0x1E, 0xD9, 0x22, 0xFF, 0xED, 0xF1, 0xC0, 0x6A, 0x21, 0x9E, 0xDC, 0x0C, 0x73, 0x15, 0xFA,
	0x19, 0x88, 0x0B, 0x25, 0x2F, 0x6A, 0x01, 0x00, 0x0F, 0x46, 0x6A, 0xBE, 0x0A, 0x45, 0x6A, 0x71,
	0x0F, 0xB2, 0x0C, 0x70, 0x5A, 0x4E, 0xA5, 0x0F, 0xD9, 0x45, 0xB3, 0x7E, 0x28, 0x1E, 0x15, 0x28,
	0x47, 0x21, 0x35, 0x64, 0x70, 0x6C, 0x9B, 0x24, 0x75, 0x31, 0x62, 0x21, 0xBF, 0x71, 0xC1, 0xB8,
	0x78, 0x21, 0x3C, 0x28, 0x75, 0x76, 0x2E, 0x21, 0x1F, 0x2E, 0x43, 0xC0, 0x6F, 0x5C, 0x83, 0x05,
	0xC4, 0x76, 0x03, 0x90, 0x14, 0xE0, 0x4E, 0x0C, 0x22, 0xF5, 0xF0, 0xDE, 0x21, 0xD5, 0x29, 0xFF,
	0x21, 0x85, 0x49, 0x95, 0x21, 0x26, 0xF2, 0x4C, 0x71, 0x22, 0x2C, 0x36, 0x74, 0x7B, 0x01, 0x41,
	0xC6, 0x82, 0x08, 0xBC, 0x7E, 0x05, 0x80, 0xD8, 0x92, 0xB8, 0x0F, 0xD9, 0x20, 0xDA, 0xB7, 0x7E,
	0x41, 0xC6, 0x6A, 0x5E, 0x02, 0x40, 0xC7, 0x44, 0x69, 0x9C, 0x17, 0x09, 0x41, 0x2D, 0xC3, 0x11,
	0x6D, 0x25, 0x82, 0x11, 0x05, 0x22, 0xFE, 0x80, 0x74, 0x8B, 0x7E, 0x0A, 0x09, 0xF2, 0xF5, 0x10,
	0xBA, 0x21, 0xA6, 0x2E, 0x03, 0xC0, 0xE4, 0x46, 0x22, 0xAD, 0x40, 0xA2, 0x21, 0x46, 0xB0, 0x80,
	0xC1, 0x0C, 0x19, 0x22, 0x0C, 0xA9, 0x01, 0xE6, 0x08, 0xE0, 0x02, 0x22, 0xD6, 0x7F, 0xC3, 0x41,
	0x22, 0x4D, 0xEE, 0x76, 0x21, 0xBF, 0x70, 0x0C, 0x75, 0x80, 0x21, 0xEE, 0xBE, 0x4E, 0x0E, 0x21,
	0x1F, 0x2C, 0x71, 0xA2, 0xC0, 0xAF, 0x1B, 0xE2, 0xC3, 0x17, 0x21, 0x5F, 0x3F, 0xAF, 0xC1, 0x15,
	0x21, 0x2E, 0x3F, 0x5C, 0xDA, 0x0C, 0x40, 0x0F, 0x71, 0x00, 0x5B, 0xDA, 0x04, 0xF0, 0x5D, 0xDA,
	0x02, 0xF0, 0x5A, 0xDA, 0x4A, 0x24, 0x40, 0x77, 0x9F, 0xBA, 0x12, 0xC0, 0x1F, 0x0E, 0x40, 0x02,
	0x15, 0x22, 0x43, 0x00, 0x80, 0x8B, 0x80, 0xC5, 0x34, 0x7D, 0x24, 0x71, 0x80, 0xB5, 0x23, 0x4F,
	0x06, 0x80, 0xC2, 0x25, 0x21, 0x9F, 0x36, 0x80, 0xC2, 0x2B, 0x44, 0x07, 0x0D, 0x80, 0xC2, 0x98,
	0xE8, 0x80, 0xC2, 0x0A, 0xD8, 0xC3, 0x41, 0xD7, 0x01, 0x1D, 0x00, 0x0F, 0xF0, 0x65, 0x01, 0xDD,
	0x45, 0x01, 0x0B, 0x85, 0x01, 0xD9, 0x45, 0x01, 0x05, 0x85, 0x01, 0xDB, 0x44, 0x01, 0x05, 0xA2,
	0x0D, 0xAF, 0xFD, 0x1D, 0xDB, 0xC2, 0xC7, 0xFE, 0x2A, 0xA1, 0xC1, 0x21, 0x25, 0x42, 0x45, 0x0F,
	0x81, 0x75, 0xF0, 0x71, 0x22, 0xFC, 0xD5, 0x21, 0x45, 0x8F, 0xB0, 0x21, 0x60, 0x78, 0x05, 0xC6,
	0x08, 0xEF, 0xFF, 0xC1, 0x42, 0xED, 0x70, 0x16, 0x18, 0x0D, 0x7C, 0x60, 0x04, 0x7C, 0x04, 0x20,
	0x89, 0x9F, 0x20, 0x1C, 0x23, 0x24, 0x98, 0x07, 0x40, 0xC1, 0x07, 0xD9, 0x63, 0x70, 0xFB, 0x60,
	0x4A, 0x20, 0x12, 0xE1, 0x22, 0x80, 0x04, 0x38, 0x00, 0x02, 0xC2, 0xB2, 0x23, 0x8C, 0x00, 0x0F,
	0x7A, 0x00, 0x2C, 0x40, 0x10, 0x24, 0x77, 0x45, 0x78, 0x0F, 0x7A, 0xC3, 0x41, 0xB1, 0x5D, 0x08,
	0x7E, 0x5C, 0x08, 0x0B, 0x0C, 0x74, 0x00, 0xC0, 0x16, 0x7F, 0x8C, 0x27, 0x04, 0x90, 0xB4, 0x07,
	0xCB, 0xFF, 0x22, 0x55, 0xB3, 0x6A, 0x56, 0x02, 0x11, 0xB9, 0x0D, 0x1B, 0x7E, 0x9D, 0x0D, 0xB3,
	0x5D, 0x04, 0x56, 0x20, 0x22, 0xBD, 0x01, 0xB4, 0x5D, 0x08, 0x0E, 0x2F, 0xBD, 0x01, 0xB5, 0x5C,
	0x0D, 0x07, 0xFA, 0x0F, 0xAF, 0xFF, 0x10, 0xB9, 0x56, 0x23, 0x1B, 0x38, 0x22, 0xCC, 0xB5, 0x01,
	0xD4, 0x91, 0x87, 0x74, 0x30, 0xBD, 0x8D, 0x48, 0x21, 0xA5, 0xD8, 0x8F, 0x21, 0x4C, 0x30, 0x09,
	0x50, 0xDA, 0xBE, 0x0A, 0xAF, 0xFD, 0x68, 0x45, 0x2B, 0x0E, 0xB1, 0x10, 0x12, 0x81, 0x0C, 0x4F,
	0x22, 0xFC, 0xAB, 0x5E, 0x07, 0xA1, 0x42, 0x75, 0x03, 0xCA, 0x57, 0x3A, 0x4C, 0x70, 0x8F, 0x5C,
	0x38, 0x05, 0x86, 0x0C, 0xEF, 0xFD, 0x09, 0xD9, 0x60, 0xF0, 0x22, 0x3D, 0xDB, 0x8E, 0x47, 0x06,
	0x1C, 0xDA, 0x87, 0x45, 0x01, 0x82, 0x84, 0x01, 0x04, 0x0C, 0x75, 0x14, 0xEE, 0xC3, 0x41, 0x52,
	0x45, 0x07, 0x7E, 0x84, 0x07, 0x00, 0x0B, 0xDA, 0x4F, 0x00, 0x27, 0x8D, 0x1F, 0x00, 0x01, 0x20,
	0x00, 0x40, 0x27, 0x02, 0x1A, 0x40, 0x27, 0x8E, 0x19, 0xED, 0x74, 0x0C, 0x71, 0x40, 0xC1, 0x1C,
	0xF0, 0xC3, 0x41, 0x50, 0x55, 0x04, 0x5A, 0x96, 0x04, 0x4F, 0xD9, 0x04, 0x06, 0x00, 0x04, 0x0B,
	0x18, 0x09, 0xD8, 0x50, 0xDB, 0x51, 0xDC, 0x40, 0x27, 0x8D, 0x14, 0x40, 0x27, 0x0E, 0x14, 0x07,
	0xDF, 0x4E, 0xDA, 0x44, 0xC1, 0x44, 0x55, 0x00, 0x11, 0x32, 0x4B, 0xC0, 0x45, 0xC3, 0x4C, 0xC0,
	0x46, 0xC4, 0x4D, 0xC0, 0x41, 0xC6, 0x42, 0xC5, 0x6F, 0x70, 0x87, 0xC5, 0x80, 0xC6, 0x1C, 0x1C,
	0x41, 0x30, 0x20, 0x1C, 0x41, 0x32, 0x49, 0xC0, 0x43, 0xC2, 0x4A, 0xC0, 0x7D, 0x13, 0x02, 0x5D,
	0x0F, 0x50, 0x04, 0x90, 0x09, 0x16, 0x02, 0x14, 0x07, 0xC8, 0x04, 0x15, 0x01, 0x14, 0x45, 0x78,
	0x4E, 0x50, 0xDC, 0x00, 0x08, 0x5A, 0x0E, 0xA0, 0x02, 0x8F, 0xC1, 0x0E, 0xC1, 0x2F, 0x20, 0xC7,
	0x06, 0x8F, 0xC2, 0xCA, 0x0B, 0xEF, 0xFD, 0x2F, 0x79, 0x67, 0x71, 0xD1, 0x0B, 0xC4, 0xB3, 0x28,
	0x64, 0x8E, 0x6C, 0x21, 0x64, 0xDC, 0x0D, 0x6C, 0x0B, 0x40, 0x8D, 0x21, 0x8D, 0x55, 0x09, 0xA4,
	0x00, 0xA2, 0xC1, 0x1B, 0x78, 0xE4, 0xD9, 0x5C, 0xF5, 0x0C, 0x01, 0x01, 0x29, 0x00, 0x00, 0xC1,
	0xB8, 0x0A, 0x26, 0x80, 0x10, 0x40, 0x20, 0x8F, 0x0A, 0x04, 0xC3, 0x21, 0x07, 0x97, 0xE5, 0x79,
	0x25, 0x25, 0x54, 0xBD, 0x22, 0x4C, 0xBD, 0x00, 0x13, 0xC3, 0x41, 0x9A, 0x02, 0x04, 0x00, 0x53,
	0x23, 0x40, 0x01, 0x68, 0x44, 0x41, 0xC0, 0xAD, 0x24, 0x82, 0x11, 0x0C, 0x75, 0x82, 0x0E, 0xAF,
	0xFF, 0x40, 0xC4, 0x01, 0x8D, 0xC5, 0x71, 0xCF, 0x7A, 0xCD, 0x08, 0x85, 0x80, 0xA2, 0x9E, 0x7F,
	0xB4, 0xC1, 0x66, 0x26, 0x5A, 0x09, 0x7F, 0x14, 0xC3, 0x41, 0x56, 0x4D, 0x63, 0x5A, 0x5C, 0x04,
	0x4C, 0x63, 0x21, 0xE6, 0x6C, 0xB2, 0x0D, 0x0E, 0x29, 0x09, 0xDA, 0x76, 0x64, 0x26, 0x0B, 0x75,
	0x2B, 0xB4, 0xB4, 0x64, 0x5C, 0x64, 0x22, 0x77, 0x21, 0xE4, 0x00, 0x17, 0x45, 0x5E, 0x25, 0x44,
	0xA4, 0x0B, 0x20, 0x8A, 0x8C, 0xE8, 0x20, 0xB3, 0xE0, 0x7F, 0x02, 0x1B, 0x05, 0x00, 0x00, 0x1B,
	0x16, 0xA8, 0x25, 0x0D, 0x40, 0x00, 0x04, 0xF0, 0x20, 0xB3, 0x1B, 0x8A, 0xE0, 0x7F, 0x01, 0xB3,
	0xE4, 0xC2, 0xC3, 0x41, 0x65, 0x06, 0x8D, 0x05, 0x94, 0x43, 0x6D, 0x1A, 0x21, 0x54, 0x64, 0x04,
	0x42, 0x69, 0x25, 0xDE, 0x9F, 0xBE, 0x31, 0x4C, 0x6C, 0x00, 0x02, 0xA0, 0x8E, 0xA0, 0xB1, 0x80,
	0xB2, 0x8B, 0xB2, 0x81, 0x93, 0xF0, 0xD9, 0x80, 0xB3, 0x27, 0xB2, 0x1B, 0xF0, 0x80, 0xB1, 0x26,
	0x7D, 0xC1, 0x20, 0x5C, 0x02, 0x0B, 0x22, 0x93, 0x20, 0xB3, 0x0E, 0x1A, 0xC5, 0x03, 0x0F, 0xF0,
	0xA0, 0xB1, 0x3B, 0x8E, 0x64, 0x02, 0x00, 0x06, 0x27, 0x92, 0x46, 0x21, 0x41, 0x04, 0x27, 0xB2,
	0xA2, 0x8B, 0x25, 0x8B, 0xA0, 0xAB, 0x21, 0xAB, 0x87, 0xB2, 0x3E, 0x09, 0x40, 0x03, 0xC4, 0xC6,
	0x28, 0x3D, 0x15, 0x76, 0x44, 0x16, 0x07, 0x2C, 0x70, 0xB5, 0x70, 0xAD, 0x70, 0x2E, 0xDC, 0xCB,
	0x46, 0x22, 0xE6, 0x65, 0x10, 0xF2, 0x04, 0x4A, 0x12, 0xCB, 0x17, 0x1B, 0x78, 0x05, 0x21, 0x26,
	0x42, 0x6C, 0x74, 0x44, 0x88, 0x0A, 0x10, 0x42, 0xC5, 0x41, 0xC7, 0x06, 0x0C, 0x2F, 0xFE, 0x40,
	0xC4, 0x0F, 0xF0, 0x14, 0x40, 0x18, 0x23, 0x27, 0x47, 0xC7, 0xF2, 0x0B, 0x6C, 0x02, 0x22, 0x47,
	0x2B, 0xC5, 0x78, 0xA0, 0x21, 0xCD, 0xD8, 0x82, 0x5E, 0x01, 0x2C, 0x71, 0x64, 0xA6, 0xEC, 0x54,
	0x09, 0xAA, 0xC1, 0x53, 0x20, 0x42, 0x00, 0x78, 0x22, 0x82, 0x00, 0x46, 0xC2, 0x26, 0xB4, 0xA9,
	0x00, 0x0C, 0x07, 0x12, 0x0C, 0x36, 0x6C, 0xDB, 0x45, 0xC2, 0x06, 0xC2, 0x9B, 0x7E, 0x32, 0xDD,
	0x5F, 0x22, 0x82, 0x0D, 0x38, 0x43, 0x00, 0x41, 0x9F, 0xBD, 0x47, 0xC2, 0x05, 0xC2, 0xC3, 0x40,
	0x22, 0x3D, 0x26, 0x42, 0x0C, 0x6B, 0x00, 0x06, 0x0B, 0x54, 0x70, 0x1F, 0x22, 0xCC, 0x00, 0x40,
	0x2A, 0x1E, 0x01, 0x05, 0xC3, 0x06, 0xC2, 0xC5, 0x78, 0xC0, 0x25, 0xE2, 0x16, 0x74, 0x7A, 0x00,
	0x22, 0x04, 0x34, 0x11, 0x58, 0x21, 0x0E, 0x43, 0xC2, 0x07, 0xC2, 0x60, 0x8D, 0xDB, 0x47, 0x00,
	0x00, 0xFF, 0x19, 0x5C, 0x64, 0x00, 0x24, 0x82, 0x54, 0xF5, 0x00, 0x0A, 0xA8, 0x09, 0x4C, 0x8A,
	0x6D, 0x70, 0x48, 0xC2, 0x4C, 0x71, 0x40, 0xB0, 0xBA, 0x1F, 0x55, 0x90, 0xE5, 0x7E, 0x40, 0x96,
	0x06, 0xC0, 0x88, 0xBA, 0x16, 0x26, 0x00, 0x30, 0x24, 0xAC, 0x5F, 0x07, 0x48, 0x0B, 0x44, 0xC0,
	0x40, 0xB6, 0x04, 0xC4, 0x1E, 0xF0, 0x66, 0xEA, 0x03, 0xCA, 0x22, 0x8C, 0x6B, 0x06, 0x16, 0x01,
	0xE2, 0x6E, 0x0D, 0xBA, 0x05, 0x22, 0x8D, 0x54, 0xE2, 0x00, 0x01, 0x12, 0x01, 0x45, 0x7E, 0xE5,
	0x7A, 0x08, 0xE8, 0x8A, 0x20, 0xC7, 0x0F, 0x00, 0xB5, 0x00, 0xB6, 0x0C, 0x70, 0x08, 0x5C, 0x1D,
	0x0D, 0x00, 0x1D, 0xC4, 0x17, 0x00, 0x1E, 0xC4, 0x17, 0x8C, 0xB8, 0x00, 0xB2, 0x65, 0x71, 0x03,
	0xC0, 0x5C, 0x7C, 0x00, 0x02, 0x0B, 0x24, 0x90, 0xB2, 0x69, 0x44, 0x23, 0x40, 0x00, 0x77, 0x70,
	0x25, 0x7D, 0x49, 0xC0, 0xA7, 0xF2, 0xCD, 0x71, 0x10, 0x13, 0xF3, 0x1E, 0xA8, 0x09, 0x56, 0x11,
	0xCA, 0x32, 0x66, 0x7E, 0xF4, 0x01, 0x03, 0x76, 0x0F, 0xA0, 0x01, 0x41, 0xDA, 0xF5, 0x01, 0x52,
	0x46, 0xD0, 0xF3, 0xDA, 0xAD, 0x01, 0x2E, 0x5F, 0x04, 0x0B, 0xD9, 0x0B, 0xC5, 0x03, 0x3A, 0x45,
	0x03, 0xF0, 0xC5, 0x03, 0x16, 0x47, 0x03, 0x12, 0xD9, 0x12, 0xC5, 0x03, 0x32, 0x46, 0x08, 0x08,
	0xDA, 0xF5, 0x01, 0x12, 0x5F, 0x04, 0xF8, 0xDA, 0xB6, 0x21, 0x0E, 0x54, 0x8A, 0x20, 0x0C, 0x02,
	0x0D, 0xFA, 0x08, 0x20, 0x01, 0x0C, 0x70, 0x9A, 0x09, 0xCF, 0xFD, 0x03, 0x12, 0x82, 0x30, 0x29,
	0x68, 0x6E, 0x04, 0x7E, 0x04, 0x21, 0x2F, 0xAA, 0xEA, 0x42, 0x0A, 0x0C, 0x79, 0x76, 0xD8, 0x88,
	0x13, 0x0C, 0xCD, 0x11, 0x6A, 0x1D, 0xD9, 0x6A, 0x5D, 0x01, 0x0D, 0xCD, 0x08, 0xE2, 0x22, 0xBC,
	0x75, 0x05, 0xDA, 0x06, 0xC0, 0xC7, 0x08, 0xA1, 0x03, 0x11, 0xCF, 0x02, 0xA2, 0x0D, 0x00, 0x27,
	0x2E, 0x00, 0xC2, 0x0E, 0x64, 0x0E, 0xF5, 0x01, 0x9E, 0x21, 0x45, 0x26, 0xEF, 0x27, 0x35, 0x00,
	0xA6, 0x4E, 0x03, 0x20, 0xDA, 0x4C, 0x22, 0xCC, 0x39, 0x22, 0x15, 0xE4, 0x06, 0x21, 0xC4, 0x81,
	0x12, 0x19, 0x25, 0x18, 0x21, 0xCE, 0xCF, 0x02, 0xB9, 0x06, 0xAE, 0xFD, 0xFF, 0x00, 0x00, 0x09,
	0x0F, 0x21, 0x00, 0x00, 0x07, 0xC1, 0x0F, 0x78, 0xCD, 0x77, 0x59, 0x61, 0x24, 0xEC, 0x38, 0x57,
	0x33, 0x70, 0xA2, 0x0F, 0x11, 0x7B, 0x12, 0x1C, 0xC1, 0x3F, 0x0F, 0x2E, 0x1F, 0x04, 0x32, 0x5E,
	0x12, 0x2C, 0x70, 0xB5, 0x0A, 0x4A, 0x0D, 0x38, 0x02, 0x44, 0x0C, 0x04, 0x43, 0xFB, 0xFF, 0xF7,
	0xDF, 0x1B, 0xF0, 0xF6, 0x25, 0x26, 0x0B, 0x74, 0x25, 0xF5, 0x01, 0x2A, 0x45, 0x0F, 0x61, 0x27,
	0x35, 0x00, 0x1E, 0x54, 0x01, 0x09, 0x80, 0xDA, 0x2B, 0xF0, 0xCD, 0x77, 0xC3, 0x43, 0xF9, 0xFF,
	0xF7, 0xD7, 0x22, 0x66, 0xF2, 0x4C, 0x70, 0x12, 0xC0, 0x24, 0x04, 0x8D, 0x70, 0x41, 0xC2, 0x40,
	0xC6, 0x19, 0x27, 0xD7, 0x01, 0xAF, 0x78, 0x2E, 0x56, 0x0E, 0x42, 0xC4, 0xE6, 0x07, 0xCE, 0x0A,
	0x2A, 0x56, 0x01, 0xD6, 0x0D, 0x2A, 0x55, 0x01, 0xB2, 0x4E, 0x03, 0x7F, 0xDA, 0x24, 0x44, 0x2E,
	0x0F, 0x62, 0x00, 0x09, 0xC1, 0x06, 0xC0, 0x2B, 0x09, 0x21, 0x00, 0xAF, 0x7E, 0x05, 0xC0, 0x10,
	0xDA, 0x6C, 0x71, 0x75, 0x0B, 0x45, 0x21, 0xC6, 0xD0, 0x07, 0xC0, 0x12, 0x50, 0x26, 0xB4, 0x0B,
	0x08, 0x6A, 0x08, 0xA0, 0x04, 0xC1, 0x40, 0x47, 0xF0, 0x00, 0x16, 0x83, 0x9E, 0x21, 0xC1, 0xBD,
	0x22, 0x06, 0x59, 0x5F, 0x20, 0x0E, 0xB4, 0x9F, 0x23, 0x06, 0x0B, 0x09, 0xC1, 0x12, 0xB8, 0x26,
	0x01, 0x41, 0x00, 0x58, 0x63, 0x16, 0x13, 0x27, 0xB0, 0x88, 0x09, 0x23, 0x65, 0x86, 0x0F, 0x21,
	0x0C, 0x2E, 0x5C, 0xBB, 0x55, 0xFC, 0x7E, 0x21, 0x24, 0x2B, 0x06, 0x86, 0x08, 0x40, 0x03, 0x10,
	0xD8, 0xA1, 0x41, 0xEA, 0x4E, 0x6C, 0xC1, 0x42, 0x46, 0x6C, 0x74, 0xEE, 0x44, 0x69, 0x0C, 0x4C,
	0x71, 0x84, 0x25, 0x82, 0x12, 0x85, 0x25, 0x41, 0x11, 0xEF, 0x7A, 0x10, 0xD8, 0xCE, 0x4E, 0x03,
	0xA1, 0x41, 0x0F, 0x06, 0x20, 0xD9, 0xD2, 0x8E, 0x03, 0xFE, 0x0E, 0x22, 0x2D, 0x72, 0x2A, 0x47,
	0x07, 0x0C, 0x70, 0x0A, 0x23, 0x54, 0x24, 0x21, 0xDD, 0x20, 0x09, 0x0C, 0x54, 0x00, 0x0E, 0x32,
	0xD9, 0x03, 0xC1, 0x03, 0xCA, 0x20, 0x89, 0x1E, 0xE8, 0x15, 0xE9, 0x04, 0xC5, 0xCD, 0x70, 0x01,
	0x15, 0x8F, 0x14, 0x80, 0xD8, 0xBE, 0x09, 0x60, 0x03, 0xE1, 0x41, 0x0D, 0xBF, 0x05, 0x27, 0x22,
	0x25, 0x41, 0x18, 0x21, 0x4C, 0x4D, 0x07, 0x03, 0xC0, 0xC5, 0x71, 0x00, 0x88, 0xE5, 0x0E, 0x04,
	0x90, 0xBE, 0x44, 0xA2, 0x09, 0x7D, 0x44, 0x8A, 0x0E, 0x13, 0x00, 0x73, 0x22, 0x96, 0xBC, 0x75,
	0x0A, 0x21, 0x7C, 0x4A, 0x21, 0x6D, 0x78, 0x06, 0x22, 0x4C, 0x7F, 0x07, 0x16, 0xF2, 0x04, 0xC3,
	0x4A, 0x22, 0x00, 0x00, 0x01, 0x13, 0x22, 0x2C, 0x33, 0x03, 0x8B, 0xB9, 0x0D, 0xB8, 0x3B, 0x7C,
	0x24, 0x84, 0x3F, 0x04, 0x18, 0x01, 0x20, 0xB0, 0x80, 0xB0, 0x44, 0x55, 0x62, 0x20, 0x0C, 0x12,
	0x08, 0x0A, 0x64, 0x80, 0x20, 0x40, 0xE0, 0x78, 0x28, 0xDE, 0x20, 0x40, 0x75, 0x06, 0x20, 0x06,
	0x0D, 0xC7, 0x6F, 0x0E, 0x1F, 0x17, 0x8D, 0x5D, 0x0F, 0x3E, 0x5C, 0x0F, 0x04, 0xA1, 0x41, 0x40,
	0x2D, 0x41, 0x13, 0x8B, 0x25, 0x9D, 0xD1, 0x18, 0x11, 0xEA, 0x21, 0x00, 0xB1, 0x05, 0x06, 0x22,
	0x86, 0x03, 0x05, 0xC1, 0x06, 0xD7, 0x67, 0x71, 0x74, 0x12, 0x00, 0x02, 0x20, 0x88, 0xD1, 0x0B,
	0x64, 0xB0, 0x20, 0x40, 0x8C, 0x26, 0xFF, 0x17, 0x21, 0xE9, 0x10, 0x14, 0x1B, 0x30, 0xED, 0x70,
	0x4D, 0xB8, 0x1F, 0x64, 0x75, 0x21, 0x25, 0x72, 0x34, 0x6C, 0x73, 0x05, 0x40, 0x29, 0x4D, 0x03,
	0x05, 0x25, 0x83, 0x1F, 0x65, 0x76, 0x05, 0x0D, 0x48, 0x13, 0x21, 0x33, 0x81, 0xB2, 0xDA, 0x08,
	0x0C, 0x11, 0x55, 0x09, 0x6E, 0x0E, 0xE3, 0x00, 0xB5, 0x05, 0x11, 0xE5, 0x4D, 0x1B, 0xD5, 0x21,
	0x7D, 0xEF, 0x72, 0x02, 0x5A, 0x03, 0xB6, 0x21, 0x7D, 0x29, 0x32, 0x5C, 0x00, 0xBE, 0x1C, 0xBA,
	0x08, 0x7D, 0x1C, 0x5A, 0x9C, 0x01, 0x03, 0x03, 0x00, 0x90, 0xD0, 0xAA, 0x08, 0x7D, 0x50, 0x12,
	0x5C, 0x01, 0x64, 0x7B, 0x01, 0x19, 0xE8, 0x08, 0xC7, 0x6C, 0x0E, 0x0B, 0xCD, 0x70, 0x85, 0x27,
	0x3E, 0x10, 0x01, 0x13, 0x8D, 0x34, 0xEF, 0x78, 0x82, 0x08, 0x66, 0x14, 0x0D, 0xBD, 0x04, 0x1A,
	0x36, 0xEF, 0x04, 0x0C, 0xD9, 0x66, 0x56, 0x08, 0x18, 0x43, 0x65, 0x08, 0x1B, 0x04, 0x10, 0x0A,
	0xC0, 0x04, 0xC7, 0x4A, 0x26, 0x00, 0x10, 0x85, 0x20, 0x3E, 0x00, 0x48, 0xC0, 0x7E, 0x1F, 0x08,
	0xC0, 0x0D, 0x0F, 0x3A, 0x56, 0x08, 0x0F, 0x78, 0x06, 0x11, 0x88, 0xB8, 0x2E, 0x1D, 0x01, 0xE1,
	0x5F, 0x08, 0x0C, 0xD9, 0x22, 0x46, 0x08, 0x63, 0x40, 0x64, 0x08, 0x0F, 0x23, 0xE8, 0x4A, 0x27,
	0x00, 0x10, 0x04, 0xC0, 0x01, 0x10, 0x8D, 0x04, 0x44, 0xC0, 0x80, 0xD8, 0x02, 0x08, 0xAE, 0x27,
	0x4E, 0x13, 0x4E, 0x07, 0x26, 0x81, 0x94, 0x1E, 0x67, 0x27, 0xEA, 0x0F, 0x20, 0x64, 0x27, 0x86,
	0x02, 0x16, 0x01, 0x0C, 0x06, 0x7C, 0x09, 0x7E, 0x1E, 0xC9, 0x0F, 0x7C, 0x12, 0x6D, 0x1B, 0xCE,
	0x4C, 0x87, 0xEC, 0x6C, 0x09, 0xE6, 0x0B, 0xA0, 0x02, 0x10, 0xD9, 0x62, 0x0E, 0x00, 0x03, 0xAA,
	0xC0, 0x2E, 0x9E, 0xED, 0xCB, 0x46, 0x05, 0x0C, 0xF4, 0x21, 0xF6, 0xFC, 0xFF, 0xD9, 0x22, 0x9C,
	0x3F, 0x0D, 0x68, 0x0B, 0x46, 0xC0, 0x04, 0x96, 0x47, 0xC0, 0x08, 0x1E, 0x05, 0x10, 0x20, 0xB6,
	0x40, 0x8F, 0x7C, 0x07, 0x09, 0x9B, 0x0B, 0x4F, 0x22, 0x01, 0x02, 0x90, 0x1E, 0x44, 0x90, 0x00,
	0x88, 0xAD, 0xCE, 0xF4, 0x21, 0x37, 0x75, 0x93, 0x09, 0x30, 0x4C, 0xB5, 0x00, 0x02, 0x9E, 0x00,
	0xFA, 0xDD, 0x9F, 0xBD, 0x42, 0x25, 0x9B, 0x10, 0x22, 0x95, 0xFE, 0x13, 0x80, 0xB0, 0x60, 0x95,
	0x81, 0x95, 0x22, 0x14, 0xFB, 0x06, 0xFF, 0x13, 0x9F, 0xB0, 0xFD, 0x13, 0x8B, 0xB0, 0x44, 0x15,
	0xD3, 0x2E, 0x31, 0x00, 0x07, 0x07, 0xAC, 0x1C, 0xC0, 0x32, 0x21, 0xCF, 0x2A, 0x37, 0x1E, 0x0F,
	0x21, 0x2C, 0x56, 0x44, 0xC7, 0x7C, 0x04, 0x0F, 0xC3, 0x43, 0x07, 0x90, 0x84, 0xE0, 0x1B, 0x79,
	0x05, 0x21, 0xC0, 0x00, 0x40, 0xB0, 0x40, 0x95, 0x02, 0x6B, 0x22, 0x14, 0xE6, 0x0B, 0x8C, 0x6B,
	0x01, 0x95, 0x05, 0x21, 0x02, 0x03, 0x00, 0xB2, 0x0A, 0x6B, 0x42, 0x95, 0x64, 0x02, 0x05, 0xFF,
	0x13, 0x83, 0xB0, 0x42, 0x24, 0x00, 0x19, 0x24, 0xBE, 0xE6, 0x0A, 0xE0, 0x0E, 0x16, 0x82, 0xB0,
	0x0D, 0x02, 0x03, 0x13, 0x29, 0x25, 0xFE, 0x6C, 0x01, 0x04, 0x79, 0x40, 0xB1, 0x17, 0x0E, 0x13,
	0x30, 0x26, 0xB4, 0xBA, 0x05, 0x00, 0x8F, 0x2A, 0x78, 0x00, 0x26, 0x1E, 0x30, 0x6E, 0x34, 0xF8,
	0x2A, 0x21, 0x15, 0x68, 0x77, 0x07, 0x39, 0x88, 0x00, 0xBA, 0x46, 0x87, 0x2C, 0x70, 0x21, 0x3D,
	0xC9, 0xB6, 0x0F, 0xF1, 0x04, 0xB6, 0x20, 0x94, 0x1B, 0x07, 0x80, 0x0A, 0x3D, 0x79, 0xA0, 0xB9,
	0x24, 0x77, 0x21, 0xA8, 0x2E, 0x2D, 0xEE, 0xEA, 0x21, 0x9D, 0x89, 0xA1, 0x22, 0x06, 0xBD, 0x70,
	0x82, 0x74, 0xA6, 0x07, 0xD9, 0xCD, 0x71, 0xCB, 0x45, 0x05, 0x90, 0xF0, 0xE1, 0xDB, 0x46, 0xFB,
	0x92, 0x00, 0x4D, 0x0A, 0x73, 0x04, 0x03, 0x00, 0x12, 0x20, 0xE6, 0xC0, 0xB5, 0x0A, 0x13, 0x0F,
	0x35, 0x00, 0xC0, 0x04, 0xE8, 0x96, 0x1D, 0x84, 0x93, 0x24, 0xF0, 0x84, 0x27, 0x07, 0x1C, 0x4F,
	0x27, 0x80, 0x12, 0x51, 0x1D, 0x1C, 0x90, 0x8A, 0x20, 0x0F, 0x0A, 0x46, 0x0E, 0xBD, 0x30, 0x0F,
	0x0D, 0x37, 0x42, 0x0D, 0x01, 0x3A, 0x55, 0x01, 0xD0, 0x5C, 0x04, 0x03, 0x89, 0xBF, 0x81, 0x13,
	0x01, 0x37, 0x64, 0x06, 0x09, 0xD0, 0x1D, 0x05, 0x90, 0x51, 0x1D, 0xDC, 0x93, 0x07, 0xC8, 0xC4,
	0xB9, 0x5C, 0xEE, 0x21, 0x2E, 0xCB, 0x20, 0xB2, 0x0D, 0xF0, 0xC3, 0x03, 0xCB, 0x90, 0x50, 0xE0,
	0x07, 0xD2, 0xC0, 0x21, 0xA2, 0x03, 0x3C, 0x19, 0x45, 0x00, 0x2E, 0xFD, 0x27, 0xAB, 0x5C, 0x12,
	0x03, 0x0A, 0x69, 0x45, 0xC2, 0x20, 0x42, 0x74, 0x36, 0x09, 0x6C, 0x0B, 0x53, 0x08, 0xB4, 0x00,
	0x41, 0xC3, 0xB9, 0x0A, 0xB5, 0x00, 0x7C, 0xB3, 0x24, 0x74, 0x35, 0x0F, 0x8C, 0x20, 0xD8, 0x8F,
	0xB4, 0x00, 0x2D, 0x00, 0x41, 0xDB, 0x03, 0xCA, 0xC0, 0x8F, 0xC1, 0xDC, 0x14, 0x72, 0x26, 0x2C,
	0x58, 0x00, 0x02, 0x21, 0x8F, 0xCA, 0x24, 0xC5, 0x10, 0x01, 0xC3, 0xC1, 0x42, 0x08, 0xF0, 0x0B,
	0x0B, 0x2E, 0x10, 0x14, 0x23, 0x00, 0x00, 0x67, 0x79, 0x50, 0x78, 0xF5, 0x21, 0xA4, 0xF2, 0x12,
	0xBB, 0x1D, 0x00, 0xC0, 0x88, 0x21, 0x55, 0x30, 0x24, 0x21, 0x36, 0x30, 0x8A, 0x0E, 0x40, 0x9E,
	0x5D, 0x00, 0x00, 0x21, 0xA4, 0x30, 0x0C, 0x01, 0x17, 0x8B, 0x10, 0xC0, 0x8F, 0x2A, 0xE1, 0x05,
	0x20, 0x4F, 0x00, 0x20, 0xF0, 0xE5, 0x27, 0x34, 0x25, 0x00, 0x02, 0x88, 0xC2, 0x01, 0xC5, 0x20,
	0x90, 0xF4, 0x22, 0x00, 0x03, 0x94, 0x7D, 0xC5, 0xB9, 0x19, 0x61, 0x48, 0x49, 0x04, 0x20, 0x4C,
	0xF5, 0x0A, 0x00, 0xFE, 0xFF, 0x6C, 0x70, 0xEA, 0xE2, 0x00, 0xB5, 0x85, 0xF7, 0x00, 0x21, 0x22,
	0x3D, 0xE9, 0xB6, 0x11, 0x1A, 0x09, 0x60, 0xB5, 0x0C, 0xBD, 0x07, 0x94, 0x78, 0x60, 0xB0, 0xD0,
	0x7C, 0xC3, 0x0B, 0x25, 0x93, 0x22, 0xFD, 0xD2, 0x07, 0x21, 0x4C, 0x29, 0x0E, 0x7F, 0x02, 0x01,
	0x00, 0xFA, 0x09, 0x4F, 0xFD, 0xF8, 0xF0, 0x11, 0xC0, 0x12, 0xC3, 0x40, 0xD9, 0x47, 0x4C, 0x5F,
	0x22, 0xC7, 0xF7, 0x02, 0x90, 0x20, 0x13, 0x39, 0x0B, 0x74, 0x23, 0x0F, 0x64, 0x43, 0xC0, 0x04,
	0x21, 0x84, 0xCA, 0x09, 0xC0, 0x20, 0x22, 0x01, 0x76, 0x08, 0xAF, 0xFD, 0x44, 0xC0, 0x20, 0x8F,
	0x24, 0x8E, 0x5F, 0x42, 0xC1, 0x04, 0xAD, 0x09, 0x02, 0xC0, 0x21, 0x8F, 0x10, 0x7E, 0x30, 0x76,
	0x48, 0x01, 0x0D, 0x00, 0x2A, 0x16, 0x56, 0x8C, 0xF2, 0x0E, 0x7A, 0x33, 0xE8, 0x74, 0x17, 0x11,
	0x8A, 0x47, 0x13, 0x45, 0x04, 0x9A, 0x46, 0xD5, 0x6D, 0x70, 0x22, 0xDE, 0x8D, 0xFF, 0xFF, 0x22,
	0x5C, 0x4F, 0x5D, 0x9D, 0x10, 0x6C, 0x9D, 0x0F, 0x05, 0x21, 0xC3, 0x02, 0x7B, 0x7D, 0x04, 0xC3,
	0x40, 0xD8, 0x50, 0x7A, 0xA5, 0x7B, 0xA0, 0x93, 0x90, 0x7B, 0x22, 0x6C, 0x4F, 0x00, 0x25, 0x04,
	0x25, 0x1E, 0x10, 0x53, 0x25, 0x4C, 0x11, 0xBD, 0x78, 0x00, 0x24, 0x8C, 0x17, 0x6C, 0x20, 0x40,
	0x01, 0x98, 0x60, 0x09, 0x20, 0x82, 0x00, 0x08, 0x20, 0xCC, 0x00, 0x01, 0xC3, 0x90, 0x79, 0x50,
	0x78, 0x38, 0x60, 0xD4, 0x7B, 0x1D, 0x78, 0x00, 0xB3, 0x08, 0xF0, 0x02, 0xC0, 0x01, 0xC5, 0x0F,
	0x78, 0x36, 0x09, 0x20, 0x00, 0xD4, 0x5F, 0x90, 0x00, 0xC1, 0x25, 0x21, 0xA4, 0x81, 0x11, 0x50,
	0x06, 0x00, 0x01, 0xC1, 0x9A, 0xE9, 0x9D, 0x0E, 0x10, 0x10, 0xA1, 0x0E, 0x50, 0x10, 0xA5, 0x0E,
	0x90, 0x10, 0x25, 0x0E, 0xD1, 0x10, 0x22, 0xAF, 0x30, 0x2A, 0x01, 0x11, 0x0C, 0x3D, 0x21, 0xA4,
	0x27, 0x0D, 0x2B, 0x01, 0x41, 0x6B, 0x21, 0x6A, 0xCA, 0x22, 0xC1, 0x00, 0xD5, 0x72, 0x0F, 0x0E,
	0xF4, 0x10, 0x22, 0xF4, 0xAC, 0x7E, 0x03, 0x2E, 0x01, 0x26, 0xA6, 0xA6, 0x20, 0x89, 0x22, 0x17,
	0xC5, 0x3D, 0x0A, 0x7E, 0x04, 0x04, 0x21, 0x1D, 0xC5, 0x32, 0x21, 0xAD, 0xF1, 0x8A, 0x21, 0x2D,
	0x50, 0x15, 0x11, 0x9A, 0x5A, 0x00, 0x25, 0x21, 0x8D, 0x2E, 0x80, 0x08, 0x86, 0x00, 0x03, 0xAE,
	0x0E, 0xE0, 0x02, 0x29, 0x14, 0x80, 0x30, 0x11, 0x08, 0x74, 0x08, 0x2A, 0xC1, 0x11, 0x09, 0x1E,
	0x00, 0x00, 0x1D, 0x43, 0x22, 0x37, 0xFE, 0x09, 0x1E, 0x80, 0x05, 0x02, 0x03, 0x44, 0x3D, 0x08,
	0x2F, 0x21, 0xC7, 0x06, 0xD4, 0x7B, 0x40, 0x93, 0x0B, 0x0A, 0x64, 0x46, 0x44, 0x30, 0x4A, 0x0C,
	0x2B, 0x24, 0x4E, 0xE2, 0x66, 0xF1, 0x6F, 0x0D, 0x27, 0x01, 0xCB, 0x9F, 0x00, 0x28, 0x01, 0xC7,
	0x9D, 0x00, 0x29, 0x03, 0x0C, 0xF1, 0xC0, 0x8F, 0x22, 0x15, 0xCF, 0x2D, 0x27, 0x45, 0x5B, 0x4D,
	0x21, 0x3E, 0x78, 0x01, 0xC0, 0x05, 0x1E, 0xB2, 0x21, 0x5C, 0xEE, 0x0D, 0xF4, 0x20, 0x40, 0x03,
	0x01, 0xCA, 0x06, 0xE8, 0x8A, 0xC0, 0x1E, 0x0C, 0x60, 0x01, 0x63, 0x41, 0x26, 0x4F, 0x4B, 0x19,
	0x08, 0x5E, 0x0E, 0x28, 0xC0, 0x15, 0x11, 0x99, 0x46, 0x32, 0x8F, 0xE4, 0x74, 0x04, 0xFE, 0x11,
	0xC0, 0x01, 0x0A, 0x8A, 0xC0, 0x05, 0xC0, 0x14, 0x20, 0x4D, 0x03, 0x56, 0x0B, 0x6F, 0xFF, 0x8A,
	0x55, 0x34, 0x00, 0x44, 0x40, 0x04, 0xD0, 0x7D, 0xA9, 0x09, 0x45, 0x83, 0xAB, 0x27, 0x3D, 0x67,
	0xA4, 0x0F, 0xB3, 0x28, 0x43, 0x03, 0x22, 0x4E, 0x26, 0x58, 0x01, 0x11, 0xA8, 0x07, 0x0C, 0x03,
	0x00, 0x42, 0x00, 0x91, 0x40, 0x2A, 0x0F, 0x03, 0x4F, 0x20, 0x0C, 0x00, 0xA0, 0xB8, 0x0C, 0xBA,
	0x21, 0x46, 0x5B, 0x22, 0x6E, 0x12, 0x88, 0x4C, 0x00, 0x2E, 0x25, 0x78, 0x80, 0x90, 0x17, 0x0C,
	0x75, 0x11, 0xAD, 0x70, 0x55, 0x24, 0x00, 0x1D, 0xE5, 0x78, 0x59, 0x26, 0xCD, 0x1A, 0x1B, 0x78,
	0xA5, 0x78, 0xA0, 0x90, 0x54, 0x21, 0x00, 0x0A, 0x65, 0x78, 0x60, 0x90, 0x03, 0xCA, 0x43, 0xC5,
	0x1F, 0x23, 0x01, 0x03, 0x14, 0x72, 0x8A, 0x20, 0x04, 0x08, 0x42, 0xC4, 0xA2, 0x79, 0x06, 0xB9,
	0x04, 0x29, 0xC3, 0x00, 0x70, 0x79, 0x41, 0xC1, 0xA0, 0xD9, 0x22, 0x2E, 0xB2, 0x75, 0x48, 0x0E,
	0x74, 0x40, 0x11, 0x21, 0x04, 0xC8, 0x00, 0x03, 0xC0, 0xAD, 0x23, 0x84, 0x09, 0xC3, 0x41, 0x7A,
	0x02, 0x06, 0x00, 0x86, 0x0A, 0x6F, 0xFF, 0x0C, 0x74, 0xB0, 0x78, 0xA4, 0xC0, 0x26, 0x7D, 0x69,
	0xA6, 0x15, 0xF9, 0x60, 0xE0, 0x21, 0x15, 0xFE, 0x32, 0x21, 0x95, 0x6E, 0xF5, 0x45, 0x4F, 0xE2,
	0x07, 0xE7, 0x88, 0x05, 0xC0, 0x22, 0x0C, 0x3F, 0x0B, 0x9B, 0x00, 0x44, 0x21, 0x40, 0x00, 0x0D,
	0x0B, 0x20, 0x30, 0x2C, 0x71, 0x2A, 0x09, 0x44, 0xC8, 0x02, 0xCA, 0x0A, 0xE8, 0xAE, 0x0A, 0x13,
	0xF0, 0x3F, 0x02, 0x00, 0x50, 0xC3, 0x52, 0x0A, 0x57, 0x7E, 0x73, 0xCB, 0x46, 0x77, 0xAF, 0x0B,
	0xD9, 0x66, 0x0D, 0xD0, 0x02, 0x03, 0x38, 0x11, 0xD9, 0x5E, 0x9F, 0x00, 0x12, 0xD9, 0x56, 0x9E,
	0x00, 0x14, 0x6F, 0x21, 0x45, 0x5C, 0x33, 0x22, 0xF4, 0xDA, 0x16, 0xC2, 0x4C, 0x44, 0xC0, 0x16,
	0x19, 0x4D, 0x7E, 0x21, 0xC4, 0x4A, 0x21, 0xCE, 0xFE, 0xC2, 0x2C, 0x23, 0x35, 0x76, 0x17, 0x40,
	0x72, 0x05, 0x01, 0x12, 0x80, 0x04, 0x24, 0x71, 0x0D, 0xB8, 0xEF, 0xEF, 0x60, 0xB0, 0x04, 0x5C,
	0xC5, 0x01, 0xED, 0x09, 0x04, 0x80, 0xBF, 0xD0, 0xDE, 0x09, 0xA0, 0x4E, 0xDB, 0x7E, 0x08, 0x06,
	0x22, 0x07, 0xC8, 0x0C, 0x46, 0x24, 0x9C, 0x59, 0x22, 0x3E, 0x2D, 0xA0, 0xB0, 0xBE, 0x03, 0xBE,
	0x09, 0x7E, 0x90, 0x10, 0xD9, 0x0D, 0x6F, 0xE0, 0x4C, 0x0F, 0x03, 0x10, 0xD9, 0xCF, 0xDA, 0xC2,
	0x09, 0x04, 0x1C, 0x47, 0x01, 0xFF, 0xDA, 0xB6, 0x85, 0x01, 0x9F, 0x09, 0x81, 0x1B, 0x12, 0xF3,
	0x49, 0x05, 0xC0, 0x4C, 0x21, 0x0C, 0x32, 0x05, 0xFE, 0xFF, 0xFF, 0xFF, 0xF9, 0x61, 0xD9, 0x61,
	0x12, 0xF3, 0x47, 0x41, 0x30, 0xE6, 0x11, 0x08, 0x15, 0x22, 0xF4, 0x26, 0x6F, 0x09, 0xB0, 0x36,
	0x72, 0x4E, 0x09, 0x0A, 0xD9, 0x7E, 0x0F, 0x13, 0xE8, 0x0E, 0x0A, 0x8C, 0xBA, 0x0E, 0xE7, 0xA5,
	0x71, 0x12, 0x58, 0x4E, 0x03, 0x43, 0xC0, 0x0D, 0xB9, 0x05, 0x21, 0xBD, 0x13, 0x40, 0x9D, 0x13,
	0xE9, 0x11, 0x89, 0x63, 0x10, 0x0D, 0x3F, 0x0D, 0x7E, 0x1D, 0x07, 0xC8, 0xF5, 0x12, 0x0E, 0x21,
	0x94, 0xCC, 0x14, 0x70, 0x11, 0x07, 0xFF, 0xFE, 0x20, 0xB0, 0xBE, 0x08, 0xA0, 0x01, 0x14, 0xD8,
	0x2C, 0x6C, 0x6F, 0x01, 0xA2, 0xC1, 0xCB, 0x45, 0x9C, 0xD2, 0x06, 0x95, 0xCC, 0xD9, 0x40, 0xC0,
	0x04, 0x95, 0x41, 0xC0, 0xA6, 0x8A, 0x33, 0xFF, 0x0E, 0x97, 0x44, 0xB5, 0x21, 0xFD, 0x66, 0xB5,
	0xAC, 0x4E, 0x00, 0x02, 0xF4, 0x00, 0x8B, 0x08, 0x30, 0x00, 0x33, 0xD9, 0x0C, 0x75, 0xC6, 0x08,
	0x6F, 0xFF, 0x10, 0xB9, 0x07, 0x12, 0x0B, 0x36, 0x12, 0x1A, 0x56, 0x84, 0x00, 0x22, 0xCC, 0x22,
	0x01, 0x42, 0x23, 0x1F, 0x31, 0x6E, 0x38, 0x44, 0x04, 0x0E, 0x92, 0x03, 0x03, 0x12, 0x80, 0x70,
	0x09, 0xF4, 0x21, 0x8C, 0x00, 0x7B, 0x7E, 0x05, 0x26, 0xC3, 0x16, 0x80, 0xB3, 0x6C, 0x01, 0x00,
	0x0F, 0x40, 0x23, 0x8F, 0x30, 0xC5, 0x7F, 0x40, 0x21, 0x1E, 0x03, 0x80, 0xB7, 0xF4, 0x26, 0x8C,
	0x30, 0x05, 0x26, 0xCF, 0x17, 0x40, 0x21, 0x03, 0x04, 0x80, 0xB7, 0x54, 0x71, 0x59, 0x61, 0xF4,
	0x23, 0x82, 0x4F, 0x08, 0x80, 0x30, 0xC5, 0x44, 0xD0, 0x00, 0x10, 0x44, 0x89, 0x42, 0x27, 0x03,
	0x39, 0x05, 0x26, 0xCC, 0x10, 0x40, 0xB4, 0x1A, 0x4B, 0x66, 0x89, 0x05, 0x26, 0x0C, 0x10, 0x42,
	0x68, 0x60, 0xB4, 0x08, 0x89, 0x45, 0x7E, 0x4C, 0x71, 0x00, 0xB6, 0xCC, 0xF5, 0x22, 0xFD, 0x32,
	0x84, 0x13, 0xD9, 0x61, 0x04, 0x4C, 0x00, 0xA6, 0xCF, 0x4A, 0x08, 0x74, 0x2E, 0x21, 0xED, 0x70,
	0xB5, 0x21, 0xE6, 0xD2, 0xB5, 0xA2, 0x2B, 0x8C, 0x03, 0x0C, 0xB5, 0xC1, 0x28, 0x46, 0x35, 0xD9,
	0x51, 0xC0, 0xC8, 0xD8, 0x11, 0xB9, 0x52, 0xC3, 0x06, 0x5F, 0x17, 0x48, 0x47, 0xA6, 0x11, 0xFB,
	0x07, 0xC1, 0x40, 0xB2, 0x21, 0xF4, 0x2B, 0x00, 0x05, 0x48, 0xC0, 0x08, 0x45, 0xC8, 0xD8, 0x05,
	0xEF, 0x1B, 0xD9, 0x12, 0xB9, 0x03, 0xF0, 0x6B, 0xD9, 0x10, 0xB9, 0xE6, 0x0F, 0x0F, 0xFF, 0x94,
	0x17, 0x80, 0x64, 0x02, 0x54, 0x24, 0xC3, 0x39, 0xD6, 0x54, 0x05, 0x08, 0xE1, 0x40, 0xC8, 0xD8,
	0x06, 0xEE, 0x73, 0xD9, 0xC6, 0x0F, 0x2F, 0x5C, 0x1F, 0x02, 0x2B, 0xF0, 0x6D, 0xD9, 0xBE, 0x84,
	0x01, 0x00, 0x04, 0x1D, 0x0D, 0xF0, 0x10, 0x71, 0xD9, 0x25, 0x0D, 0x70, 0x10, 0x6F, 0xD9, 0x23,
	0x0D, 0xB0, 0x10, 0x07, 0xD9, 0x96, 0xED, 0x37, 0xD9, 0x6E, 0x0D, 0x0D, 0xF0, 0x05, 0x01, 0x9A,
	0x8F, 0x04, 0x0C, 0x72, 0x0A, 0x4D, 0x01, 0x10, 0x5C, 0x0B, 0x02, 0xC8, 0xD8, 0x14, 0xB9, 0x86,
	0x5E, 0x0B, 0x0C, 0x71, 0x21, 0x8C, 0xDE, 0x21, 0xDC, 0x33, 0x0C, 0xC3, 0x41, 0x72, 0x00, 0x01,
	0x00, 0x66, 0x0C, 0x2F, 0xFD, 0xA1, 0x42, 0x14, 0xC0, 0x22, 0x5D, 0x11, 0x4B, 0x21, 0x54, 0xAA,
	0x06, 0x81, 0x30, 0x00, 0x43, 0x12, 0xC0, 0x49, 0xC1, 0x4E, 0x45, 0x01, 0x09, 0x21, 0x3D, 0xAE,
	0x4D, 0x21, 0x77, 0xE0, 0x40, 0xC2, 0x0B, 0x11, 0x43, 0x22, 0xC3, 0x41, 0x74, 0x11, 0x01, 0x61,
	0x42, 0x57, 0x0A, 0xC8, 0xD8, 0x21, 0x4C, 0x65, 0x00, 0x06, 0xFF, 0x10, 0x83, 0x84, 0x40, 0x88,
	0xF7, 0x10, 0x8D, 0x80, 0xF8, 0x10, 0x8C, 0x80, 0x25, 0x88, 0x20, 0x10, 0x80, 0x00, 0x14, 0x1C,
	0x01, 0x31, 0x22, 0xF4, 0x71, 0x22, 0x3E, 0xD0, 0x75, 0x00, 0x02, 0xAA, 0x41, 0xC4, 0x21, 0xCC,
	0x80, 0x7C, 0x10, 0x21, 0x0D, 0x81, 0x08, 0x21, 0x7F, 0x70, 0xF6, 0x00, 0x2C, 0x21, 0xBF, 0x7B,
	0x14, 0x0A, 0x09, 0x21, 0x4F, 0x4C, 0x0A, 0x79, 0x11, 0x21, 0xA4, 0x2D, 0x0C, 0x4A, 0xC0, 0x0B,
	0xC0, 0xCB, 0x08, 0x72, 0x00, 0xCD, 0x70, 0x0A, 0xC0, 0x4C, 0xC0, 0x09, 0x57, 0x0D, 0xAD, 0x08,
	0x44, 0x21, 0xEC, 0xB2, 0x09, 0x09, 0xC7, 0x4E, 0xC0, 0xAD, 0x70, 0x12, 0xC0, 0x85, 0x08, 0x6E,
	0x03, 0x75, 0x09, 0x76, 0x21, 0xF5, 0xFF, 0x63, 0x48, 0x0B, 0x03, 0x41, 0xC5, 0xC2, 0x0E, 0x2F,
	0xFF, 0x22, 0xFC, 0x9E, 0x22, 0xE5, 0xE8, 0x50, 0x22, 0xDD, 0xDC, 0xC4, 0x07, 0x07, 0x77, 0x00,
	0x03, 0x21, 0x8C, 0x97, 0x11, 0x4A, 0x12, 0x04, 0x4F, 0x4D, 0x0F, 0x9E, 0x66, 0x04, 0xC4, 0x10,
	0x56, 0x9F, 0xC0, 0xE0, 0x06, 0x08, 0xB0, 0xF7, 0x0F, 0x08, 0x1A, 0x23, 0x81, 0x44, 0x2A, 0x11,
	0x41, 0x59, 0x90, 0x6D, 0x0E, 0x1A, 0x21, 0x4C, 0x25, 0x12, 0xEA, 0x03, 0x19, 0x61, 0x05, 0x56,
	0x9A, 0x21, 0x6F, 0x8F, 0x19, 0x61, 0xA1, 0x5E, 0x00, 0x02, 0x01, 0x04, 0x06, 0x04, 0x83, 0x10,
	0x8C, 0x00, 0x82, 0x10, 0xC3, 0x13, 0x31, 0x15, 0x78, 0x4D, 0x0A, 0x56, 0x85, 0x09, 0x0E, 0x4C,
	0x5F, 0x22, 0xA4, 0x90, 0x0E, 0x73, 0x0D, 0xB4, 0x92, 0x4E, 0xC0, 0x0D, 0xC0, 0x10, 0x77, 0x68,
	0x07, 0xE5, 0xFF, 0xE5, 0x71, 0x0B, 0x0C, 0x77, 0x0F, 0x10, 0x76, 0x0C, 0xC0, 0x96, 0x20, 0x0A,
	0x05, 0x46, 0x07, 0xEB, 0xFF, 0x4C, 0xC0, 0x08, 0xC0, 0x67, 0x71, 0x22, 0x35, 0x6A, 0x0A, 0x4F,
	0x02, 0x14, 0x0A, 0x26, 0x4F, 0x02, 0x4A, 0xC0, 0x79, 0x46, 0x32, 0x0E, 0x0E, 0x6D, 0x31, 0xB5,
	0x2D, 0x6F, 0x7B, 0x03, 0x38, 0x47, 0x11, 0x63, 0x05, 0x07, 0xC0, 0x92, 0x5D, 0xAD, 0x4D, 0x13,
	0xD0, 0x5A, 0x01, 0x6F, 0x0B, 0x20, 0x89, 0xA4, 0xF8, 0x06, 0x25, 0x00, 0x50, 0xC0, 0x55, 0x1C,
	0x42, 0x30, 0x96, 0xD5, 0x41, 0x55, 0x21, 0x3D, 0xAD, 0x83, 0x9D, 0x00, 0xC6, 0x57, 0x05, 0x0C,
	0x71, 0x10, 0x57, 0x29, 0xF2, 0x01, 0x0C, 0x04, 0x64, 0x00, 0x0D, 0xC1, 0x16, 0xC0, 0x24, 0x75,
	0x49, 0xC1, 0x05, 0xC1, 0x52, 0xC0, 0x78, 0x23, 0xC0, 0x10, 0x24, 0x71, 0x04, 0x71, 0x4A, 0xC1,
	0x2C, 0x70, 0x53, 0xC0, 0x48, 0xC1, 0x13, 0xC1, 0x12, 0xC0, 0x22, 0xA7, 0xE1, 0x51, 0xC0, 0x11,
	0x55, 0x05, 0xA6, 0x56, 0x05, 0x09, 0xC0, 0x0C, 0x78, 0x7C, 0x2C, 0x12, 0xE8, 0x21, 0x01, 0x07,
	0xC0, 0xFF, 0xDA, 0x0E, 0xF1, 0x74, 0x06, 0x21, 0x0D, 0xD3, 0x84, 0x4D, 0x1D, 0x05, 0x4D, 0xF4,
	0x83, 0x5C, 0x00, 0x22, 0xB6, 0x81, 0x5E, 0x0D, 0x0E, 0x2B, 0x03, 0xC3, 0x0D, 0x68, 0x03, 0x0E,
	0x10, 0xC0, 0x3C, 0x21, 0x55, 0x74, 0x79, 0x0C, 0x34, 0x05, 0x30, 0x25, 0x78, 0x14, 0x71, 0x9D,
	0xF4, 0x03, 0x4D, 0x0A, 0x3A, 0x86, 0x02, 0x40, 0x30, 0x12, 0x93, 0x07, 0x93, 0xF2, 0x97, 0xC5,
	0x14, 0x57, 0x7E, 0x55, 0x3A, 0x26, 0x57, 0x13, 0x63, 0x40, 0x56, 0x47, 0xD5, 0x54, 0xC0, 0x57,
	0x54, 0x00, 0x21, 0x0D, 0xD2, 0xC1, 0x07, 0x97, 0x10, 0x71, 0xFE, 0x21, 0x95, 0x22, 0x8A, 0x4E,
	0x22, 0x04, 0xC1, 0x0D, 0x7D, 0x0B, 0x4F, 0x30, 0x4E, 0xC0, 0x0C, 0x23, 0x9C, 0xE8, 0x02, 0x0C,
	0x70, 0x46, 0xC0, 0x06, 0x55, 0x3E, 0xB3, 0x0F, 0x79, 0x00, 0xA5, 0xDB, 0x11, 0xD2, 0x2A, 0xBB,
	0x7B, 0x21, 0x84, 0xC9, 0x11, 0x40, 0x50, 0x08, 0xDA, 0x19, 0x61, 0x03, 0xC0, 0x6C, 0x78, 0x1B,
	0x61, 0x04, 0xC1, 0x7C, 0x06, 0x06, 0x2C, 0x78, 0x19, 0x63, 0x06, 0xC0, 0x06, 0xC3, 0x4C, 0x56,
	0xF1, 0x80, 0x10, 0x0E, 0x6A, 0x82, 0x10, 0x09, 0x1D, 0x83, 0x47, 0x4E, 0x40, 0xC2, 0x04, 0x55,
	0x54, 0x41, 0x5D, 0xB8, 0x82, 0x57, 0x53, 0xA6, 0x0C, 0x2F, 0x44, 0xBC, 0x03, 0x0E, 0xC7, 0x0F,
	0xC6, 0xAD, 0x71, 0x26, 0x67, 0xD3, 0x2B, 0x08, 0x7F, 0x21, 0xB7, 0x4E, 0xC0, 0x77, 0x98, 0x07,
	0x1E, 0x20, 0xC0, 0x03, 0x12, 0xE1, 0x59, 0x04, 0x5C, 0x44, 0x03, 0x02, 0x19, 0x94, 0x00, 0x98,
	0xC2, 0x22, 0xA4, 0x4F, 0x05, 0x7E, 0x00, 0x1F, 0x00, 0x1F, 0xDB, 0x12, 0xF0, 0x22, 0x4D, 0x9C,
	0x0A, 0x11, 0x59, 0x14, 0x98, 0x13, 0x70, 0x5A, 0x22, 0x0E, 0x9C, 0x02, 0x18, 0xEC, 0x04, 0x0B,
	0x7A, 0x00, 0x40, 0x00, 0x40, 0xDB, 0xFA, 0x08, 0x0F, 0xFD, 0xE5, 0x77, 0xC5, 0x77, 0x22, 0x37,
	0xE5, 0xD1, 0xF5, 0x0E, 0x23, 0xF7, 0x98, 0x4E, 0xC0, 0x06, 0x5C, 0x4C, 0x02, 0x46, 0xC0, 0x8A,
	0xE0, 0x0F, 0x9D, 0x01, 0x34, 0x45, 0x43, 0x4F, 0xCD, 0x1E, 0x04, 0x45, 0x03, 0x20, 0x5D, 0x01,
	0x44, 0x54, 0x42, 0x03, 0x77, 0x72, 0xB6, 0x06, 0xC5, 0xFF, 0x57, 0xA8, 0xDA, 0x05, 0xBA, 0x12,
	0x33, 0x64, 0x0B, 0xC0, 0x03, 0x21, 0x45, 0xA4, 0x4B, 0x44, 0x33, 0x11, 0x51, 0x59, 0xC0, 0x06,
	0x02, 0x72, 0x06, 0xBF, 0x47, 0xA5, 0xDA, 0x06, 0x5C, 0x03, 0x46, 0x74, 0xC0, 0x08, 0x5F, 0x03,
	0x49, 0xC0, 0x10, 0x5D, 0x03, 0x0A, 0x5E, 0x03, 0x3E, 0x06, 0x6C, 0x49, 0xAD, 0x1A, 0x0A, 0x11,
	0xA1, 0x77, 0x3E, 0x21, 0x7C, 0x59, 0x22, 0x54, 0x3C, 0x03, 0x9A, 0x0B, 0xEF, 0xFF, 0x0D, 0xC3,
	0x67, 0x01, 0x0D, 0xC3, 0x8E, 0x4C, 0x01, 0x22, 0xBD, 0x5C, 0x80, 0x44, 0x4B, 0x2E, 0x2C, 0x51,
	0x00, 0x07, 0x08, 0x3A, 0x38, 0x43, 0x87, 0xC1, 0x40, 0x24, 0xC2, 0x39, 0xDE, 0x0C, 0x6F, 0xFE,
	0x08, 0x45, 0xCF, 0x08, 0x31, 0x00, 0x42, 0xC0, 0x8A, 0xC0, 0xD6, 0x12, 0x10, 0x5C, 0x07, 0x41,
	0x27, 0xC0, 0x8A, 0xC2, 0x63, 0x41, 0xA1, 0x43, 0x02, 0x55, 0x80, 0x43, 0x13, 0xD0, 0x72, 0x12,
	0xD3, 0x66, 0xA9, 0x46, 0xED, 0x11, 0x38, 0x07, 0x0D, 0x15, 0xF0, 0x00, 0x8E, 0x23, 0x08, 0xC5,
	0x06, 0x01, 0x8E, 0x1B, 0x0B, 0x25, 0x30, 0xEF, 0x78, 0x65, 0x05, 0xDA, 0x21, 0x25, 0x3D, 0xA1,
	0x11, 0xD6, 0x85, 0x0B, 0x09, 0x21, 0x9C, 0xE2, 0x00, 0x0E, 0xC0, 0x41, 0xC7, 0x10, 0xE6, 0x08,
	0xE7, 0xBF, 0xE7, 0xEC, 0xF7, 0xCD, 0x74, 0x42, 0xC6, 0x28, 0xF0, 0x01, 0xC0, 0x0F, 0x7F, 0xF8,
	0x66, 0x8B, 0x20, 0x03, 0x80, 0x44, 0xC0, 0x10, 0xF4, 0x04, 0x8E, 0x0B, 0x0F, 0x78, 0x0D, 0x0B,
	0xA2, 0x54, 0x06, 0x21, 0x5E, 0x85, 0xC1, 0x0D, 0x56, 0x06, 0x06, 0xC7, 0x4C, 0xBE, 0x22, 0x6C,
	0x9F, 0x04, 0x7F, 0x8B, 0x27, 0x03, 0x90, 0x0D, 0xF4, 0xBD, 0x0A, 0x82, 0x2D, 0x5C, 0x01, 0x06,
	0xDD, 0x7E, 0xB5, 0x0E, 0x95, 0x90, 0x00, 0xC0, 0x11, 0x04, 0x77, 0x03, 0x05, 0xC0, 0x83, 0x1D,
	0xC2, 0x16, 0x54, 0x25, 0x11, 0x99, 0x64, 0x01, 0x21, 0xA4, 0xDD, 0x22, 0xB5, 0x7E, 0x41, 0x21,
	0xFC, 0x8E, 0x12, 0x2B, 0x22, 0x02, 0xC0, 0x80, 0x44, 0x1C, 0x27, 0xCC, 0x03, 0x23, 0x7D, 0xA3,
	0xAD, 0x21, 0xDE, 0x6A, 0x7F, 0xDC, 0x22, 0x9E, 0x5A, 0x16, 0x20, 0x0C, 0xB5, 0x00, 0x29, 0x44,
	0x71, 0xA3, 0xB3, 0x82, 0xB3, 0xA1, 0xB3, 0x80, 0xB3, 0xAD, 0x71, 0x14, 0x21, 0x4E, 0x03, 0x40,
	0x8E, 0x81, 0x8E, 0x40, 0x25, 0x4B, 0x10, 0x2F, 0x0C, 0xA5, 0x10, 0x14, 0x21, 0xCF, 0x02, 0x40,
	0x8F, 0x81, 0x8F, 0x0F, 0x0C, 0xA4, 0x10, 0x16, 0x20, 0x4C, 0x03, 0x40, 0xB4, 0x41, 0x8F, 0x41,
	0xB4, 0xFE, 0x16, 0x82, 0x90, 0xFF, 0x16, 0x8C, 0x90, 0x59, 0x44, 0x04, 0x74, 0x02, 0x01, 0x69,
	0x45, 0x2B, 0xF0, 0x7E, 0x00, 0x44, 0x77, 0xAC, 0x03, 0x00, 0x01, 0xA0, 0x8F, 0x40, 0x22, 0x5E,
	0x00, 0x41, 0x6D, 0x09, 0x22, 0x82, 0x07, 0x40, 0xB4, 0xA0, 0x8E, 0x09, 0x22, 0x42, 0x4C, 0x03,
	0x4D, 0x07, 0x8E, 0x0D, 0x1A, 0x42, 0x44, 0x08, 0x06, 0xFF, 0x16, 0x8F, 0x90, 0xA9, 0x6A, 0x49,
	0x6F, 0x08, 0x5C, 0x02, 0x00, 0x03, 0x43, 0xB4, 0xC1, 0x8E, 0x4E, 0x7A, 0x69, 0x45, 0x08, 0x22,
	0x82, 0x03, 0x44, 0x71, 0x43, 0xB4, 0x07, 0xF0, 0x40, 0xB4, 0xFF, 0x4C, 0x08, 0x0A, 0x69, 0x45,
	0x41, 0xB4, 0x75, 0x0D, 0xD4, 0x9F, 0x40, 0x89, 0x81, 0x89, 0x19, 0x5C, 0x0C, 0x00, 0x0D, 0x44,
	0x77, 0x42, 0x89, 0x83, 0x89, 0x37, 0x0C, 0x84, 0x10, 0x40, 0xB0, 0x43, 0x89, 0x41, 0xB0, 0x17,
	0xF0, 0x41, 0xB0, 0x42, 0x89, 0x44, 0x71, 0x40, 0xB0, 0x80, 0x89, 0x09, 0x24, 0x82, 0x5F, 0x03,
	0x40, 0xB0, 0x41, 0x5D, 0x01, 0x42, 0x54, 0x03, 0x08, 0x44, 0x77, 0x43, 0xB0, 0x81, 0x89, 0x4E,
	0x7A, 0x08, 0x22, 0x02, 0x6E, 0x0A, 0xB0, 0x7E, 0x06, 0xAC, 0x00, 0x7F, 0x11, 0xA9, 0x6A, 0x1F,
	0x9D, 0x08, 0x7C, 0x55, 0x01, 0x7D, 0x55, 0x01, 0x43, 0x6C, 0x09, 0x08, 0xB3, 0x7D, 0x11, 0x81,
	0x00, 0x21, 0xB3, 0x1B, 0xF0, 0x41, 0xB3, 0x7C, 0x02, 0x5E, 0x09, 0xB3, 0x7E, 0x4C, 0x03, 0xC6,
	0x0A, 0xB3, 0x7F, 0x8D, 0x02, 0x42, 0x54, 0x04, 0x5F, 0x00, 0x77, 0x43, 0xB3, 0x74, 0x08, 0x0D,
	0x4E, 0x79, 0x08, 0x21, 0x01, 0x03, 0x24, 0x71, 0x23, 0xB3, 0x4A, 0x24, 0x80, 0x7F, 0x08, 0xE0,
	0x22, 0xAC, 0xF6, 0x01, 0x20, 0x90, 0x13, 0x09, 0x87, 0xFA, 0xFF, 0x7F, 0xD9, 0x12, 0xB8, 0x87,
	0x21, 0x77, 0x81, 0xE0, 0xC6, 0xC4, 0x28, 0x7E, 0x95, 0x45, 0xC1, 0x24, 0x6D, 0x36, 0x15, 0x21,
	0xE4, 0xD1, 0x07, 0x8A, 0x20, 0x3E, 0x00, 0x8A, 0x23, 0x3F, 0x15, 0xE0, 0xB9, 0x22, 0xD4, 0xE7,
	0x24, 0x4C, 0x97, 0x24, 0x07, 0x5D, 0x6C, 0x0B, 0x41, 0x21, 0xAE, 0xD0, 0x01, 0x89, 0x04, 0xEE,
	0x21, 0x0C, 0x94, 0x0E, 0x89, 0xD4, 0xD9, 0x04, 0x21, 0xC1, 0x02, 0x44, 0xC1, 0x55, 0xF0, 0x02,
	0xC1, 0xA5, 0x09, 0x6E, 0x03, 0x54, 0x0D, 0x09, 0x72, 0x5F, 0x25, 0x8F, 0x12, 0xA8, 0x20, 0x01,
	0x03, 0xF0, 0x7E, 0x8A, 0x22, 0x06, 0x82, 0x7B, 0x8D, 0x45, 0x39, 0x32, 0x12, 0x70, 0x30, 0x21,
	0xF6, 0xAF, 0x14, 0xE9, 0x24, 0x8D, 0xAF, 0x1F, 0x21, 0xE4, 0x2D, 0x00, 0x3E, 0x4C, 0x63, 0x5B,
	0x63, 0x19, 0x09, 0xF1, 0x00, 0x41, 0x8B, 0x22, 0x8B, 0x04, 0xC3, 0x02, 0x22, 0x1E, 0x03, 0x22,
	0x7B, 0x09, 0x0E, 0xC3, 0x30, 0x28, 0x44, 0x61, 0x42, 0x00, 0x14, 0x1F, 0x30, 0x04, 0x14, 0x1E,
	0x30, 0x00, 0xC3, 0x01, 0xC1, 0x14, 0x27, 0x9F, 0x33, 0x14, 0x26, 0x9E, 0x33, 0x4F, 0x7A, 0xF4,
	0x7B, 0xF4, 0x79, 0x00, 0x1F, 0x04, 0x33, 0x00, 0x1E, 0x84, 0x30, 0x40, 0x9B, 0x80, 0x99, 0x5E,
	0x64, 0x44, 0x2E, 0x9E, 0x10, 0xF4, 0x23, 0x4C, 0x33, 0x05, 0xC2, 0xF4, 0x7A, 0x22, 0xFF, 0x2F,
	0x80, 0xB2, 0x01, 0x04, 0x02, 0x0D, 0x22, 0xCC, 0x03, 0xF4, 0x23, 0x42, 0x33, 0x9A, 0x62, 0x40,
	0xB1, 0x00, 0xC1, 0xF4, 0x21, 0xC2, 0x57, 0x01, 0x41, 0x33, 0xE5, 0x21, 0xB4, 0x20, 0x06, 0x20,
	0xB3, 0x04, 0x71, 0x03, 0xC1, 0x10, 0x7D, 0x57, 0x04, 0xB6, 0x28, 0x7D, 0x99, 0xE2, 0x11, 0x32,
	0x30, 0x3F, 0xDD, 0x12, 0x18, 0x38, 0x08, 0xA0, 0xA9, 0x61, 0x8A, 0x74, 0x70, 0x6C, 0x70, 0x12,
	0xF4, 0x63, 0x7F, 0x00, 0x71, 0x0E, 0xF4, 0x74, 0x27, 0x00, 0x0B, 0x85, 0x6A, 0x6C, 0x72, 0xA8,
	0x20, 0xC0, 0x01, 0x02, 0x14, 0x8B, 0x14, 0x09, 0x0B, 0x11, 0x10, 0x64, 0x71, 0x03, 0xF0, 0x60,
	0xA8, 0x7F, 0x12, 0x83, 0x00, 0x92, 0xEB, 0x7D, 0x54, 0x00, 0x01, 0x3E, 0xDD, 0x8E, 0xEB, 0x7C,
	0x04, 0x01, 0x7B, 0xE2, 0x3D, 0xDD, 0x6D, 0x8F, 0xFE, 0x0C, 0x04, 0x00, 0x06, 0x84, 0x84, 0xEB,
	0xA5, 0x77, 0xA0, 0x89, 0x03, 0xF0, 0xA0, 0xA9, 0x40, 0x88, 0xAF, 0x7B, 0x54, 0x4B, 0x17, 0x0C,
	0x33, 0x13, 0x0C, 0x70, 0xC9, 0x5D, 0xD2, 0x9E, 0x11, 0x38, 0x15, 0x07, 0xBE, 0x0F, 0xEF, 0xFE,
	0x40, 0xC4, 0x0C, 0x76, 0x87, 0x74, 0x12, 0x60, 0x0F, 0x22, 0xEF, 0xD8, 0x26, 0xB8, 0x41, 0x23,
	0x2E, 0xD9, 0xE2, 0xC2, 0x22, 0x54, 0x25, 0x09, 0x46, 0x01, 0x20, 0xD8, 0x4A, 0x0F, 0x20, 0x01,
	0x00, 0x1D, 0x45, 0x10, 0x22, 0x55, 0x95, 0xC2, 0xCC, 0xCE, 0x6D, 0x03, 0xC6, 0x09, 0xCC, 0x95,
	0x11, 0x85, 0x31, 0x11, 0x12, 0x08, 0x12, 0x09, 0x18, 0x43, 0x6C, 0x23, 0x01, 0x11, 0x4F, 0x26,
	0xCF, 0x12, 0x05, 0x26, 0x12, 0x88, 0x38, 0x06, 0x00, 0x0C, 0x22, 0xB5, 0xE0, 0xB5, 0x00, 0xB5,
	0x0E, 0x4E, 0x07, 0x0A, 0xD8, 0x44, 0x01, 0x05, 0x16, 0x00, 0x71, 0x06, 0x90, 0x7E, 0x01, 0xC8,
	0x22, 0xED, 0xA8, 0x30, 0x77, 0x01, 0x02, 0x90, 0xC0, 0x74, 0x01, 0x06, 0x1B, 0x04, 0x30, 0xC0,
	0xB5, 0x04, 0x1D, 0xC4, 0x12, 0x10, 0x03, 0x40, 0x6E, 0x11, 0xCA, 0x75, 0x88, 0x01, 0x8E, 0x3C,
	0xA0, 0x0B, 0x13, 0xE0, 0x75, 0x02, 0x20, 0x83, 0x0D, 0x00, 0x81, 0x26, 0xBC, 0x3E, 0x05, 0x58,
	0x60, 0x78, 0x60, 0x03, 0x88, 0x34, 0x72, 0x12, 0xD8, 0x09, 0x0B, 0x83, 0xB8, 0x78, 0x20, 0x00,
	0x02, 0x32, 0x68, 0x1B, 0x78, 0x24, 0x74, 0x04, 0x72, 0x24, 0xF4, 0xE5, 0x28, 0x4D, 0x59, 0x45,
	0x21, 0x05, 0x21, 0xAD, 0x5C, 0x7C, 0x0D, 0xFF, 0xD9, 0x47, 0xC2, 0x08, 0x46, 0x00, 0x1E, 0x44,
	0x73, 0x00, 0x90, 0x48, 0x01, 0x49, 0xC0, 0x56, 0xBB, 0xFD, 0x48, 0x5D, 0x92, 0x0B, 0x21, 0xF6,
	0x6F, 0x18, 0x7D, 0x21, 0x7E, 0x2F, 0x10, 0x46, 0x45, 0x88, 0x0C, 0x5C, 0x2D, 0x05, 0x42, 0xC6,
	0x46, 0x0D, 0x6F, 0xFD, 0x40, 0xC6, 0x6D, 0x06, 0x92, 0x21, 0xDC, 0x38, 0x05, 0x4C, 0x70, 0x03,
	0xC0, 0x32, 0x6D, 0x25, 0xDA, 0x22, 0x9D, 0x52, 0x0F, 0x12, 0x83, 0x2A, 0xC4, 0x40, 0xC2, 0x24,
	0x65, 0x5B, 0x40, 0x21, 0x45, 0x70, 0x1A, 0x4C, 0x05, 0x01, 0x41, 0xC4, 0x06, 0xC0, 0x22, 0x85,
	0x70, 0x41, 0x21, 0x15, 0x3A, 0x81, 0x4D, 0x02, 0x06, 0xDE, 0x07, 0x9E, 0x0C, 0x0D, 0x01, 0x2C,
	0x4E, 0x0F, 0x0A, 0x0E, 0x05, 0x40, 0x8B, 0x12, 0x68, 0x6F, 0x01, 0x00, 0x40, 0x9C, 0x66, 0x4D,
	0x01, 0x08, 0x21, 0x2D, 0x2C, 0x0E, 0x56, 0xCB, 0x23, 0xD9, 0x24, 0x34, 0x3E, 0x0A, 0xA0, 0x8F,
	0x05, 0xC6, 0xB4, 0x7E, 0x10, 0xF0, 0x03, 0xC0, 0xAF, 0x79, 0xDE, 0x4C, 0xDE, 0x21, 0xBD, 0x6A,
	0xE8, 0x21, 0x2F, 0x2F, 0x74, 0x5E, 0x0E, 0x22, 0x9C, 0x47, 0x01, 0x00, 0xB6, 0xC5, 0x72, 0x0C,
	0xCB, 0x00, 0x02, 0x8F, 0xE5, 0x08, 0x65, 0x83, 0x24, 0xD9, 0xD6, 0x0B, 0x2F, 0xFF, 0x04, 0xC0,
	0xC0, 0x8F, 0x05, 0xC5, 0xD4, 0x7D, 0x2A, 0x47, 0x06, 0xCF, 0x79, 0xAE, 0x85, 0x06, 0x22, 0x85,
	0x06, 0x2E, 0x87, 0x06, 0x20, 0x95, 0x08, 0x22, 0xCD, 0x92, 0xB5, 0x26, 0x6C, 0xD5, 0x03, 0x8C,
	0x21, 0xC3, 0x81, 0x04, 0xF7, 0x7D, 0x37, 0x05, 0x11, 0x2B, 0x5F, 0x0D, 0x09, 0x95, 0x21, 0xBF,
	0x37, 0xC5, 0x1F, 0x0A, 0x25, 0xAC, 0x36, 0x21, 0xAF, 0xFE, 0xB8, 0x05, 0x28, 0x50, 0x13, 0x0D,
	0xB5, 0xA5, 0x72, 0xC5, 0x71, 0x01, 0x8F, 0xAF, 0x08, 0xA5, 0x83, 0x0C, 0x70, 0x86, 0x0B, 0x2F,
	0x23, 0x5C, 0x71, 0x02, 0xFF, 0xD9, 0x8E, 0x0F, 0x6F, 0x4F, 0x20, 0x04, 0xC4, 0x28, 0x11, 0xC0,
	0x63, 0x16, 0x90, 0x77, 0x47, 0x1F, 0xC5, 0x22, 0x0C, 0x85, 0x1F, 0xC4, 0x24, 0x75, 0x74, 0x83,
	0x47, 0x02, 0x40, 0xC5, 0x0E, 0x8C, 0x02, 0x01, 0x0C, 0x70, 0xA6, 0x0B, 0xA6, 0x1F, 0x12, 0x0D,
	0x28, 0xE6, 0x03, 0x6E, 0x0D, 0xA5, 0x1F, 0x16, 0x46, 0x18, 0x26, 0xD9, 0x0D, 0x3C, 0x88, 0x27,
	0xCE, 0x03, 0xEA, 0x0A, 0x28, 0xCE, 0x03, 0x6A, 0x0D, 0x2E, 0xCC, 0x03, 0x01, 0x27, 0xD9, 0xE2,
	0x0A, 0x6C, 0x1E, 0x02, 0xA0, 0x8F, 0xBB, 0x7E, 0x38, 0x5D, 0x05, 0xBE, 0x95, 0x05, 0x30, 0x95,
	0x05, 0x3E, 0x94, 0x05, 0x01, 0x88, 0xC1, 0xD9, 0x61, 0x24, 0xAD, 0xE6, 0x06, 0x0F, 0x19, 0x91,
	0x08, 0xB8, 0x11, 0x02, 0x8B, 0x81, 0x45, 0x0D, 0x3F, 0xB1, 0x4F, 0x1E, 0x19, 0x45, 0x00, 0x4F,
	0x1E, 0x78, 0x0F, 0x08, 0x0C, 0x3C, 0x24, 0xA6, 0xA3, 0x08, 0xF0, 0x26, 0xF4, 0xA8, 0x0B, 0x11,
	0xBA, 0x05, 0x2A, 0x00, 0x00, 0x05, 0xC2, 0xD3, 0x62, 0x10, 0x7A, 0x00, 0xB1, 0x66, 0xF3, 0x46,
	0x02, 0x22, 0xC6, 0x22, 0xAE, 0x0C, 0x0E, 0xC3, 0xA1, 0x42, 0x7C, 0x0F, 0x08, 0x61, 0x8F, 0x95,
	0x0B, 0x65, 0x83, 0xAF, 0x79, 0xA0, 0x8F, 0x18, 0x5C, 0x0E, 0x12, 0x50, 0x7C, 0x00, 0x38, 0xAF,
	0x79, 0x90, 0xE8, 0x05, 0xC3, 0x88, 0xC0, 0xB4, 0x7B, 0x0D, 0x0D, 0x3F, 0x10, 0xB4, 0x78, 0x41,
	0x93, 0x21, 0x90, 0x06, 0xF0, 0xFE, 0x13, 0x02, 0x81, 0xFE, 0x10, 0x01, 0x81, 0x40, 0xB3, 0x20,
	0xB0, 0x61, 0x8F, 0xA5, 0x71, 0xD5, 0x0B, 0x45, 0x83, 0x07, 0xC0, 0x2A, 0xE8, 0x80, 0x8F, 0x51,
	0x0B, 0x24, 0x03, 0x16, 0xDA, 0x03, 0xC1, 0x90, 0xBA, 0x07, 0xC8, 0xA9, 0x6A, 0x34, 0x70, 0x42,
	0x25, 0x0B, 0x12, 0x5C, 0x75, 0xC2, 0x23, 0x61, 0x10, 0x13, 0x31, 0x9F, 0x90, 0x5C, 0x0F, 0x5C,
	0xE8, 0x01, 0x1E, 0x38, 0x70, 0x74, 0x22, 0x1C, 0x9C, 0x04, 0x40, 0x2C, 0x01, 0x13, 0x05, 0x79,
	0x05, 0x44, 0xC8, 0x00, 0x08, 0xFB, 0x7F, 0x45, 0x7F, 0xC0, 0xB7, 0xA5, 0x79, 0xF4, 0x26, 0x0E,
	0x33, 0x3B, 0x79, 0x45, 0x79, 0x85, 0x71, 0xC0, 0xB1, 0xAC, 0xF7, 0x0C, 0x70, 0xF2, 0x09, 0x75,
	0x32, 0x06, 0x21, 0xCE, 0xB6, 0x0C, 0xD9, 0x76, 0x55, 0x4C, 0x74, 0x22, 0xF6, 0xAE, 0x96, 0x0A,
	0x5F, 0x4D, 0xC3, 0xFF, 0xDE, 0x23, 0xED, 0x87, 0x76, 0x67, 0x58, 0x41, 0xC5, 0x82, 0x6D, 0x02,
	0xC5, 0x05, 0x0A, 0x10, 0x9C, 0x52, 0x9E, 0x5A, 0xC5, 0x6E, 0x8E, 0x02, 0x80, 0xD8, 0x28, 0x95,
	0x00, 0x5E, 0x84, 0x02, 0x21, 0xFD, 0x87, 0x09, 0x7D, 0x35, 0xFA, 0x06, 0xD8, 0x02, 0xAA, 0x17,
	0xD3, 0x02, 0x00, 0x71, 0x04, 0x44, 0x65, 0x23, 0x0C, 0x77, 0x08, 0xC2, 0x42, 0x0F, 0xCF, 0xFD,
	0x92, 0x0F, 0xEF, 0xFD, 0x08, 0x45, 0xA4, 0x70, 0x0E, 0x1C, 0x00, 0x06, 0xE9, 0x0C, 0xE8, 0x8B,
	0xED, 0x7D, 0xD8, 0x07, 0xB8, 0x19, 0xF0, 0x0B, 0xE8, 0x8C, 0x23, 0x1C, 0x7C, 0x02, 0x50, 0x46,
	0x13, 0xF0, 0x0A, 0x87, 0x01, 0x38, 0x4A, 0x0D, 0xC6, 0x01, 0x08, 0x52, 0x22, 0xB4, 0x88, 0x11,
	0xD2, 0x05, 0x2E, 0x05, 0x9F, 0x00, 0xB0, 0x36, 0xDA, 0x21, 0x5C, 0x8D, 0x09, 0x2C, 0x70, 0x00,
	0x41, 0x14, 0x74, 0xCA, 0x21, 0x2E, 0x01, 0x2F, 0x78, 0x14, 0xE0, 0x58, 0x05, 0xA0, 0x0B, 0x99,
	0x06, 0xEF, 0xFC, 0x00, 0x80, 0x24, 0x8C, 0x6E, 0x21, 0x6F, 0xE9, 0x8D, 0x01, 0x8D, 0x22, 0x3C,
	0x3C, 0x55, 0x7F, 0x21, 0x75, 0x7F, 0x82, 0x0F, 0x26, 0x86, 0x38, 0x60, 0x0E, 0xFD, 0xE2, 0x08,
	0x04, 0x40, 0x05, 0xE1, 0x88, 0x20, 0x8D, 0x81, 0x8D, 0x40, 0x86, 0x84, 0x03, 0x01, 0x24, 0x8D,
	0x1D, 0x79, 0x4C, 0xF2, 0x00, 0x0A, 0x24, 0xBF, 0x38, 0x62, 0xB8, 0x60, 0x9F, 0x23, 0x04, 0x02,
	0x5F, 0x27, 0x8C, 0x15, 0x43, 0x88, 0x2C, 0x75, 0xE5, 0xBA, 0x98, 0x63, 0xCA, 0x21, 0x21, 0x01,
	0x34, 0x78, 0x14, 0x5A, 0x86, 0x10, 0x05, 0x14, 0xB1, 0x45, 0xA2, 0x21, 0x1D, 0x35, 0x05, 0x11,
	0x70, 0x52, 0x0F, 0x19, 0x0B, 0x30, 0x01, 0x0C, 0x74, 0x50, 0x23, 0x0C, 0x00, 0x78, 0x21, 0x00,
	0x00, 0x95, 0x72, 0x1B, 0x78, 0x12, 0x3A, 0x52, 0x0F, 0x78, 0x24, 0xFC, 0x5D, 0x00, 0x10, 0x18,
	0x01, 0x8A, 0x88, 0x07, 0xEC, 0x80, 0x88, 0x80, 0xAD, 0x85, 0x88, 0x80, 0xAE, 0x0A, 0x88, 0x00,
	0xAA, 0x8E, 0x0D, 0x60, 0x02, 0x60, 0x40, 0x80, 0x8D, 0x0A, 0xE8, 0x00, 0x8E, 0x98, 0x60, 0x8D,
	0x70, 0x12, 0x6A, 0x01, 0x00, 0xAE, 0x22, 0xBC, 0x44, 0x03, 0xA0, 0x8E, 0x40, 0x8A, 0x41, 0xC3,
	0x67, 0x48, 0xBA, 0x01, 0x04, 0x47, 0x48, 0x81, 0x42, 0x6A, 0x21, 0xAF, 0xB7, 0xA1, 0x43, 0xA2,
	0x11, 0x48, 0x25, 0x0F, 0xE2, 0xC2, 0xAD, 0x71, 0x86, 0xE8, 0x12, 0x0E, 0xCF, 0xFD, 0x09, 0x08,
	0xD1, 0x00, 0xAD, 0x72, 0xA1, 0x40, 0x5C, 0xA7, 0x0A, 0xC0, 0x19, 0x08, 0xB5, 0x00, 0x6D, 0x71,
	0x32, 0xDC, 0x9F, 0xBC, 0x79, 0x20, 0x51, 0xE0, 0x8C, 0x11, 0x31, 0xA5, 0x71, 0x0D, 0x49, 0x4D,
	0x9D, 0x01, 0x8F, 0x5C, 0x01, 0x08, 0xCD, 0x72, 0xAD, 0x71, 0xF3, 0x14, 0x8C, 0x90, 0xC0, 0xB8,
	0xE7, 0x5C, 0x58, 0x07, 0x00, 0x2B, 0x01, 0x10, 0x13, 0x0C, 0x2E, 0x10, 0x20, 0xAA, 0x24, 0x84,
	0x41, 0x01, 0x6D, 0x70, 0xC0, 0xAB, 0x55, 0xC3, 0x40, 0x7D, 0xE5, 0xE2, 0x21, 0xBF, 0xA3, 0x50,
	0x00, 0xA8, 0x25, 0x96, 0x81, 0x25, 0x00, 0x22, 0x84, 0x94, 0x03, 0x6E, 0x0B, 0xA0, 0x8C, 0x78,
	0x20, 0x12, 0xF0, 0x3F, 0x04, 0x00, 0xA1, 0xA0, 0xAA, 0x01, 0x8C, 0x17, 0xC7, 0x7D, 0x40, 0x00,
	0x11, 0x4D, 0x05, 0x13, 0x5F, 0x10, 0x00, 0x19, 0x81, 0x11, 0x92, 0x35, 0x00, 0x19, 0x11, 0xD0,
	0x59, 0x55, 0x00, 0x01, 0x6E, 0x63, 0x80, 0x70, 0x11, 0x80, 0x40, 0x04, 0x20, 0xAA, 0x01, 0x88,
	0x00, 0xAB, 0xC2, 0x5C, 0x0A, 0x07, 0xF1, 0xC0, 0x04, 0x77, 0x6F, 0x08, 0xF5, 0x01, 0xA1, 0xC1,
	0x12, 0x40, 0x43, 0x12, 0x60, 0x43, 0x12, 0x80, 0x43, 0x22, 0x5C, 0xB3, 0x21, 0x0D, 0x50, 0xF0,
	0x0E, 0xED, 0x13, 0xF0, 0x0F, 0xC4, 0x1B, 0xF0, 0x20, 0x23, 0xED, 0x37, 0x9D, 0x21, 0xA5, 0x2F,
	0x1E, 0x85, 0x01, 0x9E, 0x45, 0x01, 0x1A, 0x85, 0x01, 0x9F, 0x45, 0x01, 0x14, 0x85, 0x01, 0xA0,
	0x45, 0x01, 0x10, 0x85, 0x01, 0xA1, 0x45, 0x01, 0x0A, 0x85, 0x01, 0xA2, 0x45, 0x01, 0x06, 0x85,
	0x01, 0xA3, 0x44, 0x01, 0x05, 0x2E, 0x0E, 0xAF, 0xFC, 0x40, 0xC4, 0x87, 0x74, 0x28, 0xFE, 0xC0,
	0xB4, 0xC1, 0x16, 0x78, 0x08, 0x0F, 0x4F, 0xC0, 0x28, 0x45, 0x50, 0xC4, 0x10, 0xC0, 0x4C, 0xC3,
	0x4D, 0xC2, 0x1D, 0x78, 0x44, 0x20, 0x80, 0x87, 0x22, 0xAF, 0xAC, 0x53, 0xC0, 0x06, 0x11, 0x31,
	0x7D, 0x0D, 0x21, 0x1D, 0xA3, 0x0C, 0x11, 0xA2, 0x21, 0x10, 0xD8, 0x0F, 0x04, 0x10, 0xC0, 0x40,
	0x21, 0x94, 0x83, 0x0D, 0xE1, 0xB8, 0x0F, 0xC0, 0x21, 0xA8, 0x40, 0xA8, 0x0F, 0xF2, 0x10, 0xCC,
	0x61, 0x8D, 0x40, 0x8D, 0x22, 0x9C, 0xFA, 0x14, 0x49, 0x09, 0x9B, 0x46, 0x33, 0xD2, 0x08, 0x64,
	0xDD, 0x0C, 0x01, 0x8D, 0x0C, 0xC2, 0x0D, 0xC3, 0x44, 0xC0, 0x00, 0x8D, 0x04, 0xC1, 0x5E, 0x08,
	0x2F, 0x04, 0x91, 0x07, 0x10, 0xC1, 0x1D, 0x09, 0x7E, 0x00, 0x45, 0xC0, 0x05, 0xC4, 0x6C, 0x06,
	0x75, 0x05, 0x9C, 0x5D, 0xE2, 0xA6, 0x94, 0x05, 0x21, 0x2E, 0x4A, 0x72, 0x9E, 0x21, 0xFE, 0xF1,
	0x00, 0x8D, 0x21, 0xE5, 0xAE, 0x8D, 0x22, 0x87, 0x39, 0x22, 0xB8, 0x52, 0x21, 0xAD, 0x9B, 0x47,
	0x54, 0x10, 0x12, 0x70, 0x21, 0x05, 0x48, 0xC0, 0x05, 0xC0, 0x07, 0xC6, 0x06, 0xC1, 0x22, 0xEE,
	0x2E, 0x1E, 0x66, 0x04, 0xFD, 0x00, 0x06, 0xC5, 0xBE, 0x15, 0x49, 0x09, 0xC0, 0xC5, 0xBD, 0x0F,
	0x0D, 0x21, 0x10, 0xED, 0x70, 0x04, 0xC1, 0x0A, 0xC0, 0x1D, 0x08, 0x40, 0x00, 0x04, 0xC1, 0x6D,
	0x0E, 0xEE, 0x44, 0x68, 0x0F, 0xA1, 0x40, 0x04, 0xC2, 0x0A, 0xC1, 0x0F, 0x09, 0xA1, 0x00, 0x08,
	0x47, 0x09, 0xC0, 0x27, 0x0E, 0x00, 0x10, 0xAD, 0x03, 0xD2, 0x4C, 0x03, 0x08, 0xC1, 0x40, 0x17,
	0x0F, 0x05, 0x10, 0x0E, 0xC1, 0x15, 0x08, 0x64, 0x54, 0x03, 0x08, 0x06, 0xC1, 0x46, 0xC6, 0x49,
	0xC1, 0x09, 0xF0, 0x0E, 0xC0, 0x09, 0x74, 0x02, 0x05, 0xC7, 0x05, 0xF0, 0x06, 0xC0, 0x46, 0xC5,
	0x49, 0x06, 0xBA, 0x07, 0xC6, 0x0C, 0x0C, 0x6D, 0x0D, 0xC6, 0x4D, 0x0D, 0x0A, 0x06, 0x01, 0xBD,
	0x13, 0x4D, 0x0D, 0x6F, 0x11, 0x51, 0x17, 0x09, 0x11, 0xD2, 0x3F, 0x0C, 0x70, 0x0C, 0x31, 0x22,
	0x9C, 0xA6, 0x6D, 0x0A, 0x7E, 0x7D, 0x0D, 0x41, 0x12, 0xF2, 0x1F, 0x0F, 0x0E, 0x04, 0x90, 0x7D,
	0x03, 0x15, 0x4C, 0x11, 0xAD, 0x03, 0x62, 0x7F, 0x0D, 0x41, 0x18, 0x43, 0x05, 0x2F, 0x15, 0x21,
	0x3C, 0x2E, 0x00, 0x06, 0x17, 0x0B, 0xC4, 0x33, 0x04, 0xC0, 0x44, 0xC6, 0x14, 0x1C, 0xC0, 0x36,
	0x09, 0xF0, 0x05, 0xC0, 0x0B, 0x08, 0xC5, 0x03, 0x45, 0xC7, 0x04, 0xF0, 0x4D, 0x02, 0xC5, 0x0D,
	0x3C, 0x05, 0x11, 0x41, 0x99, 0x17, 0x21, 0x77, 0x6B, 0x12, 0xC5, 0x08, 0x11, 0xB9, 0x22, 0x07,
	0x05, 0x05, 0xF2, 0x0E, 0x01, 0xA9, 0x68, 0x06, 0x8E, 0xAD, 0x70, 0x06, 0x5D, 0x25, 0x08, 0x06,
	0x4E, 0xAF, 0x78, 0x22, 0x04, 0x38, 0x11, 0xAA, 0x38, 0xC3, 0x42, 0x57, 0x21, 0x40, 0xC2, 0x11,
	0x23, 0x85, 0x3F, 0x9D, 0x21, 0xDE, 0xCD, 0x62, 0x0F, 0x22, 0x9E, 0xAC, 0x0F, 0xC0, 0x12, 0x61,
	0x32, 0x19, 0x44, 0x08, 0x03, 0x2F, 0x26, 0x47, 0xF3, 0x0B, 0xF2, 0x4D, 0x34, 0x88, 0x07, 0x16,
	0x2D, 0x09, 0x01, 0x4C, 0xB3, 0x64, 0x02, 0x06, 0x10, 0xF4, 0x07, 0xC0, 0x2F, 0x20, 0x01, 0x80,
	0x47, 0x5E, 0x29, 0x1C, 0x75, 0x0C, 0x02, 0x22, 0xE7, 0xF2, 0x47, 0xC0, 0x06, 0x21, 0x6D, 0xD1,
	0x48, 0x0B, 0x21, 0xE8, 0x11, 0xF0, 0x06, 0x01, 0x04, 0xC1, 0x7D, 0x3A, 0x11, 0x21, 0x0F, 0x34,
	0x51, 0xC0, 0x11, 0x11, 0x03, 0x1C, 0x10, 0x71, 0x06, 0x45, 0x02, 0x86, 0x21, 0x9E, 0xA6, 0x20,
	0xA8, 0x05, 0x1C, 0xB4, 0x17, 0x90, 0x43, 0x24, 0x4C, 0x93, 0x0A, 0x40, 0x88, 0xA1, 0x88, 0x40,
	0x2A, 0x41, 0x03, 0x12, 0xF0, 0x05, 0x21, 0x8C, 0x12, 0xA0, 0x3A, 0x00, 0x03, 0x01, 0x60, 0x94,
	0x48, 0x4B, 0x8B, 0x20, 0x0F, 0x80, 0x06, 0xF2, 0x42, 0x23, 0x00, 0x08, 0x80, 0x20, 0x10, 0x00,
	0x00, 0xB4, 0x22, 0x4C, 0x93, 0x03, 0x44, 0x71, 0xDF, 0x0D, 0x85, 0x90, 0x7C, 0x5D, 0x07, 0x08,
	0xD8, 0x4C, 0x70, 0x4F, 0x20, 0xC0, 0x04, 0x15, 0x26, 0x7C, 0x9B, 0x02, 0x3C, 0x04, 0x54, 0x71,
	0x4C, 0x56, 0x67, 0xFA, 0xF5, 0x7C, 0x9F, 0x21, 0x8C, 0x97, 0x00, 0x03, 0x41, 0x8A, 0x22, 0xC3,
	0x0F, 0x74, 0x72, 0x5F, 0xA9, 0x5B, 0xA9, 0x44, 0xA9, 0x40, 0xA9, 0x79, 0x60, 0x6C, 0x72, 0xBA,
	0xF7, 0x28, 0xEE, 0x8E, 0xAB, 0xC1, 0x12, 0xC8, 0x4C, 0x05, 0x44, 0xC1, 0x8A, 0x20, 0x08, 0x00,
	0x1F, 0x67, 0x22, 0xE7, 0xB5, 0x68, 0x46, 0x56, 0x4E, 0x4B, 0x48, 0x45, 0x05, 0x5F, 0x03, 0x56,
	0x01, 0x4E, 0x09, 0x04, 0xB8, 0x0B, 0x8A, 0x22, 0x88, 0x03, 0x03, 0xC0, 0x79, 0x25, 0x1B, 0x10,
	0x91, 0xE6, 0x10, 0xE0, 0x64, 0x7E, 0x11, 0xC9, 0x1E, 0x32, 0x06, 0x9F, 0xF9, 0xF4, 0xB4, 0x73,
	0x00, 0x0A, 0x02, 0x01, 0x62, 0xD9, 0xAC, 0xAF, 0x48, 0xC0, 0x64, 0xD8, 0xA4, 0xB7, 0xC3, 0xB7,
	0x0A, 0x1F, 0xC2, 0x16, 0x21, 0xB7, 0xC6, 0x0F, 0xA0, 0x01, 0x02, 0xB7, 0x23, 0x97, 0x12, 0x58,
	0xA0, 0x01, 0x06, 0xC3, 0xCD, 0xAF, 0x22, 0x9D, 0xC5, 0x32, 0x22, 0x6D, 0xBA, 0xC5, 0x0F, 0x03,
	0x03, 0xC3, 0x24, 0x5C, 0x02, 0x01, 0x08, 0xE2, 0x18, 0xE3, 0x75, 0x02, 0x1A, 0x94, 0x02, 0x24,
	0xDC, 0x90, 0x08, 0x6C, 0x0B, 0x25, 0xF0, 0x03, 0xC6, 0x34, 0x7E, 0x00, 0x96, 0xE2, 0x54, 0x3C,
	0x0F, 0x89, 0xC1, 0x04, 0x96, 0xDA, 0x0F, 0xEF, 0xFD, 0x8A, 0xC1, 0x2A, 0xC0, 0x29, 0xC2, 0x10,
	0x72, 0xCC, 0xF7, 0x12, 0xCA, 0x88, 0x92, 0x0E, 0x0F, 0xE5, 0x89, 0xC0, 0xF2, 0x21, 0xFD, 0xB2,
	0x89, 0x21, 0x7F, 0x63, 0x0C, 0xF0, 0x4A, 0x57, 0x02, 0x46, 0x79, 0x7E, 0x57, 0x02, 0x8A, 0xC0,
	0xDA, 0x55, 0x02, 0x8A, 0x21, 0xC5, 0x63, 0xA5, 0x27, 0xBF, 0xAC, 0xB0, 0x79, 0xB1, 0x11, 0x60,
	0x3F, 0xBF, 0x14, 0xE4, 0x00, 0x88, 0xD5, 0x8D, 0xE6, 0x06, 0xF8, 0x70, 0x02, 0x21, 0x24, 0x5E,
	0x08, 0x03, 0xC0, 0x80, 0x20, 0xC8, 0x02, 0x00, 0x18, 0xC3, 0x01, 0x08, 0x5D, 0x41, 0x5E, 0x0F,
	0x03, 0xC5, 0x22, 0x09, 0x0D, 0x1B, 0x80, 0x11, 0x21, 0x61, 0x19, 0x21, 0x2E, 0xB6, 0x00, 0xAD,
	0x2D, 0x65, 0xAB, 0x00, 0x16, 0xB9, 0x3F, 0x47, 0x57, 0x45, 0x10, 0xE0, 0x46, 0x55, 0x00, 0x12,
	0x11, 0x5B, 0x43, 0x6A, 0xF0, 0xCD, 0x11, 0xF1, 0x27, 0x61, 0x04, 0x97, 0x0E, 0xC2, 0x5F, 0x25,
	0x03, 0x15, 0x40, 0x2E, 0x0C, 0x12, 0x85, 0x7A, 0x03, 0xC4, 0x07, 0xC8, 0xC3, 0x41, 0x22, 0x44,
	0xB9, 0x00, 0x08, 0x7C, 0x64, 0x05, 0xC3, 0x45, 0x78, 0x06, 0xC2, 0x05, 0x7B, 0x7B, 0x7B, 0x25,
	0x7B, 0x60, 0x93, 0x05, 0x7A, 0xD4, 0x7C, 0x5B, 0x7A, 0x45, 0x79, 0x70, 0xB4, 0x46, 0xFE, 0xC1,
	0x79, 0x5E, 0x77, 0x70, 0x1C, 0x11, 0xF8, 0x5A, 0x06, 0x8F, 0x6D, 0x09, 0xF1, 0x00, 0xA9, 0x43,
	0x1B, 0x79, 0x22, 0x2E, 0x60, 0x9C, 0x00, 0x21, 0x65, 0x75, 0x14, 0x22, 0xDD, 0x67, 0x40, 0x21,
	0xFE, 0x55, 0x40, 0x93, 0x0C, 0x29, 0x0D, 0x05, 0x21, 0xDE, 0x06, 0x67, 0x72, 0x61, 0x70, 0x16,
	0x20, 0x8B, 0x03, 0xC0, 0x1B, 0x84, 0x10, 0x55, 0xDC, 0x31, 0x0D, 0x04, 0xDF, 0x0A, 0x15, 0x1B,
	0x04, 0x0F, 0x02, 0x17, 0x1F, 0x31, 0x05, 0x64, 0x80, 0x21, 0x6C, 0x42, 0x00, 0x0B, 0xC4, 0x1B,
	0xC4, 0x17, 0x20, 0x90, 0x00, 0x27, 0x80, 0x30, 0x1D, 0x78, 0xC6, 0x1B, 0x44, 0x10, 0x00, 0xB3,
	0xC2, 0x13, 0x01, 0x11, 0xC6, 0x13, 0x00, 0x11, 0x38, 0x60, 0x1D, 0x12, 0x78, 0x62, 0x04, 0x30,
	0x70, 0x94, 0x70, 0x14, 0x02, 0x11, 0xAD, 0xBE, 0x5E, 0x8C, 0xBE, 0x0B, 0xA1, 0x42, 0x76, 0x0C,
	0xAF, 0xFE, 0xC1, 0x43, 0xC5, 0x71, 0x43, 0x0E, 0x54, 0x92, 0x56, 0x61, 0x71, 0x47, 0x17, 0x31,
	0x4E, 0x07, 0x04, 0x39, 0x00, 0x11, 0x7D, 0x25, 0x09, 0x65, 0x83, 0x40, 0x2D, 0x00, 0x13, 0x65,
	0xF0, 0x5E, 0xDA, 0x60, 0xD9, 0xFF, 0xD8, 0x0B, 0x1F, 0x83, 0x10, 0x06, 0x1F, 0x85, 0x10, 0x41,
	0xB7, 0x22, 0xB7, 0x36, 0x08, 0xEF, 0xFD, 0x04, 0xB7, 0x22, 0x4E, 0xB8, 0xA2, 0x32, 0x0C, 0x7A,
	0x66, 0x3F, 0x0C, 0xAF, 0xA4, 0x3E, 0x65, 0x3B, 0x42, 0x22, 0xDF, 0x48, 0xC5, 0x05, 0xC0, 0x24,
	0xAC, 0xEE, 0x01, 0x6C, 0x0B, 0x28, 0xE0, 0x7D, 0x26, 0x26, 0x5C, 0x26, 0x03, 0x35, 0xF0, 0x5F,
	0x26, 0x01, 0x15, 0x45, 0x4C, 0xC7, 0x11, 0xB3, 0x6C, 0xC0, 0x3F, 0x67, 0x0C, 0x94, 0x21, 0x55,
	0xB6, 0xE7, 0x05, 0xEC, 0x48, 0x4D, 0x71, 0x08, 0x21, 0x07, 0x63, 0xA1, 0x43, 0x45, 0x29, 0x0D,
	0x8B, 0x40, 0x13, 0x19, 0x25, 0x5F, 0x44, 0x9B, 0x01, 0x02, 0x1F, 0x94, 0x10, 0x59, 0xD0, 0x0B,
	0x5D, 0x15, 0x42, 0x12, 0x80, 0x17, 0x12, 0xE8, 0x37, 0x06, 0xCF, 0x0D, 0x74, 0x92, 0x44, 0xC0,
	0x05, 0xC2, 0x07, 0x5E, 0x06, 0x67, 0x71, 0x2A, 0xDC, 0x00, 0x21, 0x95, 0x22, 0xB7, 0xFC, 0x40,
	0x12, 0xE9, 0x44, 0x8F, 0x21, 0x7C, 0x28, 0x22, 0x94, 0xF3, 0x26, 0x34, 0x5E, 0xF7, 0x3F, 0x03,
	0x01, 0x01, 0x12, 0x20, 0x6C, 0x00, 0x01, 0xC0, 0x40, 0x28, 0x4E, 0x02, 0xCB, 0x44, 0x0E, 0x90,
	0x48, 0x00, 0x05, 0x26, 0x0F, 0x13, 0x85, 0x72, 0x20, 0xB7, 0xBD, 0x00, 0x40, 0xDE, 0x00, 0x03,
	0xC5, 0xA6, 0x02, 0x22, 0x6C, 0x64, 0x02, 0x03, 0x42, 0x10, 0x24, 0x72, 0x60, 0xB2, 0xBC, 0x00,
	0x0F, 0xA0, 0xB2, 0x42, 0x69, 0x05, 0x26, 0x4C, 0x10, 0x45, 0x7E, 0x60, 0xB4, 0x0D, 0x08, 0xF1,
	0x03, 0xA0, 0xB6, 0x22, 0x04, 0x77, 0x03, 0x06, 0xF0, 0x74, 0x12, 0x01, 0x01, 0x22, 0xF6, 0x2D,
	0x74, 0x1A, 0x04, 0x5A, 0x6C, 0xDE, 0x75, 0x0B, 0xC2, 0x04, 0x31, 0x08, 0x1C, 0x14, 0x10, 0x20,
	0xB4, 0x41, 0xB4, 0xE0, 0x7F, 0x62, 0xB4, 0x7E, 0xD5, 0xE2, 0x0B, 0x4C, 0x57, 0x05, 0x20, 0x1F,
	0x04, 0x10, 0x79, 0x0C, 0x70, 0xDA, 0x06, 0xF7, 0x4C, 0x70, 0x7C, 0xC9, 0x13, 0xB0, 0x44, 0x03,
	0x46, 0x41, 0xD8, 0x6C, 0x70, 0x13, 0x13, 0xE0, 0x8C, 0x24, 0xB5, 0xD3, 0x66, 0x21, 0x1E, 0x25,
	0x40, 0xC3, 0x22, 0x0E, 0x30, 0xFF, 0xD8, 0x24, 0x66, 0xD2, 0xC1, 0x40, 0x4E, 0x2D, 0xC5, 0x4E,
	0x7E, 0x02, 0xC5, 0x76, 0x2F, 0x5D, 0x00, 0x36, 0x9C, 0x02, 0x10, 0x05, 0xF1, 0x8D, 0x22, 0x8C,
	0x02, 0x12, 0xD8, 0x44, 0x22, 0x14, 0x39, 0x01, 0x6F, 0x0B, 0x40, 0x8A, 0x24, 0xAF, 0xB8, 0x01,
	0x01, 0x44, 0x11, 0x88, 0x14, 0x0F, 0x3C, 0x22, 0x41, 0x00, 0x34, 0x78, 0x11, 0x24, 0x00, 0x90,
	0xD2, 0x23, 0x21, 0x00, 0xE0, 0x7F, 0x60, 0x40, 0x22, 0xEF, 0x21, 0x28, 0x45, 0xD6, 0x21, 0xDE,
	0x9F, 0x08, 0x46, 0x0E, 0xDA, 0x92, 0xE8, 0x05, 0x16, 0xCA, 0x4C, 0x01, 0x02, 0xA1, 0x41, 0x2C,
	0x70, 0x8C, 0x23, 0x6D, 0xC9, 0x6F, 0x21, 0x4F, 0x3B, 0xC1, 0x41, 0x4A, 0x21, 0x95, 0x29, 0x3C,
	0x21, 0xBC, 0x64, 0x22, 0x6C, 0xFA, 0x09, 0x20, 0x40, 0xC4, 0xC6, 0x2B, 0x68, 0x17, 0x09, 0x75,
	0x01, 0x14, 0x71, 0x24, 0x96, 0x6E, 0x14, 0x00, 0x23, 0x94, 0xA3, 0x04, 0x7E, 0x0C, 0x70, 0xF8,
	0xF3, 0xFE, 0xF1, 0x27, 0x3C, 0x46, 0x09, 0x36, 0x00, 0x41, 0x86, 0xC0, 0x5A, 0x0F, 0x6F, 0xFF,
	0x38, 0x43, 0x83, 0x22, 0x5E, 0x46, 0x32, 0x46, 0x21, 0xAC, 0x8E, 0x00, 0x2C, 0x63, 0x40, 0xAF,
	0xE8, 0x0B, 0x14, 0x80, 0x30, 0x13, 0x08, 0xB0, 0x00, 0x2C, 0x72, 0x14, 0x73, 0x0C, 0x70, 0x04,
	0xF2, 0x2C, 0x70, 0x02, 0xF0, 0x0C, 0x71, 0x09, 0x21, 0x02, 0x00, 0x52, 0x78, 0x83, 0xC7, 0x38,
	0x60, 0xCD, 0x70, 0x34, 0x7F, 0xA2, 0x68, 0x82, 0xC0, 0x86, 0xC3, 0xE1, 0x41, 0x8A, 0x08, 0xEF,
	0xFF, 0x63, 0x42, 0x11, 0x08, 0x84, 0x03, 0x09, 0x14, 0x81, 0x30, 0x4E, 0x26, 0xC1, 0x22, 0x11,
	0x48, 0xC4, 0x0E, 0x8D, 0x25, 0xBF, 0x1C, 0x62, 0xBF, 0x0A, 0xEE, 0x01, 0xC0, 0x83, 0x1B, 0x02,
	0x30, 0x00, 0xC0, 0x82, 0x54, 0x00, 0x21, 0xE5, 0xFE, 0xF0, 0x21, 0x3C, 0x93, 0x5C, 0x0E, 0x2C,
	0x7C, 0x5A, 0x00, 0x08, 0x2C, 0x70, 0x36, 0xDA, 0x08, 0x45, 0x62, 0x0C, 0x6F, 0xFC, 0x55, 0x20,
	0x0E, 0x08, 0x5A, 0xDA, 0x9F, 0xBA, 0x04, 0x12, 0x80, 0x04, 0x6F, 0x70, 0x01, 0xAD, 0x7D, 0x00,
	0x02, 0x95, 0x00, 0x03, 0x95, 0x00, 0x0A, 0x95, 0x00, 0x0B, 0x95, 0x00, 0x0C, 0x95, 0x00, 0x0D,
	0x95, 0x00, 0x0E, 0x95, 0x00, 0x0F, 0x95, 0x00, 0x10, 0x95, 0x00, 0x11, 0x95, 0x00, 0x12, 0x95,
	0x00, 0x13, 0x95, 0x00, 0x14, 0x95, 0x00, 0x15, 0x95, 0x00, 0x16, 0x95, 0x00, 0x18, 0x95, 0x00,
	0x19, 0x95, 0x00, 0x1A, 0x95, 0x00, 0x1B, 0x95, 0x00, 0x1C, 0x95, 0x00, 0x1E, 0x95, 0x00, 0x1F,
	0x95, 0x00, 0x20, 0x21, 0x7C, 0x47, 0x7D, 0x00, 0x21, 0xDD, 0x00, 0x22, 0xDD, 0x00, 0x25, 0xDD,
	0x00, 0x28, 0x5F, 0x00, 0x01, 0x12, 0x81, 0x0E, 0x24, 0x70, 0x2E, 0x44, 0x01, 0x08, 0x57, 0x22,
	0x0B, 0x0E, 0x29, 0x1D, 0x42, 0x10, 0x00, 0x13, 0x80, 0x4E, 0x01, 0x9E, 0x0D, 0x0F, 0x00, 0x1F,
	0x0D, 0x37, 0x5C, 0x02, 0x5C, 0x97, 0x07, 0x30, 0x42, 0x22, 0x03, 0x04, 0x42, 0x22, 0x0C, 0x03,
	0x38, 0x7C, 0x01, 0x07, 0x17, 0x81, 0x30, 0x57, 0x22, 0x80, 0x0C, 0x40, 0xC0, 0x39, 0x56, 0x05,
	0x20, 0x88, 0x0E, 0x02, 0x00, 0x0C, 0x11, 0x50, 0x2D, 0xCD, 0x01, 0x80, 0x22, 0xE4, 0x8B, 0xFD,
	0x02, 0x0B, 0x11, 0x98, 0x76, 0xFC, 0x02, 0x11, 0x09, 0x68, 0x43, 0xFC, 0x02, 0x11, 0x19, 0x68,
	0x44, 0xFD, 0x02, 0x09, 0x05, 0xF6, 0x45, 0x74, 0x0E, 0x05, 0x88, 0x42, 0x22, 0x0F, 0x02, 0x2C,
	0x6A, 0x46, 0x86, 0x11, 0x00, 0x09, 0x07, 0xFD, 0x00, 0x88, 0x47, 0x8F, 0x01, 0x80, 0x08, 0x48,
	0x4D, 0x01, 0x48, 0xBE, 0x02, 0x08, 0x49, 0x4D, 0x01, 0x49, 0x4D, 0x01, 0x42, 0x0E, 0x02, 0x0F,
	0x4A, 0x4D, 0x01, 0x4A, 0xAE, 0x01, 0x0E, 0x4B, 0x4D, 0x01, 0x4B, 0xAE, 0x01, 0x0D, 0x4C, 0x4D,
	0x01, 0x4C, 0xAE, 0x01, 0x0C, 0x4D, 0x4D, 0x01, 0x4E, 0xAE, 0x01, 0x0B, 0x4E, 0x4D, 0x01, 0x4F,
	0xAE, 0x01, 0x0A, 0x4F, 0x4D, 0x01, 0x50, 0xAE, 0x01, 0x09, 0x50, 0x4D, 0x01, 0x51, 0xAE, 0x01,
	0x08, 0x51, 0x4D, 0x01, 0x52, 0xAE, 0x01, 0x07, 0x52, 0x4D, 0x01, 0x54, 0xAE, 0x01, 0x06, 0x53,
	0x4D, 0x01, 0x55, 0xAE, 0x01, 0x05, 0x54, 0x4D, 0x01, 0x56, 0x66, 0x21, 0x8B, 0x57, 0x76, 0x00,
	0x8C, 0x58, 0x76, 0x00, 0x8F, 0x5B, 0x76, 0x00, 0x89, 0x5E, 0x76, 0x00, 0x8A, 0x64, 0x21, 0xBD,
	0x4D, 0x5F, 0x74, 0x2B, 0x4D, 0x29, 0x6D, 0x7C, 0x00, 0x4D, 0x28, 0x6E, 0x7D, 0x00, 0x17, 0x0D,
	0x01, 0x6F, 0x64, 0x04, 0x11, 0xD1, 0x21, 0x76, 0x7C, 0x01, 0x5D, 0x00, 0x77, 0x23, 0x17, 0x4E,
	0x01, 0x88, 0x78, 0x5D, 0x00, 0x03, 0x5D, 0x00, 0x79, 0x74, 0x33, 0x5D, 0x00, 0x7A, 0x5D, 0x00,
	0x05, 0x5D, 0x00, 0x7B, 0x5D, 0x00, 0x06, 0x5D, 0x00, 0x7C, 0x5D, 0x00, 0x07, 0x5D, 0x00, 0x7D,
	0x5D, 0x00, 0x08, 0x5D, 0x00, 0x7E, 0x5D, 0x00, 0x09, 0x5D, 0x00, 0x7F, 0x5D, 0x00, 0x0A, 0x5F,
	0x00, 0x00, 0xAE, 0x0B, 0x55, 0x00, 0x81, 0x55, 0x01, 0x0C, 0x5C, 0x00, 0x22, 0x6D, 0x4F, 0x0D,
	0x5F, 0x00, 0x04, 0xAE, 0x0E, 0x55, 0x00, 0x85, 0x55, 0x01, 0x0F, 0x5D, 0x00, 0x86, 0x5D, 0x00,
	0x10, 0x5D, 0x00, 0x87, 0x5D, 0x00, 0x11, 0x5F, 0x00, 0x08, 0xAE, 0x12, 0x55, 0x00, 0x8A, 0x55,
	0x01, 0x13, 0x5D, 0x00, 0x8B, 0x5D, 0x00, 0x14, 0x5C, 0x00, 0x02, 0x0C, 0xAE, 0x01, 0x8B, 0x8D,
	0x76, 0x13, 0x8C, 0x8E, 0x76, 0x00, 0x8F, 0x91, 0x76, 0x00, 0x89, 0x14, 0x06, 0x05, 0x8A, 0x9A,
	0x5D, 0x1A, 0x95, 0x7C, 0x15, 0x5D, 0x1A, 0xA3, 0x7C, 0x00, 0x5E, 0x1A, 0x24, 0x1E, 0x5C, 0x00,
	0x5D, 0x1A, 0xA5, 0x9F, 0x1A, 0x02, 0x88, 0x2C, 0x5D, 0x01, 0x01, 0x5D, 0x00, 0xAD, 0x9F, 0x1A,
	0x02, 0x88, 0xAE, 0x9F, 0x1A, 0x02, 0x88, 0xAF, 0x9F, 0x1A, 0x02, 0x88, 0x30, 0x5D, 0x03, 0x05,
	0x5D, 0x00, 0xB1, 0x9F, 0x1A, 0x02, 0x88, 0xB2, 0x9F, 0x1A, 0x02, 0x88, 0xB3, 0x9F, 0x1A, 0x02,
	0x88, 0x34, 0x5D, 0x03, 0x09, 0x5D, 0x00, 0xB5, 0x9F, 0x1A, 0x02, 0x88, 0xB6, 0x5D, 0x00, 0x0B,
	0x5D, 0x00, 0xB7, 0x87, 0x1B, 0x02, 0x88, 0x38, 0x5D, 0x03, 0x0D, 0x5D, 0x00, 0xBA, 0x5D, 0x01,
	0x0E, 0x5D, 0x00, 0xBB, 0x8F, 0x1B, 0x02, 0x88, 0x3C, 0x5D, 0x02, 0x10, 0x5D, 0x00, 0xBD, 0x8F,
	0x1B, 0x02, 0x88, 0xBE, 0x5D, 0x00, 0x12, 0x5E, 0x00, 0x40, 0x1E, 0x77, 0x1B, 0x02, 0x88, 0xC1,
	0x97, 0x1B, 0x02, 0x88, 0xC2, 0x7E, 0x12, 0x8B, 0xC3, 0x76, 0x00, 0x8C, 0x44, 0x6E, 0x17, 0x8F,
	0xC7, 0x6E, 0x01, 0x89, 0xCA, 0x56, 0x00, 0x22, 0x8A, 0x21, 0x64, 0x64, 0x4D, 0x02, 0xCB, 0x44,
	0x52, 0x2C, 0xCC, 0x61, 0x12, 0x13, 0x55, 0x00, 0x8D, 0x4D, 0x21, 0xE6, 0xC5, 0xBC, 0xC1, 0x22,
	0xAF, 0xD5, 0x10, 0x01, 0x02, 0x0D, 0x03, 0x05, 0x22, 0x85, 0x32, 0x30, 0x07, 0x02, 0x19, 0x14,
	0x00, 0x74, 0x01, 0x7D, 0x00, 0x04, 0xDC, 0x00, 0x21, 0x71, 0xCA, 0x85, 0x22, 0x5C, 0x76, 0x0E,
	0x1B, 0x7B, 0x05, 0x23, 0x80, 0x00, 0x80, 0x90, 0x0C, 0x6A, 0x65, 0x78, 0x83, 0xB1, 0x80, 0x90,
	0x0A, 0x5C, 0x00, 0x04, 0x81, 0xB1, 0x00, 0x90, 0x02, 0xB1, 0x97, 0x13, 0xE1, 0x82, 0xCC, 0x00,
	0x68, 0x00, 0x01, 0x08, 0x6F, 0xFC, 0x12, 0xDA, 0x97, 0xC0, 0x3A, 0x0D, 0x60, 0x03, 0x12, 0xD9,
	0x20, 0x8D, 0x0B, 0x09, 0xFF, 0x01, 0x12, 0x5A, 0x3C, 0x40, 0x00, 0x7E, 0x0C, 0x16, 0x01, 0x12,
	0xB8, 0x73, 0x08, 0x00, 0xB2, 0x00, 0x89, 0xCE, 0x1A, 0x04, 0x80, 0x1B, 0x89, 0xD0, 0x54, 0x00,
	0x04, 0xF4, 0x11, 0x80, 0x80, 0x93, 0xE8, 0x1A, 0x40, 0x3B, 0x06, 0x03, 0xC8, 0x0F, 0xE8, 0x2C,
	0x70, 0x05, 0x21, 0x83, 0x0C, 0x7D, 0x01, 0x46, 0x01, 0x40, 0x93, 0x23, 0x94, 0x27, 0x0E, 0x22,
	0x02, 0x03, 0x8D, 0x20, 0xFF, 0x0D, 0x40, 0xB3, 0x62, 0x0A, 0x00, 0x04, 0x86, 0x0B, 0x00, 0x00,
	0x28, 0xCC, 0x83, 0x02, 0x19, 0x80, 0x66, 0x03, 0x05, 0x0C, 0xFA, 0x00, 0x33, 0x8F, 0xFD, 0x14,
	0x70, 0x5A, 0x03, 0x02, 0x00, 0x03, 0xCA, 0x11, 0x08, 0xB5, 0x00, 0x07, 0x12, 0x03, 0x36, 0x45,
	0x23, 0x02, 0x05, 0x05, 0xF0, 0x0B, 0x08, 0x35, 0x01, 0x56, 0xDA, 0x2C, 0x72, 0x05, 0xF0, 0x60,
	0x42, 0x2C, 0x71, 0x85, 0x22, 0xC1, 0x05, 0x49, 0xC1, 0x0C, 0x70, 0x8C, 0xB8, 0xCB, 0x44, 0x03,
	0x90, 0xB2, 0xE1, 0x7B, 0x7B, 0x4F, 0x22, 0x01, 0x04, 0x5B, 0x7D, 0x53, 0xC1, 0x00, 0xB4, 0x05,
	0x23, 0x82, 0x06, 0x38, 0x1E, 0xE0, 0x0C, 0x01, 0x6D, 0x0F, 0x1E, 0x03, 0x7E, 0x93, 0x3B, 0x79,
	0x12, 0xB3, 0x0F, 0x4F, 0xC1, 0x6C, 0x11, 0x80, 0x5B, 0x12, 0xC8, 0x9E, 0x07, 0x20, 0xB2, 0x0F,
	0xC1, 0x8D, 0xB8, 0xC0, 0x91, 0xC3, 0x41, 0x7C, 0x04, 0x0B, 0x7E, 0xB9, 0x25, 0x7D, 0x09, 0xC1,
	0x4D, 0xC5, 0x26, 0x7E, 0x0D, 0xC1, 0xC0, 0xB1, 0x22, 0xAC, 0x46, 0x22, 0x34, 0x7B, 0x0A, 0xA0,
	0xB9, 0xA6, 0x1C, 0x44, 0x90, 0xA0, 0x93, 0x45, 0x25, 0x41, 0x11, 0xD2, 0x47, 0xDA, 0x20, 0xB2,
	0x09, 0x44, 0xF2, 0x0F, 0x86, 0xC4, 0x32, 0x79, 0x50, 0xC1, 0x2A, 0x6C, 0x46, 0x25, 0x42, 0x11,
	0x52, 0xC1, 0x1B, 0x79, 0x82, 0xBA, 0x22, 0x64, 0x94, 0x74, 0x08, 0x24, 0x04, 0x49, 0x00, 0x20,
	0x40, 0xB1, 0x42, 0x8F, 0x23, 0x8F, 0x6C, 0x70, 0x40, 0xAF, 0x04, 0x17, 0x9E, 0x10, 0x8C, 0x21,
	0xC3, 0x8F, 0x48, 0xC3, 0xCA, 0x26, 0x22, 0x30, 0x47, 0xC3, 0x46, 0xC3, 0x21, 0xAF, 0x0C, 0xF0,
	0x0A, 0xC1, 0x70, 0x71, 0x22, 0x02, 0x05, 0x00, 0x45, 0x8F, 0x0A, 0xC1, 0x50, 0x71, 0x16, 0x02,
	0x06, 0x00, 0x12, 0x60, 0x01, 0x03, 0x2F, 0x21, 0x87, 0x07, 0x4A, 0xC1, 0x12, 0x48, 0xD4, 0x12,
	0x50, 0x0E, 0x00, 0x1C, 0xA0, 0x01, 0x1B, 0x7C, 0x4C, 0xC1, 0xA2, 0x6B, 0x85, 0x7B, 0x20, 0x93,
	0x0A, 0xC0, 0x8A, 0x22, 0xCF, 0x0F, 0x18, 0x1C, 0x44, 0x30, 0x0D, 0xB8, 0x4E, 0xC0, 0x05, 0x24,
	0x40, 0x13, 0x60, 0x90, 0x02, 0x6D, 0x05, 0x24, 0x01, 0x10, 0x1A, 0x1C, 0xC4, 0x30, 0x60, 0x91,
	0x04, 0x72, 0x6D, 0x01, 0x1C, 0x8C, 0x01, 0x02, 0x22, 0x68, 0x25, 0x7C, 0x1E, 0x65, 0x01, 0x94,
	0x09, 0x5F, 0x22, 0x11, 0x61, 0x6F, 0x20, 0x4C, 0x01, 0x24, 0xD4, 0x79, 0x07, 0x58, 0x01, 0x51,
	0xC0, 0x40, 0x90, 0x0E, 0xC0, 0x62, 0x69, 0x57, 0x24, 0x00, 0x05, 0x7B, 0x0E, 0xA0, 0xA0, 0xBA,
	0x12, 0x20, 0x42, 0x00, 0x08, 0xA0, 0x93, 0x1C, 0x14, 0x02, 0x31, 0x18, 0x14, 0x0E, 0x31, 0x1E,
	0x14, 0x01, 0x31, 0x20, 0x14, 0x00, 0x31, 0x1A, 0x14, 0x1B, 0x31, 0x41, 0xC2, 0x0A, 0xC2, 0x55,
	0xA3, 0xC1, 0x22, 0x94, 0x22, 0x07, 0x42, 0x00, 0x07, 0x00, 0xC1, 0x43, 0x44, 0xC5, 0x22, 0x0B,
	0x24, 0x14, 0xBB, 0x0A, 0x5F, 0x25, 0x80, 0x13, 0x02, 0x23, 0x81, 0x33, 0xDB, 0x7A, 0xA2, 0x79,
	0x1C, 0x4C, 0x0B, 0x0E, 0xEB, 0x51, 0x1F, 0x85, 0x3C, 0x22, 0x42, 0x03, 0x12, 0xC6, 0x55, 0xC2,
	0x25, 0xB8, 0x4B, 0xC0, 0x3F, 0x47, 0xDA, 0x13, 0x78, 0x54, 0x21, 0x37, 0x69, 0x00, 0x00, 0x6F,
	0x21, 0x16, 0x24, 0x56, 0xC0, 0xE7, 0x3C, 0x19, 0x08, 0x85, 0x23, 0xCC, 0xC0, 0x0E, 0x01, 0x96,
	0x1B, 0x78, 0x51, 0x0D, 0x24, 0x10, 0x79, 0x23, 0x00, 0x31, 0x43, 0xD9, 0x14, 0xF0, 0x35, 0x22,
	0x3D, 0xEB, 0x96, 0x06, 0x52, 0x17, 0x09, 0x00, 0x72, 0x0F, 0x20, 0x96, 0x22, 0x78, 0x0B, 0xC1,
	0xA2, 0x78, 0x0B, 0x09, 0x02, 0x00, 0x14, 0xC1, 0x2D, 0x08, 0x43, 0x00, 0x74, 0x04, 0x00, 0x0B,
	0x47, 0xD9, 0x96, 0x0F, 0x2F, 0xFC, 0x10, 0xB9, 0x67, 0x71, 0xB5, 0x0B, 0x74, 0xB1, 0xC5, 0x72,
	0x09, 0xF0, 0x16, 0xC1, 0x15, 0xC0, 0x05, 0x20, 0x7E, 0x80, 0xF7, 0xF5, 0x6F, 0x5C, 0xE8, 0x06,
	0x6F, 0x75, 0x0C, 0xC3, 0x13, 0xC2, 0x07, 0xC8, 0xCB, 0x4C, 0x27, 0x05, 0x5A, 0x01, 0x45, 0x7B,
	0x0C, 0xC2, 0x7B, 0x7D, 0x22, 0xDC, 0x84, 0x22, 0xFC, 0xE0, 0x21, 0xB7, 0xBF, 0x00, 0x4B, 0xC2,
	0x04, 0x04, 0x00, 0x08, 0x0B, 0xC3, 0x9C, 0xBD, 0x05, 0x7A, 0x5B, 0x7A, 0x65, 0x78, 0x05, 0x22,
	0xC3, 0x02, 0x9F, 0xBD, 0x20, 0xB3, 0x00, 0x15, 0x1B, 0x11, 0x1B, 0x79, 0x09, 0xC0, 0x64, 0x43,
	0x13, 0x53, 0x7A, 0xB5, 0xC0, 0x91, 0x24, 0xC6, 0xE1, 0x28, 0x00, 0x0F, 0x89, 0x40, 0x10, 0x80,
	0x22, 0xED, 0xEA, 0x92, 0x05, 0x08, 0x84, 0x0E, 0x66, 0x0F, 0x9F, 0x07, 0x35, 0x08, 0xCE, 0x09,
	0x0D, 0x80, 0x55, 0x21, 0xA5, 0x82, 0x10, 0x0C, 0x4E, 0x00, 0x01, 0xBE, 0x65, 0x74, 0x04, 0x23,
	0x01, 0x30, 0x20, 0xB5, 0x07, 0xC8, 0x0B, 0xC1, 0x54, 0x23, 0xC3, 0x19, 0x05, 0x79, 0xA4, 0x4C,
	0x00, 0x0A, 0xC0, 0xB1, 0x11, 0xC1, 0x40, 0x91, 0x0E, 0xC4, 0x0C, 0xC5, 0x65, 0x7C, 0x4F, 0x22,
	0x03, 0x00, 0xA0, 0xBA, 0x60, 0xB1, 0x40, 0xB1, 0x05, 0x7D, 0x40, 0x94, 0xBB, 0x79, 0x22, 0x9F,
	0x8A, 0x40, 0xB3, 0x43, 0x5D, 0x3E, 0x0D, 0x11, 0x01, 0x06, 0x8C, 0x07, 0x21, 0x8F, 0x04, 0xF5,
	0x6C, 0x40, 0x00, 0x06, 0xEE, 0x05, 0xE2, 0xFF, 0x64, 0x8F, 0x25, 0x8F, 0x30, 0x73, 0xFC, 0x05,
	0xEE, 0xFF, 0x0A, 0x26, 0xC0, 0x30, 0x0F, 0xC1, 0x1B, 0x7A, 0x05, 0x22, 0xAE, 0x57, 0xA0, 0x91,
	0x22, 0xF4, 0x74, 0x11, 0xF1, 0x7B, 0xB0, 0x06, 0xB1, 0x05, 0x22, 0xA4, 0x4D, 0x3A, 0x95, 0x02,
	0x2A, 0x29, 0x96, 0x02, 0x04, 0x7D, 0x06, 0x0E, 0xA0, 0xB0, 0x28, 0xCC, 0x2F, 0x02, 0x1E, 0xE0,
	0xC0, 0xB0, 0x1E, 0x59, 0xB2, 0xBC, 0x2D, 0xBC, 0x94, 0x12, 0x7A, 0x1C, 0x40, 0x30, 0x0D, 0xAF,
	0x04, 0x21, 0x2E, 0x27, 0x1B, 0x79, 0x24, 0x1C, 0x80, 0x21, 0x25, 0x8A, 0x90, 0xE6, 0x5B, 0xCD,
	0x70, 0x24, 0xD7, 0xE2, 0x78, 0xFF, 0x45, 0x21, 0x1C, 0x5B, 0x5F, 0x0D, 0x1F, 0x84, 0x17, 0x24,
	0xE4, 0x30, 0x0A, 0x05, 0x00, 0x6D, 0x72, 0x56, 0x27, 0x1B, 0x18, 0x38, 0xE8, 0x0C, 0x70, 0x16,
	0x45, 0x0F, 0x2C, 0x04, 0x8C, 0x0E, 0x40, 0x98, 0x00, 0x80, 0x96, 0x2C, 0x70, 0xC0, 0xB7, 0x00,
	0x1B, 0x84, 0x37, 0xFE, 0x1B, 0x84, 0xB7, 0x22, 0xBC, 0x95, 0x0B, 0x04, 0x90, 0x20, 0x06, 0xF6,
	0x08, 0xA0, 0x00, 0xC4, 0x1B, 0x84, 0xB3, 0x33, 0xD8, 0x66, 0x0D, 0x00, 0x04, 0x22, 0xD4, 0x5A,
	0x04, 0x44, 0x01, 0x00, 0xB7, 0x20, 0xD8, 0x76, 0x44, 0x03, 0x0B, 0xC0, 0xB5, 0x8A, 0x20, 0x10,
	0x00, 0xAC, 0x1D, 0x84, 0x97, 0x00, 0x1D, 0xC4, 0x12, 0x12, 0x60, 0x81, 0x4D, 0x01, 0x93, 0x22,
	0xE7, 0xA4, 0xC0, 0xB5, 0xBE, 0x7C, 0x03, 0x04, 0xB7, 0x55, 0x25, 0xC0, 0x1A, 0xC0, 0xB0, 0x77,
	0x03, 0x50, 0xF0, 0x42, 0x46, 0x02, 0x0C, 0x74, 0x06, 0x0C, 0x07, 0x0C, 0x76, 0x08, 0x92, 0x00,
	0x4F, 0x37, 0xB7, 0xCB, 0x47, 0x24, 0xA6, 0x96, 0xE1, 0x40, 0x45, 0x0F, 0x33, 0xF4, 0x0E, 0x45,
	0x10, 0xB3, 0x75, 0x0E, 0x7A, 0x44, 0x06, 0x06, 0x99, 0x1D, 0xDD, 0x10, 0xFD, 0x78, 0x2C, 0x70,
	0x6E, 0x8E, 0x01, 0xDC, 0x12, 0xED, 0x15, 0x5E, 0x9E, 0x01, 0x9C, 0x13, 0xE6, 0x13, 0x5E, 0x1D,
	0x5C, 0x1B, 0x08, 0xB7, 0x0C, 0x76, 0xDE, 0x0F, 0x60, 0x00, 0xB2, 0x1D, 0x84, 0x13, 0x22, 0x74,
	0x44, 0x12, 0x19, 0xD5, 0x5E, 0x4D, 0x0F, 0x32, 0x4D, 0x05, 0xB2, 0x5C, 0x00, 0x64, 0x13, 0x5D,
	0x04, 0x13, 0x7D, 0x03, 0x1E, 0x9D, 0x13, 0xAF, 0x45, 0x08, 0xB2, 0x29, 0xEE, 0x5C, 0xE0, 0x7E,
	0xAC, 0x00, 0x24, 0x94, 0x53, 0x05, 0x1C, 0x00, 0x1B, 0x78, 0x19, 0x7A, 0x4F, 0x78, 0x12, 0xCA,
	0x38, 0xC0, 0xB8, 0x26, 0x9C, 0xC9, 0x22, 0x3E, 0xF1, 0x40, 0xC1, 0x12, 0xF1, 0x87, 0x00, 0x0F,
	0xDB, 0xC2, 0x14, 0x79, 0x26, 0x3D, 0x89, 0x36, 0x21, 0xF7, 0x58, 0x43, 0xC0, 0xAD, 0x21, 0xCC,
	0xCC, 0x09, 0x16, 0xF0, 0x00, 0xC0, 0x34, 0x68, 0x01, 0xC0, 0x16, 0x79, 0x59, 0x61, 0x22, 0x6C,
	0x2A, 0x07, 0x48, 0x0B, 0x0F, 0x61, 0x80, 0xD8, 0xA2, 0x0F, 0xE0, 0x01, 0x2A, 0x65, 0xA8, 0xC5,
	0x23, 0x16, 0xA6, 0xD0, 0x7A, 0x21, 0xFD, 0xA4, 0x0A, 0x24, 0x5F, 0x89, 0x20, 0x4E, 0x86, 0x13,
	0xAA, 0x83, 0x02, 0xC0, 0x22, 0x47, 0xA3, 0x42, 0xC0, 0x21, 0x2F, 0x1E, 0x01, 0x0E, 0x61, 0x0F,
	0x06, 0xC1, 0x41, 0x5A, 0x44, 0x09, 0x11, 0x33, 0xD7, 0x2E, 0x43, 0x13, 0x22, 0x7D, 0xE9, 0x18,
	0x22, 0x0D, 0x8F, 0x00, 0x0C, 0x12, 0x00, 0x03, 0x2E, 0x6A, 0x0A, 0x6A, 0x8A, 0x24, 0xC7, 0x1F,
	0x65, 0x79, 0x65, 0x78, 0xA5, 0x71, 0x80, 0xB1, 0x80, 0xB0, 0x03, 0xC0, 0xB0, 0x55, 0x0B, 0xBD,
	0x54, 0x0B, 0x5C, 0x9C, 0x23, 0xF5, 0xA4, 0x26, 0x5F, 0x0B, 0xE1, 0x40, 0x6F, 0x4D, 0x14, 0x18,
	0x2F, 0x6D, 0x01, 0x0D, 0x4F, 0x0B, 0xA1, 0x41, 0xFE, 0x54, 0x18, 0x2C, 0xF4, 0xA4, 0x28, 0x9D,
	0x02, 0xD1, 0x44, 0x09, 0x01, 0x0C, 0xD9, 0xE2, 0x0E, 0x6C, 0x08, 0x22, 0xF7, 0x90, 0x12, 0x01,
	0x3D, 0x50, 0xC1, 0x30, 0x1F, 0x01, 0x80, 0xD8, 0xB6, 0x54, 0x08, 0x22, 0x25, 0xA5, 0x4F, 0x22,
	0x27, 0xA5, 0x27, 0x81, 0x13, 0x22, 0x15, 0xA5, 0xA2, 0x8E, 0x02, 0x24, 0x6E, 0x06, 0x04, 0x25,
	0x7F, 0x21, 0x07, 0xAA, 0xB7, 0x03, 0xC0, 0x12, 0x43, 0xD1, 0x00, 0x88, 0xC1, 0x94, 0x1F, 0x22,
	0x16, 0xA5, 0x8A, 0x0E, 0x75, 0x1F, 0x26, 0x21, 0x99, 0x21, 0xA4, 0x2E, 0x7C, 0x8A, 0x13, 0xE0,
	0xEA, 0x01, 0x14, 0x70, 0x01, 0x8E, 0x24, 0x9C, 0xDD, 0x00, 0x03, 0xA8, 0x09, 0x18, 0x79, 0x5F,
	0x20, 0x9B, 0x0D, 0x12, 0x69, 0x25, 0x78, 0x0F, 0x7F, 0x12, 0xD9, 0xA1, 0x40, 0x0A, 0xF2, 0x46,
	0x00, 0x31, 0x0F, 0x12, 0xD9, 0x80, 0xDA, 0x6A, 0x09, 0x60, 0x00, 0xA1, 0x40, 0x04, 0xF0, 0x5E,
	0x0A, 0x40, 0x01, 0x00, 0x8E, 0x22, 0x75, 0x8D, 0xFB, 0x21, 0x74, 0x8D, 0x22, 0x4C, 0xB1, 0x22,
	0xDC, 0xCD, 0x22, 0x5C, 0x8D, 0x01, 0x63, 0x70, 0xB9, 0x60, 0x24, 0xF4, 0xDA, 0xB5, 0x2E, 0x12,
	0x9D, 0x0E, 0xA2, 0x17, 0xD0, 0xDA, 0x5C, 0x0D, 0x8F, 0x0C, 0x10, 0xD9, 0xF2, 0x21, 0x05, 0x41,
	0xA1, 0x21, 0xD7, 0x8E, 0x41, 0xDA, 0x16, 0x94, 0x0A, 0x0A, 0x10, 0xD9, 0xF3, 0xDA, 0xF6, 0x0D,
	0xEF, 0xFC, 0xA1, 0x40, 0x29, 0xD9, 0xD6, 0x8C, 0x03, 0x02, 0x29, 0xD9, 0x1F, 0xDA, 0xE6, 0x86,
	0x02, 0xFF, 0xD8, 0x22, 0xFC, 0xDC, 0x22, 0x24, 0x8F, 0x09, 0x8A, 0x23, 0xF7, 0x0F, 0x40, 0xC0,
	0xA1, 0x40, 0xB2, 0x0C, 0x20, 0x03, 0x6C, 0x0E, 0xB6, 0x0C, 0xAA, 0x0D, 0x77, 0x0C, 0x29, 0xD9,
	0xC6, 0x04, 0x12, 0x5F, 0x06, 0xA2, 0xC0, 0xC2, 0x10, 0x02, 0x40, 0x04, 0x14, 0xF8, 0xF3, 0x11,
	0xA2, 0x9E, 0x46, 0x64, 0x21, 0xD5, 0x60, 0x40, 0x05, 0xE7, 0x13, 0x04, 0x92, 0x0D, 0x20, 0xB7,
	0x45, 0xC0, 0x44, 0xC0, 0x78, 0xF0, 0x0F, 0xED, 0x03, 0xC0, 0x39, 0x08, 0xD0, 0x00, 0x5E, 0x25,
	0x08, 0x50, 0x57, 0x00, 0x35, 0x08, 0x90, 0x54, 0x00, 0x05, 0x9C, 0xE8, 0x7F, 0xD8, 0x08, 0xB8,
	0x21, 0xF0, 0x7C, 0x01, 0x6D, 0x03, 0x39, 0x21, 0xED, 0xC3, 0x7F, 0x11, 0x59, 0x06, 0x11, 0x95,
	0x03, 0x97, 0x57, 0x03, 0x10, 0xB8, 0x13, 0x22, 0xCD, 0x58, 0x7F, 0x01, 0x00, 0x0F, 0x5C, 0x00,
	0x58, 0x00, 0x21, 0xBD, 0xCF, 0x6B, 0x57, 0x0B, 0x11, 0xB9, 0x0C, 0x7C, 0x01, 0x40, 0x03, 0x06,
	0x03, 0xF0, 0x18, 0xB8, 0x44, 0xC0, 0x06, 0xF0, 0xDD, 0x54, 0x02, 0x0F, 0x10, 0xB9, 0xE6, 0x09,
	0x0F, 0xFC, 0x02, 0x17, 0x00, 0x15, 0x02, 0xB8, 0xC2, 0x0E, 0xAF, 0xFC, 0x10, 0x78, 0x26, 0xD4,
	0x37, 0x01, 0x08, 0xDA, 0x8D, 0x70, 0x22, 0xD6, 0x37, 0x6E, 0x0B, 0x22, 0x9C, 0x51, 0x22, 0xCD,
	0xB4, 0xBA, 0x5C, 0x03, 0x04, 0x4C, 0x71, 0x84, 0xC0, 0x4C, 0x72, 0x4A, 0x45, 0x01, 0xC1, 0x21,
	0xAF, 0xB4, 0x14, 0xD9, 0xA6, 0x8C, 0x02, 0x23, 0xA4, 0x5C, 0x21, 0x27, 0x68, 0x60, 0x40, 0x92,
	0x23, 0xAF, 0x37, 0x8D, 0x70, 0x3A, 0x95, 0x06, 0x80, 0x4D, 0x09, 0x93, 0x29, 0x2D, 0x01, 0x22,
	0x94, 0x02, 0x05, 0x4A, 0x0A, 0x4F, 0xFC, 0x00, 0xB7, 0x29, 0x68, 0x07, 0x73, 0x1B, 0x54, 0x30,
	0x22, 0x2D, 0x7E, 0x03, 0x21, 0x3E, 0x4D, 0x14, 0x81, 0x10, 0x07, 0xC1, 0x08, 0xAA, 0x21, 0x3E,
	0x53, 0x0F, 0x71, 0x22, 0xBD, 0x8F, 0x43, 0x21, 0x94, 0x86, 0x00, 0x0B, 0x84, 0x27, 0xC1, 0x9F,
	0x08, 0xF4, 0xC3, 0x41, 0x8F, 0x02, 0x00, 0x00, 0x3E, 0x0C, 0x2F, 0xFE, 0x0C, 0x74, 0xED, 0x71,
	0x5F, 0x27, 0xCD, 0x10, 0x12, 0x6F, 0x47, 0xC0, 0x07, 0x4C, 0x56, 0x22, 0x9E, 0x62, 0x38, 0x60,
	0x11, 0x60, 0x70, 0x0F, 0xF0, 0x1E, 0x00, 0x23, 0x00, 0x44, 0xC0, 0xB2, 0x7A, 0x2C, 0x71, 0x07,
	0xC0, 0x24, 0x71, 0x2A, 0x78, 0x58, 0x94, 0x02, 0x0B, 0xF4, 0x07, 0xE4, 0xFF, 0x44, 0xC0, 0x0C,
	0x70, 0xE2, 0x09, 0x6F, 0xFC, 0xFF, 0xD9, 0x7D, 0xE5, 0x90, 0x21, 0x14, 0x46, 0x0E, 0xF6, 0x0B,
	0x2F, 0xFE, 0xE1, 0x42, 0xD2, 0x0D, 0xAF, 0xFC, 0xFF, 0xD8, 0x5F, 0x27, 0x80, 0x12, 0xCD, 0x23,
	0x26, 0xE8, 0x04, 0x77, 0x0C, 0xC2, 0x12, 0xA0, 0x87, 0x7C, 0x1A, 0x0C, 0x41, 0xC6, 0x6E, 0x0A,
	0xAF, 0xFC, 0x40, 0xC6, 0x01, 0x6D, 0x49, 0xC0, 0x0F, 0x7B, 0x07, 0x55, 0x3D, 0xBE, 0x21, 0xF7,
	0xA1, 0x4C, 0x70, 0x03, 0x22, 0xCC, 0x5D, 0x07, 0x00, 0xC8, 0x12, 0xFB, 0x7B, 0x1D, 0xD8, 0xA1,
	0x41, 0xAA, 0x4E, 0x02, 0x78, 0x43, 0x0D, 0x04, 0x1E, 0x4D, 0x01, 0x9E, 0x4D, 0x01, 0x63, 0x4D,
	0x01, 0x1F, 0x4D, 0x01, 0x92, 0x8D, 0x01, 0x20, 0x21, 0x9F, 0x4C, 0xA1, 0x41, 0x86, 0x8C, 0x01,
	0x22, 0x9D, 0x4B, 0x4C, 0x11, 0x20, 0x28, 0x21, 0xEE, 0x91, 0xC3, 0x72, 0x47, 0x02, 0x07, 0xD8,
	0x06, 0x13, 0xA0, 0xA3, 0xF6, 0x0D, 0xFE, 0x09, 0x75, 0x0D, 0x42, 0x21, 0x75, 0x87, 0x0F, 0x16,
	0x11, 0xE0, 0x74, 0x7D, 0x02, 0xE6, 0x9E, 0x02, 0x08, 0xDD, 0x11, 0xBA, 0xF2, 0x71, 0xB2, 0x56,
	0x2E, 0xE1, 0x41, 0x46, 0x01, 0x70, 0xAA, 0x84, 0x01, 0x11, 0xE1, 0x5A, 0x1D, 0x05, 0x05, 0x44,
	0x96, 0x05, 0x5C, 0xDA, 0x23, 0x96, 0x62, 0xC6, 0xB6, 0x9C, 0x05, 0x0D, 0xED, 0x74, 0xAD, 0x70,
	0x05, 0xC2, 0x92, 0xBF, 0x8C, 0xBD, 0x2E, 0xD9, 0xE1, 0x40, 0xA1, 0x43, 0x65, 0x03, 0x9E, 0x87,
	0x03, 0x05, 0xC2, 0x2F, 0x27, 0x45, 0x00, 0x8A, 0x86, 0x02, 0x13, 0x6D, 0x16, 0xC2, 0x11, 0x41,
	0x30, 0x0D, 0x04, 0x76, 0xB4, 0x04, 0x04, 0xC0, 0x1B, 0x78, 0x54, 0x20, 0x8D, 0x0C, 0x04, 0xD6,
	0x04, 0x20, 0x4E, 0x83, 0x28, 0x00, 0x03, 0x00, 0x12, 0x31, 0x0B, 0x91, 0x21, 0xCF, 0x67, 0xA1,
	0x43, 0x04, 0x46, 0x0E, 0x10, 0x7A, 0x04, 0x06, 0x00, 0x02, 0x4A, 0x78, 0xA2, 0x78, 0x0E, 0x7E,
	0x0C, 0x74, 0xAA, 0x0A, 0x2F, 0xFE, 0x40, 0xC6, 0xE1, 0x0E, 0x12, 0x90, 0xDB, 0x7B, 0x7D, 0x2B,
	0x92, 0x11, 0x81, 0x68, 0x96, 0x4E, 0x02, 0xC1, 0x42, 0x2A, 0x84, 0x03, 0x12, 0x39, 0xE3, 0x1A,
	0x6E, 0x0B, 0xC0, 0x09, 0x84, 0x21, 0x03, 0x1E, 0x66, 0xCF, 0x7B, 0x6A, 0x08, 0x7E, 0x20, 0x25,
	0xDE, 0x11, 0x91, 0xF0, 0xBE, 0x07, 0x53, 0x63, 0x43, 0x5A, 0x5E, 0x01, 0xC1, 0x41, 0x74, 0x29,
	0x01, 0xC1, 0x41, 0x4E, 0x08, 0xF4, 0x29, 0x01, 0xC1, 0x41, 0x42, 0x08, 0xF7, 0x29, 0xC1, 0x41,
	0x36, 0x8E, 0x01, 0x08, 0xC3, 0x66, 0x32, 0x2A, 0x08, 0x64, 0x32, 0x2A, 0x94, 0x01, 0x07, 0x40,
	0xC5, 0xB6, 0x08, 0xAF, 0xFC, 0x41, 0xC5, 0xE2, 0x0B, 0x65, 0x3B, 0xAA, 0x2B, 0x5C, 0x11, 0x01,
	0xA3, 0xC1, 0x68, 0x45, 0x14, 0xA3, 0xD6, 0x0F, 0xEB, 0x0C, 0x45, 0x10, 0xE1, 0x11, 0x1C, 0x6D,
	0x12, 0x80, 0xB5, 0x12, 0xE1, 0x77, 0x82, 0x54, 0x06, 0x22, 0x7C, 0xDE, 0x02, 0x8C, 0x25, 0x7F,
	0x1D, 0xA3, 0x10, 0x08, 0x70, 0xD7, 0x22, 0x05, 0xCF, 0x14, 0x21, 0x14, 0x52, 0x00, 0x06, 0x10,
	0xE8, 0x56, 0x26, 0x0F, 0x18, 0x20, 0xB7, 0xFE, 0x1F, 0x44, 0x90, 0xA1, 0xB7, 0x43, 0x0B, 0x30,
	0x30, 0xA0, 0xB6, 0x4B, 0x0B, 0x71, 0x30, 0x44, 0xEB, 0x02, 0x1F, 0x85, 0x12, 0x26, 0xF0, 0x22,
	0x1C, 0xA5, 0x0E, 0x42, 0x26, 0x82, 0x12, 0x1B, 0x78, 0x05, 0x79, 0x45, 0x78, 0xA0, 0xB1, 0xA0,
	0xB0, 0x14, 0xD8, 0x3A, 0x44, 0x89, 0x01, 0x8A, 0x1E, 0x5C, 0x13, 0x22, 0xBD, 0xCF, 0x80, 0x5C,
	0x00, 0x02, 0xFE, 0x1E, 0x44, 0x13, 0x82, 0x5D, 0x00, 0x16, 0x57, 0x05, 0x42, 0x26, 0x81, 0x4F,
	0x05, 0x25, 0x78, 0x00, 0x11, 0x09, 0x1D, 0x06, 0x12, 0xF8, 0xF5, 0x4C, 0x5C, 0x05, 0x4E, 0x0E,
	0xCF, 0xFB, 0x14, 0x1F, 0xC4, 0x16, 0x6C, 0x09, 0x7C, 0x08, 0x01, 0x00, 0x19, 0x85, 0x00, 0x2C,
	0x3E, 0x02, 0xA7, 0xC1, 0x12, 0x98, 0xA6, 0x22, 0x7D, 0xAB, 0x6E, 0x21, 0xF4, 0x56, 0x00, 0x03,
	0x3B, 0x88, 0x00, 0x8B, 0x1A, 0x1C, 0x82, 0x30, 0x1B, 0x1C, 0x42, 0x30, 0x66, 0xC0, 0x42, 0x8B,
	0x21, 0x8B, 0x03, 0x8B, 0x19, 0x5D, 0x01, 0x16, 0x5D, 0x01, 0x6A, 0x21, 0x34, 0x91, 0x0E, 0x17,
	0x1C, 0x02, 0x30, 0x6D, 0x20, 0x9B, 0x09, 0x0C, 0x70, 0x53, 0xF0, 0x00, 0xC1, 0xAD, 0x70, 0x38,
	0x54, 0x4B, 0x0B, 0x48, 0xF0, 0x40, 0x24, 0x80, 0x36, 0xA9, 0x60, 0x02, 0xC0, 0x2B, 0x78, 0x41,
	0xF2, 0x4C, 0x01, 0x08, 0x35, 0x00, 0xC2, 0xA8, 0x60, 0x86, 0xC1, 0xAF, 0x61, 0xB4, 0x7A, 0x55,
	0x49, 0x71, 0x05, 0xC3, 0x58, 0x21, 0x95, 0x5A, 0x2E, 0x5D, 0x05, 0xEA, 0x21, 0x9D, 0x43, 0x2F,
	0x0C, 0x20, 0x0A, 0x42, 0x54, 0x70, 0x00, 0xC2, 0x94, 0x6D, 0x01, 0xC1, 0xD0, 0x78, 0x56, 0x7C,
	0x64, 0x0F, 0x00, 0x06, 0x48, 0x0B, 0x98, 0x60, 0x24, 0x71, 0x7A, 0x60, 0x09, 0xF2, 0xC5, 0x71,
	0xD0, 0x78, 0x98, 0x60, 0x78, 0x60, 0xE0, 0xAA, 0x20, 0xA8, 0x11, 0xF0, 0x26, 0x56, 0x47, 0x03,
	0xC3, 0x24, 0x64, 0x68, 0x00, 0x06, 0x28, 0x0B, 0x8B, 0x7B, 0x05, 0xF2, 0x20, 0xAA, 0xE0, 0xA8,
	0x03, 0xF0, 0x20, 0xA8, 0xE0, 0xAA, 0x01, 0xC0, 0xC5, 0x71, 0xE2, 0x68, 0xF0, 0x78, 0x7F, 0xE9,
	0x04, 0xC0, 0xA1, 0x11, 0xA9, 0x7E, 0xAF, 0x57, 0xD7, 0x04, 0xC8, 0x73, 0x21, 0x2C, 0xA3, 0x14,
	0x50, 0x9E, 0x06, 0x00, 0xC0, 0x5D, 0x08, 0xE4, 0x86, 0x0C, 0x71, 0xA7, 0xEC, 0x37, 0x06, 0xC0,
	0x24, 0xDA, 0x9F, 0xBA, 0x00, 0x8A, 0x3C, 0x8A, 0xA4, 0x1E, 0x0F, 0x07, 0xE0, 0x23, 0xB8, 0x89,
	0x68, 0x08, 0x45, 0x00, 0x1B, 0x03, 0x00, 0x81, 0xAB, 0x0E, 0xE9, 0x03, 0xC8, 0x24, 0x94, 0x6D,
	0x00, 0x04, 0x3F, 0x00, 0x1D, 0x7D, 0x07, 0x69, 0x23, 0xB8, 0xB8, 0x60, 0xA2, 0xAB, 0xE9, 0x68,
	0x04, 0xF0, 0x89, 0x47, 0xA2, 0xAB, 0x8F, 0x78, 0x66, 0xC9, 0x9C, 0x0B, 0x21, 0x35, 0x90, 0x8E,
	0x22, 0x3C, 0xB2, 0x01, 0x0C, 0x77, 0xE3, 0xAB, 0x23, 0x1D, 0x92, 0x71, 0x22, 0x84, 0xFE, 0x0B,
	0x01, 0x00, 0xEF, 0x7B, 0xAF, 0x78, 0x17, 0x0B, 0x24, 0x00, 0x20, 0xAE, 0x04, 0x77, 0x6D, 0x02,
	0xFD, 0x05, 0x1E, 0x80, 0x7C, 0x02, 0x0D, 0x20, 0xAE, 0x2C, 0x70, 0x6D, 0x71, 0x00, 0x2B, 0x40,
	0x10, 0x6C, 0x70, 0x0F, 0x7C, 0x07, 0xEB, 0x24, 0x27, 0x25, 0x3F, 0x00, 0x02, 0x0D, 0x37, 0x8A,
	0x14, 0x68, 0x0A, 0x00, 0x06, 0x1C, 0x00, 0x7B, 0x7D, 0xB9, 0x7E, 0xCB, 0x7C, 0x05, 0xF2, 0xC7,
	0x68, 0x23, 0xBE, 0x04, 0xF0, 0x0F, 0xE0, 0x41, 0x28, 0x0E, 0x01, 0x38, 0x65, 0x23, 0x8C, 0xF3,
	0x1D, 0x0B, 0x0A, 0xC0, 0xA8, 0xE3, 0x21, 0x8D, 0xF3, 0xBB, 0x21, 0x8D, 0xF3, 0xC6, 0x23, 0x8C,
	0x68, 0x16, 0x70, 0xF4, 0x09, 0x2C, 0x71, 0x1D, 0x0A, 0x70, 0x00, 0x18, 0x79, 0x0C, 0x73, 0x91,
	0xEA, 0x26, 0x25, 0x6A, 0x0B, 0x07, 0x03, 0x71, 0x0B, 0xF4, 0x0D, 0x68, 0x0C, 0x27, 0xF4, 0x69,
	0x44, 0x02, 0x06, 0x72, 0xF8, 0xF3, 0x4A, 0x09, 0x4F, 0xFE, 0x0C, 0x71, 0x22, 0x6F, 0x4E, 0xF1,
	0xC0, 0xF2, 0x11, 0x70, 0x15, 0x14, 0x38, 0xEB, 0x04, 0x40, 0x88, 0x05, 0xE9, 0x0F, 0x0A, 0x1F,
	0x45, 0xBC, 0x54, 0x21, 0x3C, 0xEF, 0x0F, 0xE0, 0xBA, 0xE0, 0x7D, 0x61, 0x88, 0x29, 0x6A, 0x20,
	0xA8, 0x54, 0x23, 0x01, 0x08, 0x21, 0xA8, 0xE0, 0x7E, 0x12, 0x28, 0x90, 0x0B, 0x40, 0x89, 0xFE,
	0x11, 0x01, 0x81, 0x9F, 0x22, 0x1F, 0x04, 0x0C, 0x79, 0x05, 0x29, 0x1A, 0x8A, 0x12, 0x04, 0x71,
	0x27, 0x7F, 0xE3, 0x39, 0x0C, 0x70, 0xB6, 0x11, 0x05, 0xB1, 0xBF, 0x00, 0x43, 0xC0, 0x04, 0x45,
	0x01, 0x01, 0x13, 0xF8, 0xFF, 0x07, 0xEF, 0xFD, 0x0A, 0xD8, 0xEE, 0x08, 0xCF, 0xFF, 0x03, 0xC0,
	0x23, 0xDF, 0x92, 0x36, 0x10, 0x78, 0x00, 0xF9, 0x21, 0x54, 0x55, 0x0E, 0x24, 0xC3, 0x37, 0x14,
	0x70, 0xEC, 0xF4, 0x1F, 0x14, 0x80, 0x30, 0xAD, 0x71, 0x00, 0x1E, 0x42, 0x73, 0x22, 0x7E, 0xBF,
	0xAA, 0x08, 0x0D, 0x27, 0x1B, 0x47, 0x02, 0x2C, 0x71, 0x6A, 0x21, 0xAC, 0xEF, 0x1B, 0x00, 0x05,
	0x13, 0xBB, 0xE4, 0x80, 0x0A, 0x16, 0x21, 0x8E, 0xEB, 0x2C, 0x71, 0x11, 0x08, 0xA2, 0x0D, 0x31,
	0x88, 0xC1, 0x4C, 0x72, 0x2F, 0x27, 0xC7, 0x16, 0xCA, 0x0B, 0xEF, 0xFB, 0xE1, 0x40, 0x89, 0x54,
	0x7F, 0x05, 0x6A, 0x09, 0xEF, 0xFB, 0x80, 0xDA, 0xCD, 0x71, 0xA4, 0x37, 0x08, 0x6A, 0x0B, 0x04,
	0xC0, 0xCF, 0x7A, 0x92, 0x0E, 0xAF, 0xFF, 0x14, 0x45, 0x70, 0x85, 0x55, 0x05, 0x9E, 0x84, 0x05,
	0x11, 0x32, 0x86, 0x20, 0x80, 0x21, 0x83, 0x6F, 0x00, 0x3F, 0x45, 0x21, 0x06, 0x6B, 0x89, 0xC0,
	0x04, 0x76, 0x12, 0x62, 0xBF, 0xA5, 0x71, 0x0D, 0xE8, 0x02, 0x19, 0x6A, 0x0F, 0xA2, 0xF7, 0x26,
	0x6C, 0xD0, 0x6D, 0x8E, 0x03, 0x11, 0xF5, 0x00, 0x22, 0x46, 0x17, 0x63, 0x42, 0x12, 0x20, 0xFB,
	0x04, 0x89, 0xC6, 0xAA, 0x66, 0xC3, 0x41, 0x04, 0x59, 0x19, 0x0E, 0x4E, 0x02, 0x0C, 0x74, 0xAE,
	0x06, 0xB6, 0xF7, 0x0D, 0x04, 0x05, 0x46, 0x1C, 0xFA, 0x0D, 0x6F, 0x02, 0x0C, 0x77, 0x08, 0x21,
	0xA7, 0xEB, 0x08, 0x47, 0x00, 0x11, 0x9A, 0x3D, 0x2C, 0x77, 0x11, 0xC8, 0x7F, 0x00, 0x2F, 0x71,
	0xFF, 0xE0, 0x12, 0xF7, 0x01, 0x16, 0x83, 0x14, 0x34, 0x77, 0x0C, 0xF2, 0xFF, 0xE0, 0x02, 0xF2,
	0x77, 0xEB, 0xB4, 0x4F, 0x33, 0x4A, 0x91, 0x73, 0xCA, 0x27, 0x89, 0x10, 0xCA, 0x25, 0x49, 0x10,
	0xEE, 0xF1, 0xEC, 0xEB, 0xEA, 0xF1, 0x39, 0x21, 0xC3, 0x02, 0x38, 0x25, 0xC2, 0x12, 0x6B, 0x7A,
	0x7F, 0xD8, 0x3C, 0x75, 0x1C, 0x77, 0xB5, 0x77, 0x06, 0xF2, 0xB0, 0x4F, 0x7F, 0x20, 0x00, 0x01,
	0x12, 0xE8, 0x39, 0xEF, 0x12, 0xC3, 0x41, 0x07, 0x44, 0x12, 0x11, 0xD0, 0x65, 0x05, 0xFB, 0x63,
	0x42, 0xBE, 0x67, 0x44, 0x2E, 0x8E, 0x23, 0x6E, 0xEB, 0x08, 0x01, 0x5C, 0xA7, 0x08, 0x42, 0xE1,
	0x43, 0x76, 0x0D, 0xEF, 0xFD, 0x40, 0xC6, 0xCF, 0x7C, 0xFC, 0x1F, 0x02, 0x5F, 0x24, 0x42, 0x11,
	0x14, 0x44, 0xBF, 0xA4, 0x47, 0x04, 0x6A, 0x0B, 0x54, 0x22, 0x83, 0x0C, 0x1B, 0x54, 0x8B, 0x0C,
	0xC8, 0xA8, 0x39, 0x0B, 0x51, 0x30, 0x16, 0xE9, 0x31, 0x09, 0x51, 0x00, 0x00, 0x1E, 0x82, 0x44,
	0x2E, 0x04, 0x4F, 0x00, 0x12, 0xF0, 0x09, 0xE9, 0x21, 0x27, 0x3C, 0x00, 0x01, 0x4E, 0x00, 0x0A,
	0xF0, 0xA5, 0x01, 0x33, 0x44, 0x88, 0xA4, 0x01, 0x00, 0x04, 0x34, 0x00, 0x45, 0x2B, 0x82, 0x02,
	0x8A, 0x20, 0xBF, 0x0D, 0x42, 0xC1, 0xC3, 0x41, 0x09, 0x01, 0x05, 0x00, 0x40, 0xC4, 0x49, 0x78,
	0x74, 0x9C, 0x03, 0x78, 0x60, 0x10, 0x7B, 0xFA, 0x0C, 0x55, 0x1F, 0x75, 0x7D, 0x34, 0x43, 0x9C,
	0x34, 0x01, 0x72, 0x0A, 0x8F, 0xFE, 0x1C, 0x98, 0x00, 0x04, 0x10, 0x78, 0x14, 0x74, 0x0E, 0x06,
	0xC5, 0x13, 0x8A, 0xF5, 0x9A, 0x0B, 0x6D, 0x2D, 0x80, 0x44, 0x45, 0xEC, 0x8F, 0x10, 0x11, 0x51,
	0xAC, 0x45, 0x10, 0x05, 0x51, 0xAC, 0xC3, 0x21, 0x7E, 0xA5, 0x39, 0x1E, 0x21, 0x3D, 0xBA, 0x83,
	0x84, 0x5E, 0x0B, 0xA8, 0x09, 0x03, 0x89, 0x6C, 0x71, 0x0F, 0x08, 0xBF, 0x01, 0x4C, 0x71, 0x16,
	0x89, 0x12, 0x09, 0x66, 0x0F, 0x5C, 0x45, 0x0A, 0x0F, 0x08, 0x9F, 0x01, 0x22, 0x14, 0x80, 0x30,
	0x6D, 0x20, 0x83, 0x01, 0x0D, 0x12, 0x10, 0x77, 0x00, 0x09, 0x70, 0x9E, 0x0F, 0x40, 0x02, 0x83,
	0xC0, 0x13, 0xD9, 0x86, 0x0C, 0xAF, 0xFC, 0xF3, 0xDA, 0x83, 0xC0, 0x10, 0xD9, 0x92, 0x0F, 0xEF,
	0xFF, 0x45, 0xDA, 0x09, 0xCA, 0x22, 0x3F, 0x99, 0x20, 0xF0, 0x32, 0x21, 0xB4, 0x35, 0x12, 0x70,
	0x01, 0x11, 0xF0, 0x0B, 0x00, 0x02, 0xDF, 0xDB, 0x79, 0xCA, 0x7F, 0x55, 0x79, 0x40, 0x24, 0x0B,
	0x33, 0x99, 0x61, 0x00, 0x23, 0xCB, 0x13, 0x32, 0x21, 0x8F, 0x4C, 0x03, 0x03, 0x72, 0x0B, 0x5A,
	0x24, 0x81, 0x1D, 0x12, 0x28, 0x0C, 0x00, 0x03, 0x61, 0x71, 0x79, 0x61, 0xE0, 0xA9, 0xED, 0xF5,
	0x85, 0x71, 0xD5, 0x0C, 0x94, 0x90, 0x44, 0x71, 0xC5, 0x0A, 0x24, 0x80, 0x8D, 0x54, 0xC3, 0x00,
	0x02, 0x60, 0x42, 0xFF, 0xDE, 0x83, 0xC0, 0x2C, 0x71, 0x8B, 0xBA, 0x41, 0xC5, 0x83, 0xC7, 0x02,
	0x0B, 0xE0, 0x02, 0x40, 0xC6, 0x65, 0x0D, 0x12, 0x4F, 0x0E, 0xBC, 0xDA, 0x2A, 0x11, 0x62, 0x56,
	0x7F, 0x01, 0x0F, 0x03, 0x1C, 0xD9, 0x16, 0x46, 0x0F, 0x4C, 0x72, 0x0C, 0x1D, 0x6C, 0x05, 0x24,
	0x8E, 0x27, 0x6C, 0x77, 0x05, 0x0A, 0xD2, 0x0D, 0x29, 0x02, 0x64, 0xCB, 0x11, 0x98, 0x29, 0x05,
	0x0B, 0xCF, 0xFD, 0x0C, 0x70, 0x92, 0x09, 0x2F, 0x04, 0x14, 0x24, 0xAE, 0x2A, 0x00, 0x8E, 0x22,
	0xC4, 0x29, 0x07, 0xF8, 0x60, 0x7C, 0x88, 0x1B, 0x0B, 0x7F, 0x01, 0x81, 0xBB, 0x24, 0xE4, 0x87,
	0x22, 0x7C, 0xB7, 0x02, 0xC1, 0x33, 0x26, 0x0A, 0x6F, 0x6D, 0xCB, 0x37, 0x0E, 0x04, 0x28, 0xD9,
	0x14, 0xF8, 0xEA, 0x56, 0x02, 0x30, 0x0E, 0x54, 0x02, 0x14, 0x01, 0x2F, 0x1E, 0x24, 0xD7, 0xE7,
	0xC5, 0xFE, 0x09, 0xA5, 0x02, 0x96, 0x5E, 0x00, 0x2C, 0x71, 0x16, 0xD0, 0x82, 0x01, 0x15, 0x08,
	0x1E, 0x01, 0x28, 0x7E, 0x38, 0x02, 0xE0, 0x6E, 0xC5, 0x2E, 0x0C, 0x08, 0x68, 0x00, 0x01, 0xED,
	0x70, 0x6F, 0x25, 0xC3, 0x1C, 0x00, 0x1E, 0xC4, 0x73, 0x04, 0x90, 0xDC, 0x00, 0x00, 0x8D, 0x9E,
	0xE8, 0x2C, 0x06, 0xF9, 0x09, 0xE8, 0xFF, 0x87, 0x8A, 0xE8, 0x0C, 0x05, 0x5D, 0xF0, 0xFC, 0x8B,
	0x22, 0xDC, 0xD8, 0x02, 0x09, 0xF2, 0x01, 0x69, 0xFA, 0x07, 0x50, 0x0F, 0x78, 0x26, 0x04, 0xF7,
	0x0B, 0xFC, 0x00, 0x8E, 0x21, 0x68, 0x2F, 0x78, 0xD3, 0x08, 0xB4, 0x80, 0x20, 0xAE, 0xE2, 0x54,
	0x02, 0x07, 0x0C, 0x73, 0xE0, 0xB6, 0x00, 0x8D, 0x85, 0xE8, 0xFE, 0x0F, 0x0D, 0xD1, 0x8D, 0x14,
	0x00, 0x31, 0x12, 0xE1, 0x0E, 0x02, 0x4C, 0x00, 0x24, 0x6D, 0x8C, 0x10, 0x21, 0xEE, 0x7F, 0x41,
	0x00, 0x22, 0xEC, 0xA9, 0x0A, 0xD0, 0x0E, 0x41, 0x01, 0xC6, 0x0A, 0x8F, 0xFF, 0x36, 0x0C, 0x4F,
	0xFE, 0xC6, 0x27, 0xEF, 0xF8, 0xAC, 0xC1, 0x20, 0x21, 0x4C, 0x7E, 0x00, 0x2B, 0xA0, 0x8C, 0x4B,
	0xC0, 0x01, 0x8C, 0x58, 0x43, 0x48, 0xC1, 0xF7, 0x14, 0x82, 0x90, 0xF8, 0x14, 0x81, 0x90, 0x53,
	0x20, 0x0E, 0x01, 0xA5, 0x78, 0x42, 0xC3, 0x53, 0x25, 0x0F, 0x11, 0x53, 0x22, 0x0B, 0x01, 0x53,
	0x21, 0x03, 0x01, 0x53, 0x20, 0x3E, 0x81, 0xE0, 0xAC, 0xC1, 0xAC, 0xF7, 0x1C, 0xC2, 0x92, 0xF8,
	0x1C, 0xC2, 0x90, 0x06, 0xF4, 0x01, 0x1C, 0x43, 0x10, 0x00, 0x4E, 0x00, 0x45, 0x79, 0x0E, 0x07,
	0x3E, 0x81, 0x0D, 0x03, 0xF8, 0x0E, 0x02, 0x90, 0xF7, 0x4D, 0x00, 0x02, 0x11, 0xA3, 0x30, 0x14,
	0x71, 0x0C, 0x21, 0xDE, 0xAC, 0x06, 0xF4, 0x0E, 0x3C, 0x44, 0xC7, 0x05, 0x35, 0x14, 0x21, 0x35,
	0xC8, 0x09, 0x11, 0x11, 0x2B, 0x19, 0x23, 0x44, 0x7B, 0x5F, 0xD5, 0x70, 0x0A, 0xF0, 0x7D, 0x00,
	0x45, 0x11, 0x11, 0x80, 0x07, 0x44, 0x01, 0x57, 0x04, 0xC0, 0xE1, 0x40, 0x21, 0x67, 0x77, 0xC1,
	0x01, 0xCA, 0x24, 0x66, 0x37, 0xCE, 0x00, 0x12, 0xB2, 0xA3, 0x4A, 0xC1, 0x22, 0x9D, 0x60, 0xCE,
	0x4D, 0xE7, 0x32, 0x21, 0xFE, 0xAA, 0x54, 0x70, 0x11, 0x02, 0x29, 0x69, 0x49, 0x21, 0x2E, 0x76,
	0xC0, 0x78, 0x05, 0x02, 0xC0, 0x4C, 0x0A, 0x22, 0xBD, 0xFD, 0x43, 0x21, 0x84, 0x28, 0x22, 0x16,
	0xB7, 0x02, 0xC0, 0x22, 0x25, 0x60, 0x11, 0x11, 0xB3, 0x22, 0x89, 0xE8, 0x87, 0x4C, 0x02, 0x22,
	0x1C, 0xB7, 0x0F, 0x0C, 0x74, 0x13, 0xB9, 0xBE, 0x09, 0xCF, 0xFD, 0x09, 0xC2, 0xC3, 0x41, 0x89,
	0x00, 0x01, 0x00, 0xB2, 0x09, 0x7D, 0x88, 0x03, 0x5E, 0x0C, 0x02, 0xC3, 0x22, 0xDC, 0x28, 0x12,
	0x20, 0xD6, 0x07, 0x63, 0x42, 0x40, 0xC0, 0xC2, 0x0B, 0x2F, 0xFD, 0x0B, 0xC0, 0x26, 0x14, 0xAC,
	0x7F, 0x43, 0xCC, 0x0D, 0x1B, 0x21, 0xDD, 0xA8, 0x45, 0x5D, 0x08, 0x7E, 0x4E, 0x06, 0x11, 0xB9,
	0x12, 0x21, 0x80, 0x76, 0x21, 0x46, 0x69, 0x63, 0x42, 0x16, 0x1B, 0x46, 0xA1, 0xE8, 0x8B, 0x55,
	0x03, 0x5E, 0x56, 0x03, 0x10, 0xB9, 0x22, 0x7C, 0x3C, 0x0C, 0x32, 0x0B, 0xA0, 0x00, 0x63, 0x42,
	0x08, 0x45, 0x88, 0xE8, 0x2C, 0x71, 0xE1, 0x40, 0x22, 0xD5, 0x01, 0x23, 0x4D, 0x04, 0x3A, 0x4D,
	0x04, 0x12, 0x85, 0x08, 0x36, 0x85, 0x08, 0x86, 0x21, 0x44, 0x9A, 0x08, 0xA1, 0x40, 0x08, 0xC0,
	0x14, 0x70, 0x24, 0x0E, 0x62, 0xFC, 0x63, 0x55, 0xA6, 0xA1, 0x21, 0xD5, 0xBE, 0x47, 0x45, 0x05,
	0x12, 0x8D, 0x0D, 0x04, 0x21, 0x96, 0xAF, 0x0A, 0xC3, 0x22, 0x36, 0xE0, 0x63, 0x42, 0x0D, 0x43,
	0x93, 0x4C, 0x03, 0x22, 0xF4, 0x20, 0x22, 0xDC, 0x20, 0x06, 0x03, 0xC0, 0x45, 0x79, 0x46, 0xC1,
	0x96, 0xE8, 0xAD, 0x05, 0x50, 0x23, 0x21, 0xB4, 0xB7, 0x6C, 0x4E, 0x6C, 0xDB, 0x21, 0xDD, 0x68,
	0x0A, 0x21, 0x6E, 0xBA, 0x40, 0x00, 0x21, 0xC7, 0xE4, 0xC1, 0x41, 0xEE, 0x21, 0x66, 0x76, 0xA1,
	0x43, 0x12, 0xA2, 0x8A, 0xEE, 0xF5, 0x0D, 0x12, 0x29, 0x11, 0x19, 0x80, 0x27, 0x85, 0x06, 0x21,
	0x2B, 0xC5, 0x00, 0x96, 0x29, 0xC5, 0x00, 0xBE, 0x27, 0xC7, 0x00, 0xED, 0xF5, 0x8F, 0x5E, 0x10,
	0x8A, 0x08, 0x77, 0x1A, 0x7E, 0x0E, 0x6F, 0x57, 0x13, 0x09, 0xF0, 0x8D, 0x45, 0x02, 0x76, 0x85,
	0x02, 0x12, 0x05, 0xB1, 0x03, 0xA5, 0x8F, 0x03, 0x21, 0xB4, 0x7D, 0x12, 0x62, 0x47, 0xC5, 0xFF,
	0x10, 0x01, 0xE0, 0xB3, 0x07, 0x00, 0x41, 0x06, 0xE8, 0x04, 0xCA, 0x61, 0x69, 0x19, 0x7B, 0x12,
	0x19, 0x54, 0xAA, 0x19, 0xF8, 0x29, 0x09, 0x13, 0x08, 0x3F, 0x00, 0x2C, 0x72, 0x0C, 0x71, 0xAB,
	0x21, 0xC4, 0x00, 0x1A, 0x38, 0x2A, 0x01, 0x11, 0x0B, 0x15, 0x04, 0x25, 0xE4, 0x8D, 0x21, 0x94,
	0x67, 0x00, 0x06, 0xAA, 0x21, 0x04, 0x01, 0x2F, 0x22, 0x4A, 0x00, 0x19, 0x0A, 0xE5, 0x00, 0xAA,
	0x24, 0x44, 0x11, 0xAA, 0x20, 0x04, 0x01, 0xFD, 0x09, 0x04, 0x80, 0x6E, 0x01, 0x51, 0x4B, 0x0E,
	0x10, 0x79, 0x61, 0x65, 0x02, 0x30, 0x0C, 0x56, 0x0A, 0x20, 0xC6, 0x07, 0xAA, 0x20, 0x44, 0x01,
	0xF3, 0x0C, 0x00, 0x90, 0xE0, 0x7E, 0x7D, 0xF2, 0x76, 0x21, 0x49, 0xDB, 0x96, 0x1C, 0xA8, 0x08,
	0x5C, 0x01, 0x22, 0x0D, 0x6C, 0x49, 0x4D, 0x14, 0xD2, 0x21, 0x16, 0xE9, 0x13, 0xB9, 0x12, 0xC9,
	0x75, 0xC0, 0x11, 0xC8, 0x75, 0x0D, 0x8D, 0x80, 0x0C, 0x70, 0xA2, 0x0D, 0xEF, 0xFB, 0xFF, 0xD9,
	0x05, 0x26, 0x40, 0x13, 0xC1, 0xB8, 0x22, 0xF5, 0x9A, 0x0B, 0x15, 0xAA, 0x08, 0x01, 0x30, 0x21,
	0xD4, 0x71, 0x64, 0x7C, 0x21, 0x1F, 0x28, 0xDA, 0x0D, 0x2F, 0x4D, 0x77, 0x46, 0x5E, 0x87, 0x14,
	0xD8, 0x14, 0x90, 0xB0, 0x12, 0x81, 0x84, 0x12, 0x13, 0xE2, 0x49, 0x71, 0x70, 0x14, 0xC0, 0x83,
	0x0F, 0xC5, 0x02, 0x6F, 0x23, 0x43, 0x03, 0x40, 0x93, 0x1F, 0x08, 0x84, 0x0F, 0x03, 0x00, 0x41,
	0x0D, 0x25, 0xB8, 0x22, 0x94, 0x4E, 0x0D, 0x7C, 0x0A, 0xC5, 0x5A, 0x27, 0xB8, 0x4C, 0x78, 0x45,
	0x28, 0x00, 0x05, 0x07, 0xF0, 0x4C, 0x78, 0x6C, 0x02, 0x07, 0x1B, 0x43, 0x83, 0xDE, 0x33, 0xB8,
	0x42, 0x8B, 0xCB, 0x44, 0x65, 0xB5, 0x58, 0x11, 0x08, 0xBE, 0x0F, 0x05, 0x28, 0x80, 0x00, 0x40,
	0x8C, 0x81, 0x69, 0x0E, 0xEA, 0xFB, 0x13, 0x82, 0x80, 0x15, 0x0A, 0xDF, 0x00, 0x22, 0x54, 0x24,
	0x0B, 0x68, 0x0B, 0x40, 0x8B, 0x04, 0xEA, 0x2C, 0x7A, 0x81, 0x8B, 0x4C, 0x7C, 0x10, 0x74, 0x6E,
	0x0C, 0x0D, 0x03, 0xAE, 0x72, 0x6A, 0x0B, 0x04, 0x87, 0x0B, 0xAE, 0xC1, 0x40, 0xDF, 0x6D, 0x20,
	0x02, 0x09, 0xC3, 0xB8, 0x9F, 0xBF, 0x1F, 0x22, 0x40, 0xE0, 0x07, 0x8F, 0x04, 0x1A, 0x98, 0x30,
	0x03, 0x1A, 0x58, 0x30, 0x0A, 0xD4, 0x85, 0x08, 0x3F, 0x00, 0x92, 0x69, 0x84, 0x24, 0x03, 0x1E,
	0x1C, 0x64, 0x0A, 0x25, 0x05, 0x27, 0x24, 0x11, 0x3C, 0x52, 0x0D, 0xB1, 0x00, 0x3D, 0x78, 0x13,
	0x50, 0x8F, 0x7B, 0x53, 0x24, 0xBE, 0x90, 0x41, 0x2B, 0xC2, 0x00, 0x14, 0xF8, 0x13, 0x0C, 0x22,
	0xBB, 0xC0, 0x22, 0x62, 0x00, 0x53, 0x24, 0x7E, 0x90, 0x40, 0xA9, 0xC0, 0x23, 0x62, 0x55, 0x02,
	0xDE, 0x47, 0xDD, 0xA6, 0x0E, 0xAF, 0x21, 0xD5, 0x20, 0x25, 0x23, 0xBC, 0xE2, 0x00, 0x08, 0x5B,
	0x15, 0x42, 0x23, 0xCE, 0x33, 0x05, 0x16, 0x81, 0x14, 0x00, 0x15, 0x8B, 0x10, 0x02, 0x13, 0x82,
	0x30, 0x00, 0x96, 0x60, 0x8F, 0x00, 0x13, 0x0C, 0x31, 0x22, 0xC5, 0x52, 0x41, 0x13, 0x69, 0x0A,
	0xE0, 0x21, 0xBF, 0x83, 0x61, 0x42, 0x6E, 0x56, 0x06, 0x40, 0xC4, 0x22, 0x4C, 0xAF, 0x6D, 0x02,
	0xE9, 0x5D, 0xF5, 0x5E, 0x44, 0x02, 0x12, 0x71, 0xB1, 0x0F, 0x11, 0x09, 0x1F, 0xF6, 0x64, 0xD5,
	0x11, 0x23, 0x1C, 0x0D, 0x08, 0x7E, 0x5E, 0x7C, 0xE6, 0x0C, 0x06, 0xDE, 0x00, 0x8F, 0x7D, 0x02,
	0xDE, 0x7F, 0x02, 0x72, 0x00, 0x8F, 0x9E, 0x02, 0x73, 0xCE, 0x5F, 0x02, 0x07, 0xC8, 0xCB, 0x21,
	0x54, 0x48, 0x00, 0x1E, 0x94, 0x00, 0x62, 0x6F, 0x82, 0x6B, 0x1B, 0x79, 0x54, 0x24, 0x00, 0x1F,
	0x05, 0x21, 0xC2, 0x03, 0x25, 0x7B, 0x25, 0x7C, 0x40, 0x92, 0x20, 0x93, 0xA0, 0x94, 0x02, 0x10,
	0x1E, 0x05, 0x60, 0x90, 0x81, 0x90, 0x03, 0x90, 0x46, 0xC3, 0x7F, 0xDB, 0x48, 0xC0, 0x20, 0x40,
	0xAD, 0x20, 0x03, 0x02, 0x0C, 0x3C, 0x21, 0x67, 0xE4, 0x42, 0xC0, 0x40, 0x95, 0x01, 0x41, 0x21,
	0xD5, 0xDF, 0x44, 0x23, 0xFE, 0x32, 0xEA, 0x01, 0x07, 0xED, 0x47, 0xC4, 0x14, 0x11, 0xF0, 0x88,
	0x11, 0x93, 0x45, 0xFD, 0x44, 0xC5, 0x6C, 0x4C, 0x06, 0x18, 0x90, 0x00, 0x01, 0xAD, 0x71, 0x22,
	0xB8, 0x06, 0x05, 0x17, 0x06, 0x45, 0x6E, 0x04, 0x11, 0x69, 0xB7, 0xC3, 0x0C, 0xDA, 0x00, 0x04,
	0x90, 0x4A, 0xE1, 0xBC, 0x1F, 0x44, 0x93, 0x6F, 0x27, 0x43, 0x14, 0xA0, 0xB0, 0xA4, 0x18, 0x05,
	0x80, 0x40, 0x8F, 0xC3, 0x41, 0xED, 0x5D, 0x18, 0x96, 0x47, 0x07, 0x0C, 0x74, 0x56, 0x21, 0x6F,
	0x5E, 0x00, 0x8F, 0xF7, 0x21, 0x05, 0xCD, 0x86, 0x5E, 0x01, 0x11, 0xB9, 0x0E, 0x40, 0x00, 0x31,
	0x06, 0xB1, 0x50, 0x00, 0x04, 0x3C, 0x09, 0x80, 0x90, 0x6C, 0x20, 0xC0, 0x00, 0xA0, 0xE0, 0x08,
	0x0C, 0x81, 0x00, 0x26, 0xB4, 0xCD, 0x04, 0x14, 0x70, 0x04, 0x0F, 0x02, 0x01, 0xAE, 0x2B, 0xCF,
	0x32, 0xA9, 0xC1, 0x0A, 0x14, 0x3A, 0x32, 0x60, 0x29, 0x21, 0x34, 0x91, 0x16, 0xF0, 0xDD, 0x58,
	0x98, 0x15, 0xA1, 0x14, 0x25, 0x5C, 0x8A, 0x22, 0x04, 0xE4, 0x01, 0x07, 0x90, 0x34, 0xE0, 0x22,
	0xBD, 0x5F, 0x34, 0x21, 0x6C, 0xB0, 0x0E, 0xB2, 0xB8, 0x20, 0xB0, 0x20, 0xB2, 0x90, 0x1A, 0x5C,
	0x00, 0x00, 0x1A, 0xC5, 0x00, 0x72, 0x0B, 0x80, 0x5F, 0x98, 0x0A, 0xD8, 0x02, 0x44, 0x10, 0x00,
	0x08, 0x15, 0xB9, 0x8E, 0x0B, 0x0F, 0xFC, 0x6F, 0x23, 0xC3, 0x39, 0xCB, 0x45, 0x18, 0x90, 0xDC,
	0x01, 0xEF, 0x13, 0x81, 0xB4, 0xFA, 0x08, 0x60, 0x02, 0x00, 0x95, 0x22, 0x57, 0xE4, 0x12, 0x90,
	0x52, 0x11, 0xD8, 0x1D, 0x0A, 0x8E, 0x02, 0x14, 0x70, 0x62, 0x69, 0xE2, 0x6E, 0xCA, 0x26, 0x41,
	0x10, 0x14, 0x23, 0x2E, 0xDF, 0x09, 0x24, 0x5C, 0x4F, 0x06, 0x00, 0x45, 0x67, 0xCA, 0x27, 0xC1,
	0x10, 0xF2, 0xD8, 0x12, 0x6A, 0xE4, 0x80, 0xB6, 0x21, 0x96, 0x7B, 0x41, 0x22, 0x21, 0x1E, 0x3D,
	0xAE, 0x0C, 0x7C, 0x3E, 0x22, 0x74, 0xCE, 0x00, 0x03, 0xDC, 0x01, 0x41, 0x95, 0x60, 0x95, 0xFE,
	0x15, 0x0C, 0x91, 0x20, 0x90, 0xFC, 0x10, 0x00, 0x81, 0x40, 0xC4, 0x41, 0xC1, 0x42, 0x04, 0x00,
	0x21, 0x62, 0x60, 0x00, 0x86, 0x97, 0x04, 0x12, 0xCC, 0x20, 0x09, 0xD9, 0x08, 0x01, 0x91, 0x13,
	0x0E, 0x01, 0x97, 0x11, 0x21, 0x6C, 0x8D, 0x09, 0x89, 0xD9, 0x0C, 0x70, 0x62, 0x09, 0xAF, 0xFB,
	0x12, 0xB9, 0x07, 0xC8, 0xBF, 0xB4, 0x04, 0x00, 0x6C, 0x23, 0x74, 0xD5, 0x12, 0x08, 0xE1, 0x09,
	0x12, 0x00, 0x6F, 0x20, 0x43, 0x02, 0x06, 0x90, 0x43, 0xC0, 0x00, 0x91, 0x24, 0xA5, 0x86, 0x01,
	0x0E, 0x31, 0x0A, 0xFF, 0x11, 0x22, 0xC6, 0x14, 0xBA, 0x03, 0xA1, 0x83, 0x0F, 0x10, 0x50, 0x22,
	0x44, 0x04, 0x08, 0x04, 0xFE, 0x10, 0x81, 0x84, 0x31, 0x10, 0x02, 0x05, 0xCB, 0x47, 0x6C, 0x64,
	0x00, 0x01, 0x9F, 0x21, 0x03, 0x07, 0x07, 0x1A, 0xD8, 0x30, 0x00, 0x1F, 0x43, 0x10, 0x3A, 0x62,
	0x44, 0x77, 0x04, 0x2A, 0x42, 0x9E, 0x56, 0x68, 0x0B, 0x11, 0xCA, 0x9A, 0x01, 0x66, 0x11, 0xEB,
	0xB9, 0x40, 0xA9, 0x62, 0x54, 0x00, 0x09, 0x04, 0x72, 0x03, 0xC0, 0xF1, 0x08, 0x3E, 0x00, 0x27,
	0xBD, 0xE2, 0x0C, 0x16, 0x81, 0xA0, 0x19, 0x13, 0x29, 0x41, 0x05, 0x02, 0x62, 0x1E, 0x85, 0x13,
	0xE8, 0x28, 0x0D, 0xC2, 0x0C, 0xCF, 0xFF, 0x86, 0x0B, 0x8F, 0xFF, 0xC3, 0x41, 0x26, 0x02, 0x00,
	0x00, 0xC2, 0x0B, 0x66, 0x3A, 0x36, 0x0E, 0x21, 0x1C, 0xCF, 0x44, 0xF4, 0x64, 0x81, 0x4E, 0xFC,
	0x74, 0x9E, 0x5C, 0x7D, 0x12, 0xB2, 0x25, 0xE2, 0x09, 0x7D, 0x7E, 0xBE, 0x4C, 0x09, 0x1A, 0x73,
	0x28, 0xA1, 0x40, 0x16, 0x44, 0x1E, 0x22, 0xC4, 0x37, 0x06, 0x7A, 0x0C, 0xCF, 0xFC, 0xB5, 0x70,
	0x48, 0x0A, 0x81, 0x04, 0xD3, 0x0C, 0x0F, 0x08, 0x3F, 0x03, 0x0A, 0xD8, 0x99, 0xED, 0x0C, 0x71,
	0x15, 0xF0, 0xC3, 0x41, 0x27, 0x4E, 0x0A, 0xDB, 0x43, 0x4D, 0x0F, 0x10, 0x0F, 0xE8, 0x8F, 0xFD,
	0x6A, 0x5C, 0x20, 0x4C, 0xF9, 0x0C, 0x16, 0x09, 0xD8, 0x0C, 0xB8, 0x00, 0xB6, 0xE2, 0x0C, 0x20,
	0x00, 0x0D, 0xD8, 0x85, 0xED, 0x5F, 0x23, 0x08, 0xC0, 0x02, 0x11, 0x00, 0x0C, 0x9C, 0x0D, 0x22,
	0x5F, 0x49, 0x98, 0x3A, 0xB2, 0x21, 0xAD, 0xC1, 0x2C, 0x21, 0x1D, 0x41, 0x6C, 0x06, 0x15, 0x20,
	0x02, 0x4E, 0x03, 0x07, 0xD9, 0x24, 0x95, 0x7E, 0xBE, 0x46, 0x10, 0x40, 0xC3, 0x19, 0xD0, 0x1B,
	0x84, 0x11, 0x04, 0x72, 0x0C, 0x4F, 0xFC, 0x0C, 0x70, 0x9A, 0x5E, 0x08, 0xA0, 0xAF, 0x0D, 0x1B,
	0x8F, 0x4C, 0x0A, 0x21, 0x3E, 0xFC, 0x01, 0xC6, 0x64, 0x67, 0x21, 0x4F, 0xF9, 0x44, 0x20, 0x8E,
	0x11, 0x91, 0xD0, 0xEE, 0x11, 0x48, 0x2A, 0xB4, 0x01, 0x07, 0x1B, 0x81, 0x98, 0x0D, 0x02, 0x02,
	0x9A, 0x0E, 0x8F, 0xFC, 0x22, 0xE5, 0x7B, 0x45, 0x05, 0x58, 0xF4, 0x07, 0x05, 0x25, 0x08, 0xDE,
	0xD5, 0x4C, 0x02, 0x0A, 0x4E, 0x08, 0x5F, 0x15, 0xC9, 0x35, 0x81, 0x23, 0x5C, 0x8A, 0x55, 0x72,
	0xB1, 0x06, 0x0E, 0x45, 0xC0, 0x6E, 0x07, 0x00, 0x82, 0x21, 0xD7, 0x2F, 0xF2, 0xBE, 0x0C, 0xAC,
	0x09, 0x08, 0x40, 0xD9, 0x04, 0x20, 0x4D, 0x80, 0x1C, 0xF2, 0xC3, 0x41, 0x0F, 0x5E, 0x1B, 0x8E,
	0x0A, 0x7F, 0x3E, 0x39, 0xD8, 0xEE, 0x54, 0x90, 0x00, 0x04, 0x9F, 0xB8, 0x42, 0x20, 0x4F, 0x09,
	0x40, 0xD8, 0x02, 0x1A, 0x43, 0x30, 0x00, 0xB7, 0xF6, 0x0B, 0x60, 0x01, 0x13, 0xD8, 0x40, 0xD8,
	0x44, 0x13, 0x4C, 0x01, 0x11, 0x11, 0x20, 0x76, 0x0E, 0x05, 0x03, 0x30, 0x6C, 0x38, 0x50, 0x4A,
	0x04, 0x8F, 0x2F, 0x08, 0x1F, 0x00, 0x15, 0xED, 0x12, 0x13, 0x20, 0x05, 0xEE, 0x46, 0x95, 0x14,
	0x0F, 0x21, 0x04, 0x62, 0x0C, 0x00, 0x8F, 0xE4, 0xB8, 0xF0, 0x0C, 0x01, 0x02, 0x04, 0xC0, 0x07,
	0xE8, 0x00, 0x8F, 0x0B, 0x0C, 0x6A, 0x19, 0x73, 0x3E, 0x0C, 0x00, 0x02, 0x21, 0x4C, 0x85, 0x96,
	0x0E, 0x27, 0xF2, 0x16, 0xE0, 0xA7, 0x12, 0x03, 0xB4, 0x14, 0xF2, 0x21, 0x55, 0x5E, 0x0E, 0x44,
	0x10, 0x01, 0x14, 0xB9, 0x80, 0xD8, 0x74, 0x32, 0x4C, 0x20, 0x57, 0x0E, 0x11, 0xD8, 0x80, 0x74,
	0x0E, 0x4D, 0x01, 0x20, 0x11, 0x61, 0x53, 0x08, 0x45, 0x31, 0x11, 0x46, 0x15, 0xE6, 0x09, 0x64,
	0x15, 0x21, 0x86, 0xB3, 0x08, 0x1F, 0x0E, 0xBF, 0x1A, 0x1D, 0x4C, 0x0D, 0x1A, 0x3B, 0x3F, 0x10,
	0xED, 0x05, 0x21, 0xA4, 0x21, 0x2D, 0x44, 0x8E, 0x04, 0x01, 0x04, 0xC0, 0x04, 0xE8, 0xCE, 0x0B,
	0xBC, 0x1D, 0x01, 0x9F, 0x08, 0xBE, 0x02, 0x6D, 0x97, 0x12, 0x4E, 0x08, 0xA2, 0x09, 0x0C, 0x71,
	0x11, 0xA9, 0x25, 0x04, 0x00, 0xB6, 0x0D, 0x53, 0x20, 0xBC, 0x80, 0x59, 0x11, 0x80, 0x00, 0x6D,
	0x20, 0x81, 0x01, 0x08, 0xF2, 0x0C, 0x71, 0x12, 0x11, 0xD8, 0x2F, 0x5E, 0x77, 0x04, 0x77, 0x22,
	0x8E, 0x30, 0x8A, 0x22, 0x0C, 0xAE, 0x21, 0x3C, 0x70, 0x0E, 0x1A, 0xF2, 0x0B, 0xE0, 0x01, 0x40,
	0xB5, 0x21, 0xD8, 0x0A, 0xB8, 0x00, 0xB5, 0x05, 0xCA, 0xA6, 0xE8, 0x14, 0xF0, 0xE5, 0x0D, 0x5B,
	0x88, 0xCD, 0x70, 0xAD, 0x70, 0x05, 0x22, 0x5B, 0x00, 0x37, 0x0B, 0x6E, 0x33, 0xBB, 0x79, 0x12,
	0x4A, 0xD3, 0xC1, 0xB8, 0x23, 0x65, 0x30, 0x01, 0x01, 0x80, 0x87, 0x21, 0xE7, 0xF0, 0x48, 0xC6,
	0x96, 0x21, 0x37, 0x5B, 0x47, 0xC6, 0x95, 0x5D, 0x8A, 0x2E, 0x5F, 0x16, 0x12, 0xB9, 0x87, 0x21,
	0x46, 0x48, 0x02, 0x0E, 0x06, 0x90, 0x2C, 0x71, 0x77, 0xEE, 0xE5, 0xF5, 0xA2, 0x12, 0xC9, 0xBB,
	0xD8, 0x77, 0x33, 0x0E, 0x84, 0x03, 0x11, 0x9A, 0x33, 0x05, 0xF0, 0x65, 0x1B, 0x70, 0x5D, 0x87,
	0x42, 0x12, 0x08, 0x62, 0x09, 0xC0, 0x8A, 0x25, 0x04, 0x10, 0x04, 0x20, 0x5B, 0x83, 0x18, 0xF2,
	0x85, 0x4E, 0x24, 0xEA, 0x08, 0x6C, 0x08, 0x23, 0xB4, 0xB7, 0x21, 0xCE, 0x84, 0x5A, 0x0A, 0x0F,
	0x48, 0x12, 0xD8, 0x81, 0x21, 0xB4, 0x51, 0x1C, 0xE3, 0x1C, 0x14, 0x00, 0x56, 0x56, 0x09, 0x0B,
	0xD8, 0xB5, 0x22, 0x13, 0x19, 0xA0, 0x43, 0x6C, 0x31, 0x05, 0x09, 0xEE, 0xF6, 0x08, 0x60, 0x01,
	0x0C, 0x70, 0x77, 0x5A, 0x50, 0x00, 0x12, 0x5D, 0x0B, 0x85, 0x13, 0x50, 0xAE, 0xE7, 0x69, 0x8A,
	0xE8, 0x45, 0x46, 0x0B, 0x8E, 0x08, 0x6D, 0xE8, 0x0A, 0x44, 0x0A, 0x01, 0x0F, 0xD8, 0x34, 0xEE,
	0x14, 0x08, 0xB3, 0x51, 0x4A, 0x0C, 0x07, 0x2A, 0x15, 0x12, 0x1E, 0x21, 0x34, 0x39, 0x00, 0x07,
	0xFF, 0xD8, 0x8A, 0x26, 0xC7, 0x1F, 0xAD, 0x70, 0xCA, 0x26, 0x01, 0x10, 0xE2, 0xBF, 0x49, 0x0E,
	0x7E, 0x31, 0xCA, 0x25, 0xE1, 0x13, 0xC3, 0x41, 0x15, 0x56, 0x29, 0x52, 0x08, 0x64, 0x32, 0x07,
	0x0C, 0x72, 0xA1, 0x41, 0xF2, 0x09, 0x20, 0x00, 0xC1, 0x42, 0x26, 0x3F, 0x2C, 0x21, 0x08, 0x3E,
	0x13, 0x01, 0xD6, 0x16, 0x4D, 0x04, 0x2E, 0x21, 0x26, 0x72, 0x0C, 0x73, 0x05, 0x08, 0xCE, 0x84,
	0x04, 0x11, 0x12, 0x80, 0x08, 0x40, 0x57, 0x33, 0x29, 0xE8, 0x2E, 0x11, 0x88, 0x29, 0x4C, 0x54,
	0xDE, 0x0D, 0xA6, 0x0B, 0x29, 0xBD, 0x01, 0x25, 0x0D, 0x1B, 0xCD, 0x0D, 0x1B, 0x25, 0x7F, 0x0D,
	0x2B, 0x0E, 0xBE, 0x0D, 0x1B, 0x26, 0x7D, 0x0D, 0x17, 0x4F, 0x09, 0xE2, 0x0F, 0x6F, 0x7E, 0x0D,
	0x71, 0xC1, 0x11, 0xE7, 0x58, 0x20, 0x00, 0xA1, 0x23, 0x25, 0x23, 0x76, 0x84, 0x01, 0x12, 0xC0,
	0xFF, 0x04, 0xB8, 0x0D, 0xC2, 0x01, 0x05, 0xCA, 0x24, 0x8D, 0x34, 0xC0, 0x11, 0x80, 0xEC, 0x44,
	0x34, 0x02, 0x7E, 0x25, 0x0E, 0x6E, 0x13, 0xBF, 0x33, 0x53, 0x20, 0x4F, 0x4F, 0x1F, 0xE1, 0x42,
	0xC2, 0x21, 0xCE, 0x20, 0xA1, 0x43, 0x07, 0x0E, 0xE1, 0x42, 0xBA, 0x84, 0x01, 0x24, 0x0E, 0x24,
	0xFA, 0x0D, 0x04, 0x29, 0xB4, 0x17, 0x06, 0x00, 0x00, 0xE5, 0xB8, 0x0C, 0x09, 0xC2, 0xFD, 0xDE,
	0x0C, 0xCE, 0x24, 0x7C, 0x57, 0xBC, 0x02, 0x21, 0x17, 0xEA, 0x08, 0xFF, 0x01, 0x4C, 0x69, 0x0F,
	0x0C, 0x15, 0x08, 0x10, 0x08, 0x17, 0x08, 0x31, 0x04, 0x0C, 0x71, 0x05, 0xF0, 0xB2, 0x08, 0x80,
	0x02, 0x05, 0x5D, 0x45, 0xF2, 0x05, 0x7E, 0x02, 0x0D, 0x68, 0x80, 0x27, 0x05, 0x0E, 0x05, 0x5E,
	0x50, 0x06, 0xC0, 0x11, 0xA0, 0x13, 0x21, 0x17, 0x60, 0xC3, 0x41, 0x29, 0x4D, 0x17, 0x26, 0x8E,
	0x17, 0xEA, 0x08, 0x7D, 0xE5, 0x26, 0x45, 0x71, 0x07, 0x18, 0x02, 0xC0, 0x4E, 0x24, 0x5C, 0xC2,
	0x21, 0x14, 0x67, 0x08, 0x95, 0x6C, 0x20, 0x40, 0x00, 0x80, 0xB8, 0xAC, 0x1D, 0x14, 0x10, 0x54,
	0xF5, 0x21, 0xB7, 0xD6, 0x1F, 0xD8, 0x9E, 0x5C, 0x00, 0x22, 0xA5, 0xBB, 0xC2, 0x23, 0x2C, 0xC5,
	0x22, 0x06, 0x3E, 0x1F, 0xD8, 0x75, 0x05, 0xF0, 0x45, 0x2C, 0x82, 0x8C, 0x03, 0x03, 0x05, 0x10,
	0x54, 0x15, 0x00, 0x91, 0x64, 0x07, 0x03, 0x81, 0xB8, 0x54, 0x1D, 0x04, 0x90, 0x22, 0x3C, 0xAE,
	0x07, 0xF7, 0x69, 0x37, 0x6A, 0x8D, 0x70, 0x40, 0x2B, 0x8D, 0x03, 0x1A, 0xF8, 0x07, 0x24, 0xAC,
	0xE9, 0x00, 0x18, 0x80, 0x3F, 0x86, 0xB0, 0x85, 0xB0, 0x82, 0xB0, 0x81, 0xB0, 0x6C, 0x23, 0x4C,
	0x11, 0xA5, 0x79, 0xD3, 0x6B, 0x05, 0x27, 0x42, 0x13, 0x25, 0x7C, 0x44, 0x26, 0x03, 0x14, 0x85,
	0x22, 0x01, 0x06, 0x83, 0xBC, 0x67, 0xB0, 0x63, 0xB0, 0x40, 0xB0, 0x84, 0xB0, 0x24, 0x2C, 0x44,
	0x24, 0xE4, 0x3B, 0x0B, 0x12, 0x00, 0x8C, 0x21, 0x03, 0x82, 0x74, 0x0B, 0x0E, 0x02, 0xCE, 0x0C,
	0x40, 0x00, 0x10, 0x03, 0x80, 0x2F, 0x00, 0x04, 0x82, 0x24, 0x04, 0x34, 0x58, 0x43, 0x56, 0xC1,
	0x4A, 0xC0, 0x55, 0x24, 0xC0, 0x39, 0x2C, 0x70, 0x3A, 0x09, 0x6F, 0xFB, 0x50, 0xDA, 0x12, 0x09,
	0x58, 0x0A, 0x13, 0x00, 0xEF, 0x7C, 0x94, 0x12, 0xF8, 0x92, 0x12, 0x30, 0x9A, 0x07, 0x1B, 0x11,
	0x82, 0x04, 0xC6, 0x11, 0x83, 0x84, 0x20, 0x91, 0x12, 0xF0, 0x92, 0x12, 0x69, 0x90, 0x0D, 0x11,
	0x45, 0xB9, 0x27, 0x5E, 0x5D, 0x12, 0xD8, 0x7F, 0x00, 0xB0, 0x00, 0x26, 0x5C, 0x00, 0x00, 0x04,
	0x94, 0xE8, 0x10, 0xD8, 0x09, 0xF0, 0x0C, 0x71, 0x4C, 0xC0, 0x28, 0xD8, 0x90, 0xB8, 0x52, 0xC0,
	0xD4, 0xD8, 0x4F, 0xC0, 0x0F, 0xF0, 0x64, 0x01, 0x01, 0x80, 0xD8, 0x04, 0xF0, 0xE4, 0x02, 0x7C,
	0x2D, 0x6C, 0x01, 0x12, 0x60, 0x99, 0x16, 0x58, 0x95, 0x0E, 0x57, 0xC0, 0x6D, 0x23, 0x00, 0x32,
	0x4D, 0xC0, 0x0A, 0xC0, 0x45, 0x7B, 0x59, 0xC3, 0xA0, 0xB8, 0x88, 0x13, 0x00, 0x9C, 0x12, 0x39,
	0x98, 0x0B, 0x13, 0xD3, 0x11, 0x00, 0x00, 0x50, 0x21, 0x55, 0xAC, 0x19, 0x05, 0xD8, 0x79, 0x0F,
	0x21, 0x01, 0x00, 0x0B, 0x17, 0xF9, 0x97, 0x8E, 0x4E, 0x40, 0x0C, 0x73, 0x1C, 0x9A, 0x55, 0x81,
	0x89, 0xBC, 0x00, 0x00, 0x04, 0x22, 0x89, 0x0B, 0xC2, 0x5F, 0x24, 0x0D, 0x15, 0x51, 0xC1, 0x12,
	0xC1, 0x07, 0xC8, 0x55, 0x24, 0xDF, 0x39, 0x45, 0x79, 0x53, 0xC1, 0x16, 0x52, 0x79, 0xE3, 0x75,
	0x21, 0xB4, 0x30, 0x21, 0xFD, 0x9E, 0x4E, 0x21, 0x05, 0xE1, 0x25, 0x21, 0x85, 0x76, 0x39, 0x21,
	0x3C, 0xAB, 0x07, 0x6B, 0x08, 0x2E, 0x03, 0x40, 0x2C, 0x00, 0x13, 0x14, 0xC3, 0x13, 0xA0, 0x8C,
	0x0A, 0x7B, 0x7B, 0x7F, 0x5A, 0x24, 0x1B, 0x15, 0x00, 0x23, 0xDB, 0x37, 0xC5, 0x7F, 0x12, 0x79,
	0x78, 0xA9, 0x5C, 0x4D, 0x21, 0x8F, 0xCB, 0x08, 0x0D, 0xC1, 0x11, 0xF9, 0x9D, 0x02, 0x12, 0xD8,
	0xD8, 0x0A, 0x4B, 0x79, 0x17, 0xF4, 0x0C, 0xC1, 0x79, 0x20, 0x42, 0x02, 0x4B, 0x79, 0x13, 0x44,
	0x01, 0x0B, 0x08, 0xE9, 0x11, 0x08, 0x51, 0x02, 0x20, 0x97, 0x12, 0x1B, 0x44, 0x30, 0x0B, 0xF0,
	0x0C, 0x1F, 0x0E, 0x02, 0x05, 0x26, 0xC1, 0x30, 0x3B, 0x79, 0xC5, 0x79, 0x20, 0x91, 0x00, 0x1B,
	0x44, 0x10, 0x65, 0x72, 0x12, 0xD0, 0x89, 0x00, 0x12, 0x04, 0x71, 0x14, 0xE5, 0x85, 0x71, 0x11,
	0xC0, 0x8F, 0x08, 0x25, 0x83, 0x55, 0x24, 0x42, 0x39, 0x0B, 0xC0, 0x0A, 0xC1, 0xCD, 0x70, 0x0F,
	0x7D, 0x55, 0x24, 0xC3, 0x38, 0xA1, 0x40, 0x55, 0x24, 0x4F, 0x39, 0x42, 0xC6, 0x22, 0xB6, 0xF2,
	0xDE, 0x0E, 0x22, 0xEC, 0x42, 0x16, 0x99, 0x9A, 0x0D, 0x21, 0x75, 0xAC, 0xC2, 0x21, 0x74, 0x48,
	0x21, 0xAD, 0x64, 0xC0, 0x76, 0xD9, 0x80, 0x84, 0x07, 0x0C, 0x0C, 0xC0, 0x36, 0x21, 0xEE, 0x39,
	0xF6, 0x0E, 0x46, 0x60, 0x41, 0x0D, 0x06, 0x11, 0xC2, 0x08, 0x21, 0xF4, 0xBD, 0x55, 0x38, 0x3E,
	0x22, 0xCD, 0x59, 0x12, 0x21, 0x6E, 0x34, 0x40, 0xC7, 0x14, 0xF0, 0x0C, 0x05, 0x1C, 0x63, 0x62,
	0x0F, 0x2F, 0xFB, 0x63, 0x42, 0x6E, 0x03, 0x46, 0xC0, 0xA4, 0x05, 0x0E, 0x44, 0xC0, 0x17, 0xC0,
	0x45, 0xC6, 0x42, 0xC0, 0x16, 0xC0, 0x43, 0xC7, 0x40, 0xC6, 0x0F, 0x78, 0x41, 0x15, 0x09, 0x89,
	0x6E, 0x07, 0x0A, 0xFD, 0x6C, 0x74, 0x65, 0x05, 0x7E, 0x21, 0xA4, 0x31, 0x12, 0x51, 0x16, 0x96,
	0x9E, 0x0B, 0x2E, 0xF0, 0x2E, 0x86, 0x01, 0xAE, 0x0A, 0x2A, 0x85, 0x01, 0x02, 0x20, 0x08, 0x85,
	0x01, 0x0A, 0x27, 0x85, 0x01, 0x1E, 0x84, 0x0C, 0x06, 0x07, 0xC8, 0x13, 0xC3, 0x55, 0x24, 0xC2,
	0x39, 0x58, 0x15, 0x8A, 0x7A, 0x81, 0x88, 0x26, 0xB4, 0xFE, 0x02, 0x5F, 0x24, 0x01, 0x15, 0x5C,
	0x17, 0xE0, 0x7A, 0x11, 0x80, 0xB1, 0x00, 0x1F, 0x33, 0x59, 0x61, 0x5D, 0xC0, 0x5F, 0x24, 0x80,
	0x12, 0x55, 0xC1, 0x54, 0xC0, 0x0B, 0xC0, 0x1B, 0x78, 0x5A, 0xC0, 0x18, 0xC0, 0x65, 0x78, 0x6D,
	0x02, 0x20, 0x00, 0x5B, 0xC0, 0x1C, 0xC0, 0x11, 0x20, 0x80, 0x87, 0x50, 0x02, 0x21, 0x00, 0x40,
	0x2E, 0x0C, 0x33, 0x1B, 0xC0, 0x0B, 0xC3, 0x85, 0x78, 0x12, 0x70, 0x97, 0x0B, 0x85, 0x7B, 0x0B,
	0xC5, 0x05, 0x7C, 0x65, 0x78, 0x50, 0xC0, 0x13, 0xC0, 0x85, 0x7D, 0x22, 0xDD, 0xA6, 0x44, 0x02,
	0x63, 0x7B, 0x1A, 0x11, 0x00, 0x05, 0x9F, 0x3C, 0x7C, 0x05, 0x23, 0x24, 0xCD, 0xC3, 0x84, 0x55,
	0x4D, 0xBB, 0x21, 0x8C, 0x58, 0x00, 0x07, 0x5E, 0xC0, 0x61, 0x40, 0x4E, 0xC0, 0x15, 0xC0, 0x42,
	0x21, 0x82, 0x04, 0x9B, 0x7B, 0x65, 0x7A, 0x5F, 0xC2, 0x51, 0xC0, 0xA8, 0x20, 0x03, 0x0F, 0x0D,
	0x12, 0xC9, 0x81, 0x12, 0x14, 0x88, 0x81, 0x08, 0xEC, 0xF4, 0x0C, 0xC0, 0x79, 0x23, 0x41, 0x12,
	0x2B, 0x78, 0xE8, 0x44, 0x01, 0x22, 0xDF, 0xE8, 0xE4, 0xF4, 0x14, 0x21, 0xC4, 0xF9, 0x08, 0x61,
	0x70, 0x0F, 0x78, 0x9F, 0x20, 0x0D, 0x04, 0x32, 0x20, 0x9F, 0x23, 0x2C, 0xD7, 0x02, 0x39, 0x0F,
	0x30, 0x30, 0x8D, 0x23, 0x04, 0x50, 0x04, 0x1C, 0x63, 0x29, 0x0F, 0x70, 0x30, 0x29, 0x17, 0xD0,
	0x86, 0x00, 0x0D, 0x17, 0x0F, 0xF1, 0x30, 0x61, 0x88, 0x42, 0x88, 0x0F, 0xC0, 0x34, 0x4B, 0x42,
	0x78, 0x91, 0x70, 0x0F, 0xC4, 0x06, 0xF6, 0x20, 0x42, 0x68, 0x44, 0x04, 0xF0, 0x0F, 0xC4, 0x20,
	0x42, 0x11, 0x57, 0x2C, 0x41, 0x39, 0xF4, 0x19, 0x61, 0x37, 0x88, 0x11, 0xB0, 0x9E, 0x05, 0x00,
	0x90, 0x53, 0x21, 0x4D, 0x01, 0x74, 0x72, 0x12, 0x6A, 0xAD, 0x09, 0xF4, 0x4C, 0x84, 0x0A, 0x01,
	0x6C, 0x21, 0x41, 0x01, 0x78, 0x60, 0x3B, 0x65, 0x0F, 0xF0, 0x1D, 0x7F, 0x12, 0x32, 0x51, 0x3D,
	0x7E, 0x1A, 0x98, 0x22, 0x12, 0x48, 0xD0, 0x00, 0x26, 0x78, 0x60, 0x6C, 0x26, 0x43, 0x11, 0xB9,
	0x61, 0xE3, 0x70, 0x3B, 0x63, 0x10, 0x79, 0x0A, 0xC0, 0x70, 0x7B, 0x7C, 0x64, 0x14, 0x72, 0x70,
	0x49, 0x42, 0x78, 0x22, 0x7C, 0x08, 0x47, 0xCA, 0x27, 0x05, 0x13, 0xCA, 0x24, 0x05, 0x10, 0x0A,
	0xC0, 0x15, 0xE8, 0x0A, 0xC0, 0x97, 0x08, 0x90, 0x00, 0x0A, 0xC0, 0xA7, 0x08, 0x51, 0x00, 0x0E,
	0xC1, 0x77, 0x4A, 0x02, 0x90, 0xD4, 0x21, 0xA5, 0xF8, 0x0D, 0x11, 0x10, 0xF9, 0x07, 0x1B, 0x7E,
	0x05, 0x23, 0x9B, 0x33, 0xC5, 0x7D, 0x5E, 0xF0, 0x64, 0x03, 0x22, 0x1D, 0x86, 0xD0, 0x01, 0x21,
	0x7A, 0x9C, 0x02, 0x00, 0x02, 0x26, 0xCD, 0x10, 0x00, 0x15, 0x1F, 0x11, 0x04, 0x6B, 0x05, 0x26,
	0x1B, 0x10, 0xF0, 0x78, 0x00, 0x13, 0x01, 0x31, 0x80, 0x44, 0x27, 0x11, 0x90, 0x33, 0x0D, 0x07,
	0x10, 0x72, 0xCA, 0x24, 0x0D, 0x10, 0x58, 0x23, 0xC0, 0x0A, 0x2F, 0x27, 0x47, 0x30, 0x05, 0x4F,
	0xCD, 0x64, 0xB8, 0xC5, 0x01, 0x4C, 0x91, 0x09, 0x0E, 0x80, 0x74, 0x18, 0x23, 0xE7, 0x29, 0x11,
	0x01, 0xF3, 0x21, 0x9C, 0x4F, 0x00, 0x07, 0xCD, 0x17, 0x32, 0xEA, 0xC6, 0xB9, 0x90, 0x7B, 0x70,
	0x71, 0xC6, 0xB8, 0xCC, 0x20, 0xCD, 0x80, 0x17, 0xF7, 0x2D, 0x09, 0x25, 0x00, 0x54, 0x49, 0x13,
	0x9E, 0x0D, 0x25, 0x78, 0x75, 0x34, 0x38, 0x21, 0x96, 0x78, 0x44, 0x69, 0x22, 0x7E, 0x5F, 0x80,
	0xB1, 0x05, 0x45, 0x1F, 0x11, 0x20, 0xDC, 0x00, 0x18, 0x1E, 0xC0, 0xE0, 0xB0, 0x22, 0xF0, 0x54,
	0x48, 0x2F, 0x27, 0xC8, 0x33, 0x00, 0x27, 0x43, 0x30, 0xFE, 0xE3, 0x05, 0xF7, 0x00, 0x20, 0xC3,
	0x07, 0xFF, 0xE3, 0x8A, 0xF7, 0x0F, 0x08, 0x65, 0x00, 0x87, 0x21, 0xC1, 0x0F, 0x57, 0x49, 0x04,
	0xF0, 0x87, 0x20, 0x5D, 0x00, 0x48, 0x22, 0xAE, 0xAD, 0xD8, 0x00, 0x74, 0x10, 0x00, 0x05, 0x04,
	0x74, 0x05, 0x7E, 0x80, 0xB5, 0x80, 0xB1, 0x00, 0x1B, 0xC4, 0x33, 0xE0, 0xB6, 0x11, 0xC0, 0x0F,
	0x0B, 0x71, 0x12, 0x20, 0x90, 0x84, 0x12, 0xE3, 0xBF, 0xF0, 0x0E, 0xC2, 0x05, 0x85, 0x45, 0x21,
	0x54, 0xA9, 0x22, 0x4C, 0xA9, 0x09, 0x20, 0xB0, 0x11, 0xC0, 0x65, 0x71, 0x04, 0x72, 0x51, 0xC0,
	0x0E, 0xC0, 0x22, 0xF4, 0xA9, 0x74, 0x40, 0x22, 0x47, 0x8A, 0x14, 0xE0, 0x55, 0x11, 0x12, 0x97,
	0x0A, 0xE0, 0x0E, 0x9C, 0x1D, 0xC0, 0x12, 0xA1, 0xBA, 0x98, 0x11, 0x82, 0x8A, 0x0B, 0xC0, 0x5C,
	0x78, 0x05, 0x72, 0x62, 0x03, 0xE5, 0xFF, 0x4B, 0xC0, 0x80, 0x4C, 0xA8, 0x16, 0x11, 0xEC, 0x37,
	0x11, 0xB2, 0x33, 0xC9, 0x45, 0x0D, 0xAD, 0x82, 0x19, 0x91, 0x56, 0xA1, 0x21, 0x7F, 0x32, 0xF6,
	0x08, 0x6F, 0x21, 0x37, 0x2B, 0x18, 0x4E, 0xF1, 0x21, 0xDE, 0x5D, 0x13, 0xE0, 0x21, 0x1D, 0x54,
	0x46, 0xAD, 0x03, 0xA2, 0x4D, 0x03, 0xDA, 0x29, 0x6C, 0x00, 0x12, 0x50, 0x33, 0x18, 0x01, 0x50,
	0x22, 0x00, 0x02, 0xB0, 0x0D, 0x13, 0x08, 0xFF, 0x02, 0x08, 0x45, 0x00, 0x96, 0x53, 0x20, 0xBE,
	0x80, 0x11, 0xF4, 0x0D, 0xF0, 0x0A, 0x97, 0x08, 0x92, 0x05, 0xB8, 0x53, 0x21, 0xBE, 0x80, 0x0A,
	0xB7, 0x07, 0x04, 0x1A, 0x0F, 0x03, 0xA7, 0x02, 0xA7, 0x01, 0xA7, 0x00, 0xA7, 0x4A, 0x0E, 0x4F,
	0xFB, 0x1D, 0x0D, 0xDE, 0x11, 0x00, 0x8E, 0x65, 0x05, 0x06, 0x29, 0x65, 0x00, 0x2E, 0x44, 0x03,
	0x28, 0x2D, 0x63, 0xB2, 0x11, 0x90, 0x6B, 0x00, 0x11, 0x44, 0xC1, 0x46, 0xC2, 0x47, 0xC0, 0x84,
	0xF2, 0xED, 0x70, 0x06, 0xC5, 0x91, 0xC0, 0xF4, 0x78, 0xF5, 0x7D, 0x20, 0x95, 0x45, 0xC0, 0x53,
	0x21, 0x42, 0x01, 0x26, 0xB9, 0x41, 0xA8, 0x20, 0xA8, 0x16, 0x09, 0x6F, 0x06, 0xBC, 0x04, 0x95,
	0x1A, 0xB9, 0x59, 0x14, 0x11, 0x10, 0xF0, 0x0D, 0x53, 0x20, 0x41, 0x01, 0x26, 0xB8, 0x01, 0x1B,
	0x42, 0x30, 0x00, 0x1B, 0x02, 0x30, 0x2C, 0x70, 0x4D, 0x19, 0xFF, 0x22, 0xDC, 0x43, 0x0B, 0x4C,
	0x72, 0x96, 0x0C, 0x60, 0x00, 0x63, 0x41, 0x08, 0x95, 0x8F, 0xC6, 0xF4, 0x7E, 0xB4, 0x04, 0x0F,
	0x21, 0xAE, 0x00, 0xAE, 0x2C, 0x71, 0xD2, 0x08, 0x6F, 0xFF, 0xC1, 0x40, 0x0C, 0x95, 0x8E, 0xC5,
	0xF4, 0x7D, 0xDF, 0x02, 0xAD, 0x00, 0xAD, 0x0D, 0x05, 0xBA, 0x5E, 0x02, 0xA1, 0x40, 0x0F, 0x0D,
	0xC1, 0x40, 0x5E, 0x44, 0x07, 0x11, 0xD1, 0x1F, 0xC0, 0x11, 0xAA, 0xB9, 0x30, 0x8D, 0x09, 0x68,
	0xDA, 0x11, 0xE8, 0x72, 0x00, 0x22, 0x24, 0x8C, 0x3C, 0xFB, 0x63, 0x01, 0x8E, 0x4A, 0xC3, 0xFC,
	0x64, 0x33, 0x4A, 0x55, 0x21, 0x1E, 0x0C, 0xC1, 0xE1, 0x49, 0xC4, 0x02, 0x22, 0xC1, 0x02, 0x55,
	0x23, 0x0C, 0x1C, 0xCA, 0x26, 0xC5, 0x30, 0x8C, 0x23, 0x41, 0x90, 0xCA, 0x24, 0x45, 0x10, 0x0A,
	0xC1, 0x45, 0xC0, 0x40, 0x24, 0x80, 0x3D, 0xF8, 0x60, 0x4B, 0x1A, 0x98, 0x0A, 0x0F, 0xA9, 0xA1,
	0x8D, 0x05, 0xC1, 0x8C, 0xC6, 0xFE, 0x66, 0x48, 0xC6, 0x02, 0x22, 0x1F, 0x00, 0x55, 0x20, 0x0E,
	0x45, 0x07, 0xB0, 0x06, 0x10, 0x25, 0x1B, 0x74, 0x06, 0x00, 0x18, 0x17, 0xC1, 0xE5, 0xCA, 0x23,
	0x05, 0x30, 0x04, 0xC0, 0xE5, 0x71, 0x0B, 0xC2, 0x09, 0xC1, 0x10, 0x77, 0x08, 0xC0, 0x00, 0x1A,
	0x82, 0x07, 0xC0, 0xA9, 0x04, 0x07, 0xE5, 0xFF, 0x00, 0x18, 0xC2, 0x06, 0x07, 0xC0, 0xE1, 0x08,
	0x15, 0x01, 0x07, 0xC0, 0xD9, 0x54, 0x60, 0x26, 0x74, 0x48, 0x05, 0x29, 0xE8, 0x04, 0xC0, 0x14,
	0x70, 0x8A, 0xF2, 0x22, 0x6C, 0x5B, 0x02, 0x8C, 0xC0, 0xAA, 0x60, 0x06, 0x5C, 0x0D, 0x00, 0x05,
	0x81, 0x3C, 0x8D, 0xC4, 0x40, 0x24, 0x8E, 0x3D, 0xAB, 0x61, 0xA9, 0x64, 0xAE, 0x66, 0x43, 0xC0,
	0x90, 0xC0, 0xB4, 0x78, 0x42, 0xC0, 0x91, 0x57, 0x00, 0x8E, 0xC4, 0x08, 0x11, 0x70, 0x05, 0x21,
	0x22, 0x3A, 0xC0, 0xB4, 0x0C, 0xD6, 0x21, 0x15, 0x37, 0xB4, 0x21, 0x96, 0x63, 0x66, 0x08, 0x21,
	0x75, 0x30, 0xC4, 0x22, 0xFD, 0xB2, 0xC1, 0x55, 0x3A, 0x64, 0x21, 0xAE, 0xC2, 0xAD, 0x70, 0xB5,
	0xC7, 0x1D, 0x4C, 0x0B, 0x01, 0x2C, 0x70, 0x28, 0x43, 0x13, 0xC0, 0x16, 0x13, 0x2B, 0x92, 0x40,
	0x05, 0x8C, 0x5E, 0x0B, 0x82, 0x3C, 0x44, 0x20, 0x08, 0x3D, 0x8D, 0xC3, 0x2E, 0x60, 0x2A, 0x62,
	0x28, 0x64, 0x2B, 0x63, 0x12, 0x11, 0xDF, 0x08, 0x11, 0x22, 0xED, 0x24, 0x71, 0x06, 0x02, 0x9E,
	0x10, 0x05, 0x02, 0x0B, 0x21, 0x45, 0x70, 0x81, 0x11, 0x00, 0xA5, 0x28, 0xDD, 0x01, 0x06, 0x21,
	0x95, 0x84, 0x8E, 0x5C, 0x00, 0x11, 0xED, 0x1F, 0xC0, 0x6C, 0x0E, 0x05, 0x43, 0xC1, 0x61, 0x41,
	0xEE, 0x0F, 0xEF, 0xFB, 0x12, 0xE0, 0xF4, 0x65, 0x0F, 0xD9, 0x45, 0x0F, 0x28, 0x46, 0x0F, 0x26,
	0xE8, 0xBC, 0x18, 0x28, 0x0E, 0x03, 0xAA, 0x60, 0x04, 0x11, 0x7E, 0x18, 0xAC, 0x66, 0xEC, 0x09,
	0x66, 0x09, 0x08, 0x24, 0x0E, 0x2E, 0x06, 0xC4, 0x0C, 0x02, 0xB4, 0x19, 0xAD, 0x0A, 0x9E, 0x5D,
	0x09, 0x43, 0x27, 0x1D, 0x03, 0xB2, 0x2D, 0x5C, 0xFF, 0x0D, 0x04, 0x3E, 0x4A, 0xC2, 0x44, 0xC1,
	0xD2, 0x09, 0x6F, 0xFC, 0x48, 0xC0, 0x45, 0xC0, 0x04, 0xC0, 0x22, 0xAF, 0xB1, 0x6E, 0x0B, 0x23,
	0x21, 0x9D, 0x25, 0x04, 0x21, 0x06, 0x7D, 0x01, 0x8A, 0x1E, 0x00, 0x01, 0x21, 0x16, 0xA8, 0x8A,
	0x43, 0x1D, 0xCB, 0x0F, 0x0F, 0xF0, 0x03, 0xDD, 0x02, 0x40, 0x5C, 0x02, 0x01, 0x02, 0x8A, 0x34,
	0x73, 0x65, 0x03, 0x40, 0x21, 0x4C, 0xC5, 0x12, 0x28, 0xB8, 0x11, 0xBB, 0x26, 0xC2, 0x07, 0xC3,
	0x21, 0xCC, 0x78, 0x19, 0x9B, 0x7A, 0xC2, 0x0D, 0x2F, 0x5C, 0x62, 0x22, 0xA6, 0x4D, 0xEF, 0xF2,
	0x19, 0x40, 0x60, 0x06, 0x0B, 0x20, 0x88, 0x2A, 0x79, 0x10, 0x1A, 0x5C, 0x30, 0x22, 0xCC, 0xBA,
	0x06, 0x2A, 0x79, 0x14, 0x70, 0xC4, 0x01, 0x2C, 0x00, 0x11, 0x5F, 0x01, 0x03, 0xC0, 0x8A, 0x11,
	0xA2, 0xA2, 0x0A, 0x7A, 0x22, 0x24, 0x35, 0x14, 0x62, 0x3D, 0xCC, 0x0D, 0x05, 0xB8, 0x05, 0x23,
	0x6D, 0xF4, 0x4B, 0x19, 0x71, 0x08, 0x06, 0x21, 0xEC, 0x40, 0x11, 0x43, 0xF4, 0x3B, 0x08, 0xB9,
	0x1B, 0x73, 0x08, 0x18, 0x54, 0x00, 0x67, 0x03, 0xC3, 0x40, 0x1F, 0x21, 0x2E, 0xFF, 0x7F, 0xD9,
	0x12, 0xC2, 0xBA, 0x8C, 0xC0, 0x28, 0x6E, 0x00, 0x06, 0xC7, 0x0D, 0x13, 0x1F, 0x11, 0x89, 0x0A,
	0xAD, 0x21, 0x85, 0x73, 0xB0, 0x11, 0x60, 0x92, 0x05, 0x3D, 0xF0, 0x02, 0xC0, 0xE9, 0x46, 0x6F,
	0x70, 0x1A, 0x93, 0x15, 0x0A, 0xC0, 0x5B, 0x11, 0x1B, 0x8D, 0xC1, 0x40, 0xE6, 0x19, 0xC8, 0x56,
	0x08, 0x08, 0x1A, 0xC2, 0x36, 0x00, 0x41, 0x14, 0x70, 0x8F, 0xF4, 0x02, 0x23, 0xE5, 0xFC, 0x9B,
	0x45, 0x16, 0x0E, 0x46, 0x16, 0x63, 0x43, 0x1A, 0xA8, 0x0E, 0x04, 0x0F, 0x78, 0x8A, 0x0A, 0xAF,
	0xFE, 0x2F, 0x56, 0x14, 0x8C, 0xC1, 0x6C, 0x0F, 0x22, 0xDC, 0xE7, 0x01, 0x82, 0x16, 0xC2, 0x10,
	0x22, 0x34, 0xFF, 0x22, 0xE6, 0x4A, 0x33, 0x4A, 0x00, 0x6F, 0x22, 0xDE, 0x59, 0x00, 0x42, 0x04,
	0x9F, 0x07, 0x31, 0x00, 0x00, 0x41, 0x67, 0x71, 0xA5, 0x0B, 0xB4, 0xB2, 0x1A, 0x00, 0x16, 0x21,
	0x87, 0xF7, 0x27, 0x14, 0x1A, 0x1B, 0xF0, 0x67, 0x21, 0x95, 0x4E, 0x87, 0x21, 0xC4, 0x6E, 0x7C,
	0x07, 0x21, 0x56, 0x83, 0x00, 0x08, 0x0A, 0x0E, 0x41, 0xB5, 0x13, 0x33, 0x61, 0x08, 0xC1, 0xB6,
	0x5F, 0x01, 0x8C, 0xC0, 0x0B, 0x11, 0x01, 0xB4, 0x78, 0x19, 0x30, 0x66, 0x0D, 0x1C, 0x71, 0x4E,
	0xF4, 0x03, 0xC2, 0x09, 0xC0, 0x95, 0x08, 0x84, 0x00, 0x06, 0xC6, 0x03, 0xC0, 0x4C, 0x07, 0x21,
	0x6E, 0x56, 0xC9, 0x45, 0x27, 0xCD, 0x02, 0x03, 0x11, 0xD0, 0xD6, 0x21, 0x15, 0x55, 0x9C, 0x4F,
	0x14, 0xE1, 0x43, 0x6A, 0x21, 0x04, 0xB9, 0x57, 0x17, 0x33, 0x05, 0xC0, 0x1A, 0xE0, 0x5D, 0x21,
	0x1F, 0x56, 0x79, 0xDE, 0x09, 0x21, 0x65, 0x53, 0x40, 0x66, 0x15, 0x42, 0x3B, 0x07, 0x14, 0x80,
	0x21, 0xC2, 0x0B, 0x50, 0x22, 0xC2, 0x00, 0x12, 0x33, 0x68, 0x20, 0x8A, 0xAA, 0x22, 0x74, 0x51,
	0x11, 0x2C, 0xCE, 0x00, 0x03, 0x9B, 0xE8, 0x02, 0xCA, 0x07, 0xE8, 0x08, 0xC1, 0x04, 0xC2, 0xA1,
	0x40, 0x9E, 0x0B, 0xA0, 0x02, 0x63, 0x43, 0xE5, 0x71, 0xA5, 0x1A, 0xD3, 0x18, 0x25, 0x4D, 0x18,
	0x64, 0x15, 0x1A, 0x5A, 0x0B, 0x10, 0x71, 0x12, 0x29, 0x1E, 0x86, 0x45, 0x6B, 0x42, 0x4D, 0x13,
	0xAD, 0x11, 0x31, 0x59, 0xAD, 0x11, 0x52, 0x46, 0x0F, 0xF2, 0x14, 0x98, 0xEF, 0x21, 0xFF, 0xBE,
	0xC0, 0x10, 0x72, 0x0C, 0xD2, 0x12, 0x19, 0x09, 0x64, 0x21, 0x95, 0xFF, 0x46, 0x5D, 0x60, 0x37,
	0x21, 0x35, 0x2D, 0x20, 0x23, 0x1C, 0x36, 0xEC, 0x3B, 0x12, 0xA2, 0x04, 0x2A, 0x79, 0x12, 0x48,
	0xA8, 0xAC, 0x3B, 0x6E, 0x18, 0x0C, 0x70, 0x75, 0x21, 0x0A, 0x1B, 0x33, 0x18, 0xF1, 0xF2, 0x07,
	0x4C, 0x3B, 0x11, 0x96, 0x7C, 0xC2, 0x03, 0x23, 0x25, 0xCF, 0x91, 0x11, 0xC2, 0x0C, 0x96, 0x0B,
	0x45, 0x45, 0x76, 0x05, 0x17, 0x14, 0x5D, 0x0F, 0x08, 0x5F, 0x05, 0x20, 0xF4, 0x05, 0x24, 0xB4,
	0xA6, 0x08, 0x0D, 0x14, 0x73, 0xB6, 0x00, 0x06, 0x00, 0x02, 0xC0, 0x03, 0xC5, 0x12, 0xE2, 0x0B,
	0x9A, 0x25, 0x21, 0x57, 0x35, 0x65, 0x3D, 0x65, 0x0E, 0x1D, 0x76, 0x08, 0x5D, 0x8F, 0x40, 0x7D,
	0x37, 0xD9, 0x0F, 0x6F, 0xCA, 0x14, 0x70, 0x75, 0x0E, 0xC5, 0x21, 0x05, 0xBA, 0x6C, 0x11, 0x4B,
	0x82, 0xB1, 0xF0, 0x05, 0x1B, 0x4A, 0x32, 0xCC, 0x0D, 0x6D, 0xB0, 0x6C, 0x0E, 0x96, 0x72, 0xBA,
	0x11, 0xC9, 0x05, 0x77, 0x57, 0x18, 0x14, 0x73, 0xA7, 0x04, 0x0B, 0x21, 0x46, 0xFE, 0x9A, 0x21,
	0x4C, 0x09, 0x09, 0x20, 0x14, 0x0A, 0x3A, 0x60, 0xBE, 0x62, 0x5F, 0x67, 0x00, 0x22, 0x8D, 0x4F,
	0x4E, 0x0C, 0x37, 0x00, 0x23, 0xC7, 0x64, 0xAC, 0x4B, 0xC1, 0x21, 0xAF, 0x58, 0xA1, 0x42, 0x96,
	0x21, 0x2E, 0x4A, 0x78, 0x43, 0x65, 0x0C, 0xA9, 0x86, 0x0C, 0x95, 0xF2, 0x04, 0x4E, 0x7E, 0x0B,
	0x62, 0x0A, 0x0E, 0x4E, 0xC1, 0x40, 0x8E, 0x01, 0x71, 0x56, 0x4D, 0x01, 0xE1, 0xAE, 0x01, 0x70,
	0x4A, 0x4E, 0x01, 0xA1, 0x40, 0x74, 0x02, 0x02, 0x63, 0x40, 0x6F, 0xF0, 0x78, 0x54, 0x4A, 0x5D,
	0x0C, 0x22, 0xBF, 0x0C, 0x58, 0x60, 0x3D, 0x21, 0xC5, 0x20, 0x8E, 0x95, 0x0C, 0xA1, 0x19, 0x23,
	0x69, 0xC1, 0x42, 0x3A, 0x57, 0x0B, 0xC1, 0x43, 0xF7, 0x8F, 0x47, 0x02, 0xCA, 0xCF, 0x21, 0x94,
	0x59, 0x44, 0xB6, 0x21, 0x4D, 0xC6, 0x06, 0x94, 0x08, 0x64, 0x01, 0x19, 0x9B, 0x25, 0x40, 0x4C,
	0xF0, 0x2A, 0xB4, 0x02, 0x04, 0x38, 0x60, 0x1D, 0x65, 0x1F, 0x67, 0xA1, 0x95, 0x13, 0xFA, 0x21,
	0xF7, 0xA0, 0xE1, 0x43, 0xB7, 0xDD, 0x07, 0x8F, 0xDE, 0x07, 0x6C, 0x70, 0x0C, 0x99, 0x94, 0x10,
	0x4E, 0x5E, 0x84, 0xDA, 0x12, 0x02, 0x13, 0x0C, 0x7A, 0x21, 0x84, 0xD0, 0x21, 0x7D, 0x98, 0x58,
	0x4E, 0x07, 0x42, 0x0F, 0x1A, 0x19, 0x61, 0x83, 0xCE, 0x06, 0x07, 0xE8, 0xBD, 0x16, 0x92, 0x84,
	0x06, 0x2C, 0x9E, 0x01, 0x1F, 0x67, 0x12, 0x2B, 0x3A, 0x20, 0x00, 0xE1, 0x46, 0x2C, 0xA9, 0xE8,
	0x9C, 0x2B, 0x11, 0xE9, 0x08, 0x15, 0x7D, 0x2B, 0x71, 0x7C, 0x1D, 0x02, 0x5E, 0x09, 0x80, 0x02,
	0x0D, 0x23, 0x87, 0xDD, 0x93, 0x00, 0x01, 0x25, 0xAD, 0xDD, 0x92, 0x44, 0x01, 0x03, 0xC2, 0x0E,
	0xEF, 0xFA, 0x05, 0xC2, 0x6C, 0x48, 0x01, 0x8A, 0xE0, 0x10, 0x06, 0x74, 0x48, 0x2A, 0xBD, 0x5A,
	0xF6, 0x5C, 0xED, 0x03, 0xD1, 0x05, 0xCF, 0xFF, 0x2F, 0x78, 0x45, 0xED, 0x3E, 0x28, 0x4C, 0xFA,
	0x26, 0x6C, 0x4E, 0x22, 0xCE, 0x5F, 0x0A, 0xD8, 0x12, 0x63, 0x33, 0xA4, 0xE0, 0x36, 0x4C, 0xD8,
	0x28, 0x4E, 0xF8, 0xC3, 0x40, 0x16, 0xE0, 0x9C, 0x14, 0x98, 0xE9, 0x1E, 0xF1, 0x66, 0x15, 0x21,
	0xDD, 0x59, 0x5A, 0x21, 0xA6, 0xC4, 0x12, 0xB9, 0x64, 0xB1, 0x21, 0xE5, 0x4F, 0x07, 0x1C, 0x69,
	0x26, 0x86, 0x21, 0x57, 0xBC, 0x0F, 0x0E, 0x10, 0x15, 0xD3, 0xE0, 0x40, 0x00, 0x05, 0x27, 0x5F,
	0x67, 0x3B, 0xE8, 0xE8, 0x54, 0x55, 0x12, 0x23, 0xA8, 0xC0, 0x20, 0xA2, 0x11, 0xE8, 0x1F, 0x00,
	0x09, 0x09, 0xCA, 0x02, 0xC6, 0x02, 0xB9, 0x8C, 0xB9, 0x6F, 0x70, 0x92, 0xB9, 0x44, 0xC1, 0xED,
	0x70, 0x26, 0xE8, 0x0A, 0x25, 0x80, 0x13, 0x03, 0xC0, 0x32, 0x27, 0x82, 0x13, 0x68, 0x6E, 0x11,
	0xBB, 0xDB, 0x07, 0x0F, 0x79, 0x1A, 0x90, 0x75, 0x24, 0x6D, 0x21, 0x00, 0x11, 0xB1, 0x56, 0x55,
	0x44, 0x56, 0x01, 0x04, 0x1D, 0x12, 0x10, 0x13, 0x51, 0xCA, 0x74, 0x0E, 0xB1, 0xDA, 0x08, 0x55,
	0x86, 0x42, 0x05, 0x12, 0x03, 0x11, 0x33, 0x92, 0x24, 0x71, 0xC5, 0x11, 0x33, 0xE0, 0x43, 0xC1,
	0x03, 0x4F, 0x22, 0x67, 0x71, 0xB1, 0x19, 0x61, 0x25, 0xC5, 0x4C, 0x5A, 0x13, 0xBA, 0xEA, 0x72,
	0x71, 0x11, 0xBA, 0xEA, 0x42, 0xC0, 0x18, 0x05, 0x72, 0x85, 0xA1, 0xC1, 0x16, 0xE8, 0x86, 0x21,
	0xA4, 0x85, 0x0E, 0x45, 0xCA, 0x7A, 0x08, 0x47, 0x40, 0xC2, 0x57, 0xF0, 0x3B, 0x0F, 0x1F, 0x16,
	0xA5, 0x0B, 0x30, 0x30, 0x12, 0x99, 0x30, 0x8D, 0x11, 0xE1, 0x6C, 0x05, 0x11, 0xB0, 0xF9, 0x05,
	0x00, 0xC0, 0x08, 0xBC, 0x45, 0x7C, 0x10, 0x7B, 0x22, 0xCD, 0x7F, 0x9B, 0x25, 0xF4, 0xCC, 0x19,
	0x78, 0x83, 0x00, 0x09, 0x90, 0x2F, 0x7C, 0x14, 0x25, 0xC3, 0x10, 0xE5, 0x0C, 0xE4, 0x96, 0x00,
	0xB3, 0x38, 0xF0, 0x07, 0xC8, 0x06, 0x7F, 0x04, 0x27, 0x80, 0x1F, 0xFF, 0x0F, 0xFE, 0xFF, 0x22,
	0x8C, 0x2A, 0x0E, 0xFF, 0xFE, 0xF0, 0xFF, 0x43, 0x28, 0x00, 0x81, 0x11, 0xF2, 0x25, 0x08, 0xF0,
	0x00, 0x2C, 0x73, 0x17, 0x1B, 0x68, 0x18, 0x0F, 0x71, 0x00, 0xEF, 0x78, 0xAA, 0x0D, 0x6F, 0xFE,
	0xCF, 0x79, 0x2C, 0x71, 0x86, 0xE8, 0x2C, 0x72, 0x04, 0xF0, 0x22, 0xEE, 0xC6, 0x2C, 0x74, 0x24,
	0x25, 0xCE, 0x83, 0x19, 0x80, 0x1F, 0x0C, 0x44, 0x27, 0x43, 0x10, 0x10, 0x7A, 0x3C, 0x24, 0x80,
	0x13, 0x1B, 0x78, 0x35, 0x78, 0x78, 0x25, 0xBF, 0x2B, 0x6C, 0x0B, 0x26, 0x4C, 0x03, 0x65, 0x10,
	0x14, 0x11, 0x7A, 0x49, 0x20, 0xB0, 0x10, 0x01, 0xD0, 0x83, 0x01, 0x51, 0x08, 0x85, 0x83, 0x10,
	0x07, 0x62, 0x38, 0xA8, 0xC1, 0x22, 0xAE, 0x69, 0x47, 0xC1, 0x1C, 0xF2, 0x38, 0x6A, 0x0B, 0x44,
	0xEA, 0x11, 0xC2, 0x11, 0x0C, 0xB9, 0x12, 0xD3, 0xE3, 0x30, 0x7B, 0x78, 0x54, 0x93, 0x12, 0xF9,
	0x69, 0x0B, 0x06, 0x57, 0xF4, 0x73, 0x11, 0x11, 0xBB, 0x74, 0x21, 0x94, 0x39, 0x1A, 0x2A, 0x35,
	0x4B, 0x68, 0x0A, 0x06, 0x45, 0xC1, 0x0C, 0xAE, 0x11, 0xCA, 0x18, 0x20, 0x9B, 0x21, 0xD5, 0xA6,
	0xE4, 0x11, 0x91, 0x5A, 0x44, 0xC5, 0x39, 0x08, 0x13, 0x3A, 0x63, 0x65, 0x7A, 0x7F, 0x06, 0x92,
	0x68, 0x80, 0x06, 0x44, 0xE4, 0x46, 0x5C, 0xA4, 0x12, 0x5A, 0x63, 0x80, 0xC1, 0x21, 0x9C, 0x82,
	0x0A, 0x03, 0x05, 0x20, 0x83, 0x00, 0x7B, 0x7B, 0x9C, 0xBB, 0x9F, 0xBB, 0x60, 0x93, 0x22, 0xE4,
	0x27, 0x04, 0x2A, 0xBB, 0x82, 0x7B, 0x02, 0x19, 0xD4, 0x45, 0xAE, 0xCD, 0x21, 0x04, 0x66, 0x21,
	0x9D, 0xBC, 0x05, 0x1A, 0x63, 0x01, 0x38, 0x60, 0x85, 0x19, 0xE4, 0x83, 0x12, 0x68, 0x00, 0x07,
	0xCE, 0x0E, 0x2F, 0xFF, 0x08, 0xD8, 0x05, 0xC0, 0xE5, 0x78, 0xF4, 0x3B, 0x0F, 0x56, 0x27, 0x0F,
	0x18, 0xC0, 0xB8, 0xB8, 0x78, 0xA5, 0x71, 0xD1, 0x0D, 0x34, 0x92, 0x05, 0x7E, 0x00, 0x1B, 0x0C,
	0x1E, 0x04, 0xC1, 0x3E, 0x0F, 0xEF, 0xFC, 0xCF, 0x78, 0x10, 0x07, 0x51, 0x3E, 0xA1, 0x1D, 0x50,
	0x8F, 0x21, 0x8F, 0xFD, 0x89, 0x18, 0x43, 0x0F, 0x21, 0x1B, 0x0A, 0xB0, 0x21, 0x54, 0x43, 0x00,
	0x18, 0x5F, 0x25, 0x4C, 0x12, 0x13, 0x0A, 0x71, 0x00, 0x08, 0xDB, 0x08, 0xE4, 0x09, 0xD8, 0x08,
	0xDF, 0x03, 0xF0, 0xA9, 0x44, 0x6C, 0x70, 0x01, 0x11, 0x9E, 0x00, 0x24, 0xF0, 0x43, 0x0B, 0xE4,
	0x03, 0x40, 0x2D, 0x4B, 0x13, 0xE9, 0x46, 0x40, 0x2E, 0x41, 0x12, 0x12, 0x48, 0xC2, 0x1D, 0xB3,
	0x1B, 0x01, 0x20, 0x99, 0x21, 0xF9, 0x54, 0xEA, 0x22, 0x5C, 0xB4, 0x05, 0x41, 0x29, 0x1F, 0x01,
	0x24, 0x7A, 0x04, 0x27, 0x12, 0x20, 0x20, 0x00, 0x06, 0xC0, 0x0F, 0x59, 0x61, 0x14, 0x23, 0x02,
	0x33, 0x1C, 0x64, 0x70, 0x76, 0xC5, 0x71, 0x20, 0xB2, 0xA5, 0xF7, 0xA5, 0x71, 0xBD, 0x0E, 0x45,
	0xB3, 0xE4, 0x2D, 0x14, 0xA3, 0x75, 0x2C, 0x04, 0xC0, 0x54, 0xAE, 0x6C, 0xF7, 0x07, 0xA4, 0x0B,
	0x15, 0xF0, 0x40, 0x28, 0x0B, 0x03, 0x48, 0x44, 0x13, 0xE0, 0x6B, 0x02, 0x03, 0x01, 0x14, 0x8D,
	0x14, 0x13, 0x33, 0x39, 0x7B, 0x24, 0x71, 0x24, 0xE4, 0xB8, 0x07, 0x00, 0x01, 0xA0, 0xB3, 0x08,
	0xE2, 0x04, 0x71, 0xDD, 0x08, 0x1B, 0xA0, 0x72, 0x0B, 0x72, 0xC4, 0xC4, 0xE2, 0xC0, 0x07, 0xC8,
	0x15, 0x12, 0x02, 0x37, 0x25, 0xDB, 0x1B, 0x1D, 0x32, 0x3A, 0x22, 0x00, 0x0C, 0x4F, 0x11, 0x41,
	0x09, 0x8B, 0x24, 0x34, 0x20, 0x08, 0x15, 0xE8, 0x81, 0x8A, 0x00, 0x12, 0x80, 0x00, 0x23, 0x0C,
	0x04, 0x13, 0xB0, 0x38, 0x0B, 0x30, 0x04, 0xF4, 0x21, 0x0D, 0x00, 0x40, 0x28, 0x4B, 0x03, 0x91,
	0x70, 0x05, 0x23, 0x22, 0x0C, 0xA4, 0x0C, 0x46, 0x01, 0x04, 0x71, 0xA0, 0xB1, 0xB2, 0xF7, 0x1B,
	0x8B, 0x15, 0xE8, 0x83, 0x8A, 0x02, 0x2D, 0xAD, 0x00, 0x03, 0x4D, 0x05, 0x42, 0x6D, 0x05, 0x22,
	0x64, 0x1D, 0x6D, 0x05, 0x60, 0x4E, 0x05, 0xC2, 0xC4, 0xEC, 0x44, 0x02, 0x48, 0x46, 0x20, 0x42,
	0x43, 0x45, 0xC9, 0x82, 0x44, 0x9A, 0x07, 0x40, 0x40, 0x08, 0x45, 0x91, 0xE6, 0x92, 0xF4, 0x03,
	0xC0, 0x24, 0x5E, 0x80, 0x02, 0x01, 0x0C, 0x81, 0x0C, 0x08, 0x00, 0x2A, 0x60, 0x44, 0x23, 0x80,
	0x00, 0x42, 0xC0, 0x1D, 0x7B, 0xC3, 0x41, 0x60, 0x1A, 0x0B, 0x8C, 0x0D, 0xEF, 0xFC, 0x5E, 0xE1,
	0xC0, 0x10, 0x21, 0x6C, 0x6D, 0x7F, 0x03, 0x28, 0x60, 0x15, 0x10, 0x0A, 0x88, 0x8B, 0x27, 0x47,
	0xDB, 0x4D, 0x12, 0xE5, 0x21, 0xA6, 0xA0, 0xC5, 0x59, 0x21, 0x04, 0xE0, 0x00, 0x0C, 0x46, 0xC0,
	0x54, 0xF0, 0x5F, 0x27, 0x00, 0x15, 0x03, 0xC5, 0xC3, 0x41, 0x61, 0x01, 0x04, 0x00, 0xC1, 0x43,
	0x1D, 0x65, 0xD4, 0x7D, 0x70, 0x15, 0x02, 0x11, 0x10, 0x95, 0x40, 0xC2, 0x75, 0x79, 0x0E, 0x4F,
	0x0B, 0xE1, 0x42, 0x02, 0x13, 0x8B, 0x3E, 0x03, 0x12, 0x34, 0x21, 0xDE, 0xEB, 0x90, 0x95, 0x13,
	0x9A, 0x92, 0x00, 0x65, 0x0D, 0xA9, 0xC3, 0x1A, 0x20, 0x6E, 0x0B, 0x25, 0x7B, 0x7B, 0x7B, 0x45,
	0x7B, 0x80, 0xB3, 0x25, 0x78, 0x70, 0x15, 0x03, 0x11, 0x4C, 0x0E, 0x02, 0x7A, 0x60, 0xB2, 0x27,
	0xF2, 0x44, 0x11, 0x19, 0x6B, 0x19, 0x48, 0x60, 0x47, 0x21, 0x4C, 0xE2, 0x0F, 0xE1, 0x40, 0x9F,
	0x20, 0x01, 0x04, 0x3B, 0x7A, 0x03, 0xC1, 0x1B, 0x61, 0xD6, 0x7B, 0xC0, 0x13, 0x01, 0x01, 0x24,
	0xBE, 0xE0, 0x05, 0x22, 0x0C, 0xB4, 0x0E, 0x20, 0xB4, 0x04, 0x72, 0xC2, 0x13, 0x0C, 0x01, 0x05,
	0x22, 0x01, 0x00, 0x04, 0x72, 0x80, 0xB1, 0xC4, 0x29, 0x2F, 0x00, 0x45, 0x78, 0xC6, 0x4C, 0x05,
	0x75, 0x6A, 0x5D, 0x21, 0x95, 0xDF, 0x67, 0x27, 0x6C, 0x0D, 0x22, 0x2C, 0x88, 0x0C, 0x47, 0x08,
	0xE5, 0x83, 0x40, 0x2F, 0x00, 0x13, 0xEA, 0x0B, 0x40, 0x00, 0x4E, 0xF0, 0xB1, 0x5E, 0x9E, 0x62,
	0x0C, 0x05, 0x2A, 0x11, 0x1F, 0x70, 0x23, 0x08, 0x42, 0xC0, 0x58, 0x4D, 0x26, 0xE5, 0x47, 0xC0,
	0x45, 0xC5, 0x34, 0x47, 0x1C, 0x02, 0x15, 0x44, 0x45, 0xE6, 0x04, 0x11, 0x2A, 0x1A, 0x5D, 0x65,
	0x22, 0x35, 0xAB, 0x25, 0x01, 0xCC, 0xE5, 0x0E, 0x3E, 0x40, 0x95, 0x22, 0x9D, 0x23, 0x63, 0x1B,
	0x93, 0x23, 0xE1, 0x42, 0x22, 0x5E, 0x07, 0xC1, 0x43, 0x1A, 0x19, 0x26, 0x02, 0x0D, 0x31, 0x15,
	0x4F, 0x51, 0x06, 0x05, 0x79, 0xA6, 0x1D, 0xC5, 0x71, 0x1A, 0xE0, 0x90, 0x00, 0x02, 0x1B, 0x38,
	0x45, 0x79, 0xCF, 0x0E, 0x74, 0x92, 0x60, 0xB1, 0x04, 0xC3, 0x07, 0xC1, 0x80, 0x95, 0x25, 0x7B,
	0x02, 0xC1, 0x12, 0x72, 0x96, 0x24, 0x71, 0x0D, 0x29, 0x42, 0x0D, 0x03, 0xB0, 0x18, 0x03, 0x09,
	0x21, 0x8F, 0xD4, 0x13, 0xE4, 0x64, 0x0F, 0xE6, 0xC0, 0x6C, 0x70, 0x8A, 0x27, 0x03, 0x16, 0x6D,
	0x70, 0x6C, 0xDA, 0x1F, 0x23, 0x8D, 0x10, 0x6C, 0x7A, 0x26, 0x0C, 0x84, 0x08, 0x5E, 0x60, 0x1A,
	0x23, 0xC2, 0x03, 0xBA, 0x62, 0x34, 0x7A, 0x32, 0x94, 0xEE, 0x0B, 0xC4, 0x0B, 0x9A, 0x66, 0x3A,
	0x62, 0xA0, 0xAA, 0xED, 0xF5, 0x64, 0x71, 0xD5, 0x0B, 0x22, 0xE4, 0x8F, 0x12, 0x90, 0x12, 0x00,
	0x22, 0x60, 0x89, 0x80, 0x88, 0x70, 0x74, 0x3A, 0xF2, 0xC9, 0xF7, 0x23, 0x0C, 0xA5, 0x10, 0x69,
	0x6C, 0xA1, 0x88, 0x60, 0xA8, 0x54, 0x25, 0x03, 0x18, 0x1E, 0xF0, 0x25, 0x0B, 0x85, 0x00, 0x81,
	0x89, 0x64, 0x77, 0x60, 0xA9, 0x54, 0x24, 0x03, 0x18, 0x21, 0xF0, 0x53, 0x4C, 0x23, 0x0A, 0x70,
	0x00, 0x60, 0xA8, 0x2F, 0x0A, 0x48, 0x5B, 0x05, 0x10, 0xC3, 0x00, 0x0F, 0xF0, 0x42, 0x7B, 0x29,
	0x66, 0x02, 0xA9, 0x31, 0x65, 0x02, 0x11, 0x04, 0x04, 0x00, 0x08, 0x10, 0xF0, 0x61, 0x88, 0x54,
	0x23, 0x03, 0x08, 0x61, 0xA8, 0x2F, 0x26, 0xC5, 0xF0, 0x20, 0x00, 0x03, 0x00, 0x7F, 0xDB, 0x61,
	0xA8, 0x0C, 0xF0, 0x61, 0x89, 0x95, 0x02, 0xA9, 0x75, 0x02, 0x08, 0xB5, 0x02, 0xA9, 0x7F, 0x0E,
	0xC3, 0x41, 0xA4, 0x13, 0x70, 0x29, 0x07, 0x38, 0x24, 0xC0, 0x10, 0xF2, 0x0F, 0xAF, 0xFA, 0x81,
	0x42, 0x14, 0xF0, 0x12, 0x24, 0xCC, 0x2B, 0x0A, 0x0B, 0x00, 0x0B, 0x09, 0xBF, 0x00, 0x2C, 0x70,
	0xE5, 0x00, 0x4F, 0xFE, 0xA1, 0x50, 0xD6, 0xED, 0x81, 0xA3, 0x17, 0xD0, 0xAE, 0x1C, 0x18, 0x85,
	0x05, 0xA6, 0x08, 0x2F, 0xFB, 0x08, 0xD9, 0x6F, 0x70, 0x10, 0x01, 0x70, 0xB2, 0x12, 0xCB, 0x8C,
	0xC0, 0x36, 0x4A, 0x21, 0x5C, 0x4E, 0x22, 0xCE, 0xC1, 0x8A, 0x0C, 0x0E, 0x01, 0xFF, 0xD8, 0x12,
	0x91, 0x5E, 0xD5, 0x5C, 0x33, 0x05, 0x1B, 0x78, 0x95, 0xBE, 0xA2, 0x68, 0x19, 0xF2, 0x1F, 0x2B,
	0x83, 0x1C, 0x01, 0x31, 0x75, 0x05, 0x1A, 0xD4, 0x05, 0x16, 0x2A, 0xB4, 0xC1, 0x40, 0x7E, 0x08,
	0x41, 0xC7, 0x6E, 0x02, 0x23, 0xF0, 0x2E, 0x56, 0x00, 0xEE, 0x08, 0xB4, 0x05, 0x03, 0xCD, 0x74,
	0x98, 0xBE, 0x2B, 0xD9, 0x05, 0x42, 0x42, 0xE5, 0x03, 0xD2, 0xC4, 0x03, 0xB4, 0x01, 0x6C, 0x03,
	0x74, 0x01, 0x05, 0xC1, 0x40, 0xA1, 0x42, 0xBA, 0x08, 0x4F, 0xFB, 0x22, 0x24, 0xAB, 0x12, 0x60,
	0xB5, 0x06, 0xA1, 0x42, 0x68, 0x46, 0x42, 0xC3, 0x41, 0xC7, 0xA6, 0x56, 0x05, 0x40, 0xC3, 0x10,
	0x05, 0x59, 0xB5, 0x92, 0x6D, 0x02, 0xC6, 0x21, 0x46, 0x88, 0x40, 0x8F, 0x23, 0xE4, 0xAA, 0x22,
	0x35, 0xA4, 0x7E, 0x8C, 0x02, 0x17, 0x38, 0xB7, 0x45, 0x02, 0x6A, 0x86, 0x02, 0x96, 0x0B, 0x6C,
	0x1B, 0xFC, 0x07, 0x7D, 0x02, 0x52, 0x9C, 0x02, 0x2E, 0x9C, 0xA0, 0x21, 0x5F, 0x95, 0x31, 0x5D,
	0xC0, 0xE5, 0xBB, 0x5E, 0x6F, 0xA9, 0x00, 0xB0, 0xF0, 0x22, 0x14, 0x42, 0x12, 0x40, 0x94, 0x11,
	0xE3, 0x78, 0xF0, 0x4E, 0xC3, 0x22, 0xDC, 0x48, 0x00, 0x06, 0x01, 0x00, 0xAA, 0xFF, 0x57, 0xC0,
	0x03, 0x69, 0x66, 0xBB, 0x26, 0x1C, 0x04, 0x30, 0x0B, 0x6B, 0x51, 0xC0, 0x80, 0x14, 0x00, 0x30,
	0x5F, 0xC2, 0x5C, 0x93, 0x00, 0x10, 0x00, 0xB5, 0xFF, 0x3E, 0x1C, 0x44, 0x30, 0x40, 0x21, 0x4B,
	0x02, 0x40, 0x21, 0x5B, 0x00, 0x57, 0x21, 0x1F, 0x0A, 0x80, 0x21, 0xBD, 0x06, 0x1A, 0x1C, 0x84,
	0x30, 0xC3, 0x42, 0x03, 0x00, 0x84, 0xF0, 0x0E, 0x55, 0x03, 0x79, 0x19, 0x8A, 0xA5, 0x45, 0xC2,
	0x1A, 0x00, 0x0B, 0x06, 0x12, 0x69, 0xCB, 0x44, 0x07, 0x00, 0xD7, 0xF0, 0x54, 0x5E, 0x03, 0x42,
	0x23, 0x01, 0x08, 0x42, 0x5C, 0x09, 0x00, 0x0D, 0x1C, 0xC0, 0x48, 0xC4, 0x57, 0x24, 0x4C, 0x1E,
	0x42, 0xC2, 0x58, 0x22, 0xC2, 0x09, 0x4B, 0xC3, 0x54, 0xC4, 0x77, 0x69, 0x1C, 0xC4, 0x2E, 0x6A,
	0x25, 0x78, 0x4A, 0x24, 0x40, 0x72, 0x62, 0x46, 0x04, 0x30, 0xB8, 0x21, 0x54, 0x5A, 0x19, 0x60,
	0x08, 0x08, 0x88, 0x10, 0x8A, 0x26, 0x10, 0x30, 0x45, 0x7C, 0x45, 0x6B, 0x64, 0x54, 0x02, 0x08,
	0x0C, 0x70, 0x4C, 0x1C, 0xC5, 0x31, 0x48, 0x1C, 0x85, 0x30, 0x6C, 0x4D, 0x00, 0x40, 0x19, 0x49,
	0x81, 0x28, 0x4D, 0x00, 0x34, 0x4D, 0x00, 0x1C, 0x4D, 0x00, 0x10, 0x4D, 0x00, 0x3C, 0x4D, 0x00,
	0x36, 0x4D, 0x00, 0x30, 0x0A, 0x13, 0x33, 0x2A, 0x4D, 0x00, 0x24, 0x4D, 0x00, 0x1E, 0x5D, 0x01,
	0x18, 0x5D, 0x00, 0x12, 0x4D, 0x00, 0x0C, 0x19, 0x91, 0x56, 0x58, 0x5D, 0x01, 0x60, 0x0E, 0x01,
	0x37, 0x5A, 0x5D, 0x01, 0x66, 0x4D, 0x01, 0x32, 0x19, 0x51, 0x82, 0x56, 0x0C, 0x00, 0x05, 0x36,
	0x4A, 0x1C, 0xC4, 0x37, 0x5A, 0xC4, 0x4E, 0x5D, 0x14, 0xA8, 0x69, 0x56, 0x2D, 0x21, 0x0C, 0xD7,
	0x08, 0x27, 0x81, 0x1F, 0x03, 0x90, 0x7C, 0xE1, 0x80, 0x27, 0x08, 0x10, 0x45, 0xF0, 0xB1, 0x1C,
	0xC1, 0xAC, 0x56, 0x11, 0x09, 0x6E, 0x6C, 0x23, 0x2E, 0xBF, 0x55, 0x55, 0x0C, 0x5C, 0x12, 0x59,
	0xB4, 0xDE, 0x12, 0x83, 0x74, 0xC1, 0x82, 0xC0, 0x19, 0x60, 0xAA, 0x00, 0x07, 0x01, 0x66, 0xD9,
	0x0F, 0xD8, 0x46, 0x0C, 0xEF, 0xFB, 0x0F, 0xD9, 0x1F, 0xC1, 0x0C, 0x71, 0x34, 0x70, 0x1D, 0xC1,
	0x38, 0x78, 0x32, 0x68, 0x1D, 0xC0, 0x12, 0x4A, 0xEE, 0x10, 0xF2, 0x04, 0x48, 0x13, 0x51, 0xB4,
	0x1A, 0x24, 0xBC, 0x8A, 0x12, 0xE8, 0xC5, 0x0A, 0x09, 0xD8, 0x5C, 0xC0, 0x84, 0xB9, 0x3A, 0x1A,
	0x5C, 0x80, 0x04, 0xF0, 0x08, 0x4C, 0x01, 0x5C, 0x30, 0x0E, 0x41, 0x03, 0x90, 0x24, 0xFE, 0x62,
	0x69, 0xCC, 0x69, 0x8A, 0x69, 0x1B, 0x78, 0x8A, 0x22, 0x04, 0x00, 0x4C, 0xA0, 0x00, 0x08, 0x7B,
	0x05, 0x7E, 0x85, 0x78, 0x40, 0xB1, 0x40, 0xB3, 0x40, 0xB6, 0x3E, 0x08, 0xEF, 0xFD, 0x40, 0xB0,
	0x1E, 0x0A, 0x00, 0x00, 0xAF, 0x7E, 0x55, 0xD8, 0x55, 0x13, 0x09, 0x98, 0x72, 0x21, 0x26, 0xB7,
	0x40, 0xC6, 0x06, 0x27, 0xEA, 0x0C, 0x1A, 0xC3, 0x4E, 0x60, 0xD8, 0xF6, 0x0F, 0x28, 0xFB, 0x2C,
	0x71, 0x22, 0xB4, 0xED, 0x25, 0x97, 0x8C, 0x1E, 0x04, 0x70, 0x7E, 0x00, 0x01, 0xB1, 0x14, 0xA2,
	0x1E, 0x60, 0x01, 0x11, 0xCB, 0xC6, 0x0C, 0xC3, 0x40, 0x6C, 0x02, 0x05, 0xFA, 0x18, 0x44, 0x80,
	0xFC, 0x18, 0x45, 0x80, 0xB5, 0x8B, 0xA1, 0x15, 0x93, 0x5F, 0x6C, 0x0B, 0x3B, 0x21, 0xE1, 0x6F,
	0x1C, 0x19, 0xA2, 0x95, 0x4C, 0x03, 0x22, 0xDC, 0x3D, 0x4E, 0x22, 0x05, 0x05, 0x0D, 0xE7, 0x16,
	0x5C, 0xFD, 0x94, 0xE7, 0x01, 0x40, 0x93, 0x48, 0x4A, 0x22, 0x06, 0xFE, 0x05, 0xF2, 0x22, 0x4C,
	0xE1, 0x22, 0x06, 0xFE, 0x80, 0x23, 0x21, 0x48, 0x2C, 0x00, 0x21, 0xB3, 0x24, 0x71, 0xCF, 0x0D,
	0x65, 0x90, 0x6F, 0x70, 0x1F, 0xC0, 0xEA, 0x0B, 0xEF, 0xFC, 0x2C, 0x70, 0x08, 0x45, 0x0C, 0xE8,
	0xE6, 0xDF, 0x9F, 0xBF, 0x00, 0x8F, 0x4C, 0x70, 0x07, 0xE8, 0xC6, 0x08, 0xCF, 0xFF, 0x40, 0x8F,
	0x6F, 0x71, 0x03, 0xF0, 0x4C, 0x70, 0x53, 0xD8, 0xAC, 0xD9, 0x40, 0x43, 0xB6, 0x0C, 0x86, 0x17,
	0x71, 0x2E, 0x84, 0x17, 0x14, 0x50, 0x17, 0x12, 0xE0, 0xBA, 0x12, 0x1A, 0x6C, 0x00, 0x43, 0x12,
	0x9A, 0xBC, 0x53, 0xAC, 0x16, 0xE9, 0xBA, 0x76, 0x4C, 0x02, 0x08, 0x40, 0xC6, 0x20, 0xED, 0xE6,
	0xDD, 0x9F, 0xBD, 0x00, 0x8D, 0x1C, 0x13, 0xB2, 0x64, 0x00, 0x8D, 0x66, 0x31, 0xAC, 0x53, 0x12,
	0xB0, 0xBA, 0x19, 0x99, 0x64, 0x03, 0x14, 0xA1, 0xBA, 0x4E, 0x64, 0x05, 0x10, 0x06, 0xA1, 0xBA,
	0x3A, 0x94, 0x07, 0x15, 0xB9, 0xB9, 0xDD, 0x16, 0x63, 0xBA, 0x08, 0xD8, 0xCA, 0x04, 0x6F, 0x4C,
	0x25, 0xB6, 0xDF, 0x6C, 0x0B, 0xC6, 0xC0, 0x10, 0x8B, 0x13, 0xE8, 0x0D, 0x07, 0xA4, 0x0B, 0x76,
	0x7C, 0x29, 0xF0, 0x40, 0x2B, 0x0E, 0x03, 0x22, 0xB4, 0x2B, 0x21, 0x45, 0xB0, 0xF0, 0x11, 0x31,
	0x24, 0x33, 0x24, 0x8C, 0x63, 0x12, 0x90, 0xAB, 0x0D, 0x15, 0x0B, 0x30, 0x30, 0xE0, 0x91, 0x0D,
	0x0A, 0x10, 0x02, 0x48, 0x64, 0x08, 0xB8, 0xC5, 0x78, 0xE5, 0x03, 0x54, 0x03, 0xD0, 0x91, 0x05,
	0xEF, 0x76, 0x22, 0x00, 0xB1, 0x14, 0xCB, 0xE7, 0x1C, 0xC0, 0xC9, 0x21, 0x57, 0xC1, 0x08, 0xE4,
	0x64, 0x21, 0xF6, 0xD1, 0xE5, 0x90, 0x06, 0x34, 0x22, 0x0A, 0x6C, 0x44, 0x21, 0x74, 0xB4, 0x00,
	0x02, 0x10, 0x77, 0x70, 0x84, 0x0D, 0x02, 0x00, 0x1E, 0xC0, 0x2C, 0x71, 0x1E, 0x0F, 0xAF, 0xFF,
	0x4C, 0x70, 0x1D, 0xC0, 0xE4, 0x56, 0x85, 0x1B, 0x78, 0x16, 0x20, 0x83, 0x0A, 0x1E, 0xC1, 0xC1,
	0xB8, 0x24, 0xE0, 0x4C, 0x71, 0x68, 0x45, 0x41, 0xC3, 0x42, 0x12, 0x29, 0x62, 0xC3, 0xBC, 0x36,
	0x22, 0x34, 0x6C, 0x0A, 0x03, 0x90, 0x4E, 0xE1, 0x16, 0x08, 0x20, 0x00, 0xFC, 0x18, 0x44, 0x83,
	0x80, 0x4C, 0x7B, 0x26, 0xBC, 0xC0, 0x22, 0x45, 0x2F, 0x40, 0x05, 0x39, 0xD8, 0x22, 0x1C, 0x79,
	0x10, 0x07, 0xA0, 0x27, 0x6D, 0x80, 0x5C, 0x21, 0x97, 0x28, 0x5B, 0xC1, 0x5F, 0x1B, 0xE3, 0x89,
	0x07, 0x90, 0x08, 0xDE, 0x43, 0x14, 0xE0, 0x21, 0x94, 0x82, 0x06, 0x44, 0x04, 0x90, 0x54, 0x00,
	0xDE, 0x4C, 0x5D, 0xC1, 0x6C, 0x19, 0x03, 0x01, 0x03, 0x1D, 0xC4, 0xAD, 0x71, 0x74, 0x7E, 0x07,
	0xBE, 0xF0, 0x85, 0x78, 0x42, 0x22, 0x9B, 0x03, 0xA0, 0xB1, 0x14, 0x4B, 0x51, 0x65, 0xF0, 0x32,
	0x45, 0x72, 0x40, 0x11, 0xF1, 0xFB, 0x1A, 0x5C, 0x00, 0x67, 0x86, 0xBE, 0xFF, 0x54, 0x55, 0x0A,
	0x54, 0x9F, 0x74, 0x8B, 0xB8, 0x4E, 0x76, 0x78, 0xD8, 0x2A, 0x8F, 0x03, 0x02, 0x00, 0x59, 0x19,
	0xD0, 0x5C, 0x22, 0xFF, 0x7E, 0x01, 0x00, 0xA7, 0x12, 0xDB, 0x5B, 0x00, 0x27, 0xFF, 0x05, 0xDC,
	0x84, 0x4E, 0x88, 0x82, 0x02, 0x22, 0x1E, 0xC8, 0xAA, 0xFF, 0x05, 0xF9, 0x08, 0x54, 0x83, 0x0C,
	0x9F, 0x33, 0x83, 0x6A, 0x3E, 0x1C, 0xC4, 0x30, 0xC3, 0x43, 0x07, 0x00, 0x26, 0xFF, 0x26, 0x4F,
	0x72, 0x8A, 0x23, 0x86, 0x11, 0x10, 0xF7, 0x11, 0x1A, 0x06, 0x02, 0x40, 0x11, 0x08, 0xC7, 0x44,
	0x74, 0x09, 0x33, 0xCB, 0x46, 0x07, 0x00, 0x60, 0xF0, 0x0B, 0xE7, 0x57, 0xC1, 0x48, 0x5E, 0x03,
	0x51, 0xC2, 0x0E, 0x4B, 0x4E, 0xC3, 0x07, 0x09, 0xC7, 0x3F, 0x2C, 0x22, 0x84, 0x6E, 0x46, 0x0F,
	0x6C, 0x70, 0x7D, 0x7B, 0x4C, 0x4D, 0x00, 0x40, 0x4D, 0x85, 0x34, 0x4D, 0x00, 0x28, 0x29, 0x7D,
	0x10, 0x0E, 0x45, 0x08, 0x5A, 0x5D, 0x00, 0x42, 0x55, 0x0F, 0x3C, 0x4D, 0x00, 0x36, 0x4D, 0x08,
	0x30, 0x5F, 0x01, 0x4B, 0xC6, 0x24, 0x56, 0x96, 0x48, 0xC4, 0x4E, 0x85, 0x30, 0x18, 0x5C, 0x01,
	0x11, 0xE2, 0x0C, 0x32, 0x12, 0x4D, 0x01, 0x0C, 0x0E, 0x0F, 0x30, 0x64, 0x5D, 0x01, 0x62, 0x4D,
	0x83, 0x66, 0x4C, 0x8E, 0x21, 0xE5, 0x33, 0xFE, 0x6E, 0x87, 0xFF, 0xD8, 0x1C, 0xEA, 0xBC, 0x8D,
	0x70, 0x11, 0x00, 0x1B, 0x0C, 0xFE, 0x40, 0xC4, 0x82, 0xC0, 0x5E, 0x0C, 0xA0, 0x01, 0x60, 0xD9,
	0x7E, 0x08, 0xCF, 0xFC, 0x5D, 0x7F, 0x08, 0x6D, 0x3B, 0xC2, 0x21, 0x04, 0x6D, 0x14, 0xF2, 0xAC,
	0x0A, 0xD9, 0x11, 0xF0, 0xA7, 0x21, 0x8D, 0x22, 0x0A, 0x4D, 0x75, 0x4A, 0x54, 0xD0, 0x67, 0x01,
	0x59, 0xDA, 0x56, 0x13, 0xE3, 0xAC, 0x2E, 0xD9, 0x22, 0x8D, 0x03, 0x2E, 0x4D, 0x03, 0x2E, 0x8F,
	0x03, 0x12, 0xD9, 0x0E, 0x84, 0x02, 0x02, 0x12, 0xD9, 0x10, 0xDA, 0x32, 0x8E, 0x04, 0x0C, 0x70,
	0x26, 0x15, 0xA6, 0x41, 0x21, 0xAC, 0x5E, 0x12, 0x98, 0x1C, 0x23, 0x04, 0xC9, 0x07, 0xFB, 0x18,
	0x7D, 0x5F, 0x20, 0x80, 0x0D, 0x52, 0x6D, 0x5E, 0x57, 0x02, 0x0F, 0x22, 0x0D, 0x4C, 0x48, 0x07,
	0x52, 0x6D, 0xA5, 0x7A, 0x19, 0x61, 0x4F, 0x78, 0xF9, 0x61, 0x6C, 0xBA, 0x19, 0x71, 0x11, 0x3F,
	0x21, 0x63, 0xA0, 0xBF, 0xA2, 0x0E, 0x0E, 0xFB, 0x4C, 0x70, 0x0D, 0x1C, 0xDE, 0x5C, 0x4B, 0x7D,
	0x0A, 0xD6, 0x9F, 0x00, 0x2E, 0xD9, 0xCE, 0x9E, 0x00, 0xAF, 0x7D, 0x1E, 0x21, 0xC0, 0x2A, 0x12,
	0xF9, 0xEB, 0xC5, 0x24, 0x24, 0xB9, 0x00, 0x03, 0x80, 0x26, 0x85, 0x17, 0x02, 0x1E, 0x55, 0x10,
	0x2C, 0x70, 0xA1, 0x40, 0xCA, 0x0A, 0x60, 0x01, 0xF2, 0x1E, 0x55, 0x90, 0xF9, 0x22, 0xFC, 0x97,
	0x06, 0x0B, 0xAF, 0xFC, 0x11, 0xB9, 0x60, 0xD8, 0x92, 0x09, 0x76, 0x66, 0x62, 0x0C, 0x22, 0x97,
	0xA1, 0x2C, 0x71, 0x86, 0x55, 0x01, 0x68, 0x21, 0x1D, 0xCB, 0x0F, 0x11, 0x69, 0x31, 0xAF, 0x4F,
	0x1F, 0x2C, 0x71, 0x96, 0x4C, 0x06, 0x03, 0xA1, 0x40, 0x81, 0xD8, 0xF9, 0xD9, 0x22, 0xCD, 0x80,
	0x02, 0x4D, 0x00, 0xFC, 0x0D, 0x98, 0x90, 0x07, 0x84, 0x11, 0xB9, 0xFA, 0x5F, 0x00, 0x90, 0xB9,
	0x16, 0x5C, 0x08, 0x21, 0x86, 0xAB, 0x70, 0x4A, 0x9C, 0x08, 0x14, 0x89, 0x30, 0x42, 0x1E, 0x10,
	0x31, 0x56, 0x6F, 0x6F, 0x70, 0x12, 0xC9, 0x0F, 0x1D, 0x54, 0x45, 0x7E, 0x6C, 0x9A, 0xC4, 0x12,
	0x88, 0x70, 0x09, 0x5C, 0x64, 0xA0, 0x90, 0x00, 0x8C, 0x7A, 0xBB, 0x79, 0x25, 0x0D, 0x10, 0x12,
	0xD2, 0x5F, 0x25, 0x7B, 0x40, 0x7F, 0x0C, 0x20, 0xBE, 0x80, 0x80, 0x93, 0x06, 0xF2, 0x80, 0x24,
	0x10, 0x10, 0x6F, 0x71, 0x80, 0xB3, 0x14, 0x1B, 0x10, 0xCD, 0x0B, 0xA5, 0x4E, 0x6C, 0xBE, 0x0E,
	0x6D, 0x11, 0x6B, 0x21, 0x0D, 0xA7, 0x69, 0x19, 0x03, 0x0F, 0x3A, 0xC2, 0x6A, 0x19, 0x09, 0x0F,
	0x41, 0x1B, 0x4A, 0x2C, 0xF4, 0x01, 0x22, 0x3C, 0x98, 0x22, 0xC5, 0xC7, 0x1F, 0x21, 0x6C, 0x35,
	0x21, 0x4D, 0xE8, 0x0A, 0x0C, 0xC2, 0x00, 0x06, 0x77, 0x0B, 0x11, 0xB0, 0xFB, 0xDD, 0x11, 0xBD,
	0x78, 0x23, 0x00, 0x30, 0x6E, 0x0F, 0x6F, 0xFA, 0xA1, 0x41, 0x4F, 0x25, 0x01, 0x14, 0x6E, 0x0A,
	0x7C, 0x14, 0xBE, 0x12, 0x23, 0x88, 0xFC, 0x14, 0x0D, 0x08, 0x22, 0x40, 0x80, 0x12, 0xF6, 0x04,
	0x71, 0x40, 0x2A, 0x43, 0x03, 0x42, 0x78, 0x05, 0x23, 0xAF, 0x7E, 0x40, 0x91, 0x96, 0x19, 0xF1,
	0xC6, 0x96, 0x44, 0xB6, 0x00, 0x02, 0x8D, 0x20, 0x3F, 0x0E, 0x40, 0xB1, 0xAD, 0x70, 0xA0, 0xB6,
	0xA1, 0xB6, 0x3E, 0x0B, 0xEF, 0xFD, 0xFA, 0x1E, 0x44, 0x93, 0xBE, 0x75, 0x6A, 0xE1, 0x2C, 0x2D,
	0x01, 0x62, 0x0D, 0x12, 0x23, 0x0D, 0x12, 0x10, 0x6C, 0x09, 0x02, 0x2B, 0x42, 0x03, 0x62, 0x78,
	0x24, 0xCE, 0x2E, 0x6A, 0x01, 0x04, 0x11, 0x4B, 0x9B, 0x20, 0xBF, 0x0E, 0x12, 0xC8, 0x2B, 0x01,
	0x81, 0xD8, 0x3F, 0xD9, 0x77, 0x27, 0x0C, 0x74, 0xE2, 0x21, 0x74, 0xC2, 0x22, 0xC6, 0x97, 0x16,
	0x08, 0x75, 0x26, 0x1B, 0x4E, 0x86, 0xEA, 0x0A, 0x4D, 0x86, 0x72, 0x2E, 0x4E, 0x01, 0x6F, 0x71,
	0x04, 0x15, 0x0C, 0x41, 0x80, 0x0E, 0xF6, 0x1B, 0xC2, 0x01, 0x69, 0x62, 0x78, 0x74, 0x7A, 0x20,
	0x92, 0x00, 0x24, 0x0D, 0x74, 0xFF, 0x21, 0xDD, 0xEC, 0x0E, 0x1A, 0xB0, 0x57, 0x05, 0x1C, 0xC1,
	0xE4, 0xDA, 0x07, 0xC8, 0x3B, 0x79, 0x1A, 0x00, 0x12, 0x0B, 0x01, 0x2A, 0x41, 0x00, 0xC1, 0xB9,
	0x20, 0xE1, 0x25, 0x78, 0x1B, 0xC1, 0x6C, 0x70, 0x12, 0x38, 0xA0, 0x03, 0xC0, 0x36, 0x68, 0x45,
	0xD6, 0x09, 0xEC, 0x8D, 0x04, 0x4E, 0xE1, 0x20, 0xD9, 0xA0, 0xB0, 0xF6, 0x5C, 0xC4, 0x4D, 0x00,
	0x83, 0x7C, 0x18, 0x02, 0x05, 0x90, 0xB2, 0xE0, 0xFC, 0x8E, 0x1A, 0xC4, 0x76, 0xBE, 0x87, 0xC4,
	0x76, 0xBF, 0x87, 0x1B, 0x79, 0x1D, 0x21, 0x15, 0x62, 0x82, 0x21, 0x06, 0x88, 0xA0, 0xB0, 0xF4,
	0x56, 0xFD, 0x50, 0x1E, 0x8C, 0x57, 0x25, 0xFF, 0xD3, 0xFB, 0x41, 0xC5, 0x04, 0xAA, 0x22, 0x55,
	0x21, 0x06, 0x11, 0x10, 0x69, 0x5C, 0x55, 0x27, 0xF4, 0x12, 0x22, 0xAC, 0x22, 0x00, 0x18, 0x2B,
	0x88, 0x61, 0x88, 0x53, 0x88, 0x08, 0x45, 0x84, 0x21, 0xC2, 0x01, 0xA3, 0xBB, 0x46, 0x22, 0x00,
	0x03, 0x2B, 0xAD, 0x61, 0xAD, 0x7E, 0x0C, 0xAF, 0xFA, 0x13, 0xAD, 0x08, 0xE8, 0x4D, 0x8D, 0x23,
	0x8D, 0x85, 0xBA, 0x87, 0xB9, 0x4D, 0xAD, 0x23, 0xAD, 0x24, 0x2D, 0x23, 0x92, 0x11, 0x2B, 0x24,
	0x5E, 0x01, 0x55, 0x5C, 0x02, 0x02, 0xA5, 0xBA, 0x86, 0xB9, 0x55, 0x5C, 0x02, 0x00, 0x1C, 0x6D,
	0x8D, 0xD1, 0x8D, 0x52, 0x8D, 0x29, 0x15, 0x8F, 0x10, 0x9C, 0x8D, 0x40, 0xD9, 0xA4, 0xBB, 0x45,
	0x26, 0x0E, 0x1E, 0x6C, 0x22, 0x82, 0x00, 0xC4, 0xBF, 0xA5, 0xBC, 0x14, 0x1D, 0x83, 0x10, 0x30,
	0xAD, 0x6D, 0xAD, 0xD1, 0xAD, 0x52, 0xAD, 0x29, 0x1D, 0xC2, 0x13, 0x9C, 0xAD, 0x16, 0xB0, 0x19,
	0x02, 0x2C, 0x04, 0xA0, 0x88, 0x2C, 0x13, 0x0A, 0x96, 0xA4, 0x0B, 0x1A, 0x73, 0x46, 0x1E, 0x03,
	0x68, 0x23, 0xEC, 0x72, 0x22, 0x9C, 0x3B, 0x01, 0x82, 0x07, 0x5B, 0x7A, 0x24, 0xCE, 0xE4, 0x00,
	0x01, 0x00, 0x1C, 0x0C, 0x01, 0x1B, 0x12, 0x13, 0x00, 0xB2, 0x04, 0x71, 0x08, 0xE3, 0x24, 0x71,
	0xD9, 0x09, 0x64, 0x23, 0x65, 0x37, 0xC2, 0x17, 0xC2, 0x43, 0xA2, 0xC1, 0x21, 0xF5, 0x84, 0x14,
	0x1A, 0x70, 0x4C, 0x00, 0x04, 0xC0, 0x8D, 0xFE, 0x15, 0x1B, 0x91, 0x40, 0x24, 0x80, 0x31, 0x9E,
	0x08, 0xAF, 0xFD, 0x81, 0xC1, 0x04, 0x14, 0x0C, 0x31, 0xFB, 0x7F, 0x12, 0xB0, 0x97, 0x02, 0x14,
	0x00, 0x05, 0x27, 0x5F, 0x0E, 0x18, 0x80, 0x1F, 0x47, 0x3B, 0x03, 0xC8, 0xBC, 0x21, 0x5C, 0xC1,
	0x11, 0xF9, 0x41, 0x06, 0x22, 0xF7, 0xEC, 0xE1, 0x05, 0x2B, 0x19, 0x70, 0x51, 0x56, 0x03, 0xC8,
	0xB8, 0x22, 0xB4, 0x92, 0x5D, 0x02, 0x30, 0x00, 0x83, 0x07, 0x6A, 0xB9, 0x05, 0x27, 0x4D, 0x10,
	0x5B, 0x79, 0x14, 0x72, 0x23, 0x94, 0x51, 0x00, 0x03, 0xDB, 0x05, 0x2C, 0x0C, 0x10, 0x8C, 0x22,
	0xC5, 0x82, 0x8A, 0x23, 0x01, 0x30, 0xCA, 0x23, 0x2D, 0x0C, 0x8C, 0x22, 0xC8, 0x84, 0x4D, 0x01,
	0x14, 0x0E, 0x02, 0xCD, 0x06, 0x0E, 0x02, 0xCC, 0x87, 0x1A, 0x52, 0x16, 0x60, 0xDE, 0x55, 0x01,
	0x02, 0x06, 0x03, 0xDC, 0x81, 0x0D, 0xCB, 0xCA, 0x00, 0x47, 0x00, 0x02, 0x03, 0x97, 0xDE, 0x04,
	0x72, 0x8B, 0xBE, 0x0C, 0x7C, 0x8A, 0x26, 0xC5, 0x32, 0xD1, 0x72, 0x70, 0xD9, 0x3C, 0x26, 0x9F,
	0x4E, 0x07, 0x4D, 0x00, 0x6C, 0x07, 0x01, 0xCA, 0x27, 0xAD, 0x30, 0x7C, 0x06, 0x00, 0x07, 0xCA,
	0x27, 0xED, 0x30, 0x3C, 0x26, 0x01, 0x33, 0x8C, 0x24, 0xC8, 0x94, 0xCA, 0x21, 0xAD, 0x00, 0x8C,
	0x24, 0xCC, 0x97, 0x0C, 0x72, 0xCA, 0x21, 0xED, 0x44, 0x01, 0x01, 0xC5, 0x92, 0xCA, 0x20, 0x7C,
	0x00, 0x47, 0x03, 0x20, 0x2D, 0x01, 0x67, 0x03, 0xCA, 0x20, 0x6D, 0x5C, 0x00, 0x0D, 0xDC, 0x91,
	0xCA, 0x20, 0xAD, 0x01, 0xD1, 0x74, 0x05, 0x27, 0xDF, 0x30, 0x40, 0x29, 0x03, 0x02, 0x55, 0x04,
	0x01, 0x1A, 0x38, 0x01, 0x07, 0x40, 0x28, 0x0C, 0x03, 0x85, 0x7B, 0x60, 0xB5, 0x54, 0x68, 0x1B,
	0xF1, 0xCB, 0xB0, 0x24, 0x56, 0xF4, 0xAA, 0x01, 0x22, 0x77, 0x49, 0x0E, 0x03, 0xE5, 0x11, 0xD3,
	0xC9, 0x03, 0xC8, 0x0D, 0x21, 0x56, 0xB0, 0x9C, 0xDA, 0x24, 0x86, 0xF7, 0xB2, 0x01, 0x7C, 0x77,
	0x7C, 0x5E, 0x0E, 0x40, 0xB3, 0x83, 0x40, 0x62, 0x90, 0x43, 0x90, 0xC3, 0x41, 0x4D, 0x00, 0x02,
	0x00, 0xEA, 0x0E, 0x6F, 0x54, 0x70, 0x27, 0x3F, 0xDC, 0xC0, 0x07, 0xC8, 0x12, 0x58, 0x9D, 0x26,
	0x1C, 0x96, 0x11, 0xAD, 0x67, 0x91, 0x24, 0xE4, 0xC5, 0x01, 0x15, 0x1A, 0x1C, 0x30, 0x24, 0x96,
	0xE9, 0x9F, 0xFF, 0x21, 0x85, 0xE9, 0x8A, 0x21, 0x27, 0x3D, 0x8B, 0x00, 0x8B, 0x22, 0x6F, 0x3C,
	0x40, 0x28, 0x41, 0x0D, 0x70, 0x21, 0x24, 0x3C, 0x3C, 0x02, 0x20, 0x91, 0x14, 0x26, 0x0D, 0x54,
	0x46, 0x08, 0x30, 0x04, 0x91, 0x70, 0x04, 0x71, 0x20, 0xB5, 0xB2, 0xF7, 0x1B, 0x44, 0x05, 0x07,
	0x43, 0x8B, 0x02, 0x13, 0x80, 0x00, 0x23, 0x0A, 0x04, 0x00, 0x2E, 0xAD, 0x00, 0x03, 0x8D, 0x05,
	0x50, 0x6D, 0x05, 0xB3, 0x24, 0x1C, 0x3D, 0x06, 0x07, 0x12, 0x1E, 0x36, 0x6D, 0x70, 0x40, 0x2B,
	0x02, 0x12, 0x7B, 0xD1, 0x07, 0xC3, 0x41, 0x12, 0xC8, 0x69, 0x0B, 0x5B, 0x7C, 0x40, 0x21, 0x9F,
	0x00, 0xCC, 0x69, 0x0A, 0x69, 0x85, 0x79, 0x60, 0x91, 0x22, 0x35, 0x54, 0x3C, 0x09, 0x2B, 0x25,
	0x11, 0xF8, 0x44, 0x00, 0x1F, 0x24, 0xC1, 0x17, 0x64, 0xB7, 0x05, 0x24, 0x82, 0x13, 0x20, 0x91,
	0x20, 0x92, 0x85, 0x78, 0x7A, 0xBE, 0x2A, 0xB7, 0x00, 0x90, 0x05, 0x24, 0x81, 0x13, 0x61, 0x75,
	0x0C, 0xB7, 0x20, 0x91, 0x02, 0x6E, 0x85, 0x78, 0x2E, 0xAD, 0x20, 0x90, 0x42, 0x26, 0x80, 0x12,
	0x05, 0x7C, 0x30, 0xAD, 0x00, 0x94, 0x22, 0xD4, 0x36, 0x01, 0x0C, 0xAD, 0xD2, 0xF5, 0x6D, 0x61,
	0xE4, 0x22, 0x5D, 0x37, 0x26, 0x32, 0x5C, 0x37, 0x07, 0x1A, 0x62, 0x5C, 0x64, 0x1A, 0x23, 0x82,
	0x03, 0x2C, 0x64, 0x22, 0x6C, 0x37, 0x24, 0x14, 0x5F, 0x01, 0xC4, 0x0B, 0x80, 0xB2, 0x26, 0x5C,
	0x37, 0x22, 0x9C, 0x41, 0x05, 0x21, 0xEA, 0x42, 0x21, 0x3C, 0x80, 0x3C, 0xF2, 0x12, 0x88, 0x7B,
	0x19, 0x31, 0x99, 0x04, 0x12, 0x9B, 0x6E, 0x01, 0x10, 0x8C, 0x4C, 0x00, 0x0C, 0x83, 0x04, 0x08,
	0xB9, 0x25, 0x7A, 0x40, 0x2B, 0x01, 0x02, 0x85, 0x79, 0x10, 0xB9, 0x45, 0x25, 0xE4, 0xF1, 0x05,
	0x20, 0x91, 0x01, 0x18, 0x52, 0x00, 0x28, 0xB9, 0x75, 0x00, 0x45, 0x1A, 0x94, 0x41, 0x54, 0x07,
	0x19, 0x89, 0x34, 0x07, 0xAC, 0x06, 0x6D, 0x07, 0x8D, 0xED, 0x07, 0x7C, 0x6C, 0x07, 0x6C, 0x01,
	0x7D, 0x0A, 0xA5, 0x4C, 0x08, 0x05, 0x85, 0x79, 0x08, 0xBA, 0x3B, 0x79, 0x65, 0x7A, 0x65, 0x27,
	0x01, 0x12, 0x01, 0xEE, 0xB1, 0x7F, 0x61, 0x3B, 0x79, 0x15, 0x25, 0x3D, 0xEA, 0x3C, 0x19, 0xD8,
	0x83, 0x11, 0x92, 0x87, 0xD9, 0x55, 0x21, 0xE0, 0x8B, 0x0C, 0xC1, 0xE0, 0x10, 0x49, 0xCA, 0x22,
	0x05, 0x00, 0xE0, 0x7F, 0x4F, 0x78, 0xE0, 0x78, 0x14, 0x5F, 0xC0, 0xE0, 0x7C, 0x34, 0x11, 0xE8,
	0xB8, 0x1E, 0x70, 0x35, 0x12, 0xFA, 0xB7, 0x40, 0x03, 0x10, 0x01, 0xCA, 0x70, 0x18, 0x00, 0x1B,
	0x58, 0x70, 0x08, 0x80, 0x9B, 0x0B, 0xE0, 0x7F, 0x20, 0xA8, 0xE4, 0xC2, 0xEF, 0x70, 0x24, 0x14,
	0x48, 0x5D, 0x8E, 0x77, 0x4C, 0xAA, 0x0C, 0xFF, 0xC1, 0x89, 0x80, 0x89, 0x0F, 0x7D, 0x27, 0xF0,
	0x40, 0x2C, 0x4B, 0x13, 0x0F, 0xF4, 0x24, 0x8C, 0x44, 0x02, 0x6A, 0x1F, 0x3D, 0x08, 0x3F, 0x13,
	0xF8, 0x84, 0xD7, 0x04, 0xF1, 0x16, 0xF0, 0x21, 0x14, 0x36, 0x21, 0x6D, 0xEF, 0x0D, 0x11, 0x7B,
	0x24, 0x05, 0x23, 0xDE, 0x19, 0xAA, 0x5F, 0x9E, 0x3F, 0x6C, 0xAD, 0x21, 0x15, 0x9C, 0x30, 0x21,
	0xF4, 0x2A, 0x19, 0x98, 0x55, 0x0D, 0x06, 0xEA, 0xE7, 0x09, 0x74, 0x82, 0x2F, 0x22, 0x82, 0x80,
	0x85, 0x71, 0xB7, 0x0E, 0x25, 0x93, 0x1A, 0x48, 0x84, 0x12, 0xD0, 0x37, 0x26, 0x77, 0xB9, 0x79,
	0x09, 0x50, 0x23, 0xAD, 0x9E, 0x6B, 0x13, 0xD3, 0xCA, 0x3C, 0x04, 0x21, 0x21, 0xEE, 0x41, 0x20,
	0x89, 0x1E, 0xB0, 0x5C, 0x09, 0x35, 0x7B, 0x20, 0x93, 0x60, 0x40, 0x09, 0xEA, 0x01, 0x90, 0x08,
	0x21, 0x12, 0x30, 0x2C, 0x03, 0xA0, 0xB8, 0x35, 0x78, 0x69, 0x60, 0x12, 0xF0, 0x01, 0x02, 0x2F,
	0x7C, 0x4C, 0x70, 0x7B, 0x25, 0xAD, 0x47, 0x1A, 0x09, 0x0A, 0xB1, 0x06, 0xBD, 0x21, 0x68, 0x19,
	0x69, 0x2B, 0x00, 0x14, 0x50, 0x1E, 0x1A, 0x88, 0x5C, 0x05, 0x9F, 0xB8, 0x8D, 0x21, 0x7F, 0x0E,
	0x80, 0xB0, 0x26, 0xE7, 0x26, 0xA6, 0x0B, 0xAF, 0x29, 0xE4, 0x26, 0x29, 0xFD, 0x4B, 0xDF, 0x07,
	0x45, 0x9F, 0xBF, 0x03, 0x5C, 0x4F, 0x02, 0xC0, 0x8F, 0x1B, 0x7A, 0xAD, 0x06, 0x20, 0x2F, 0x21,
	0x07, 0xA0, 0x05, 0x22, 0x8B, 0x87, 0x0B, 0x78, 0x26, 0x1F, 0x06, 0xBA, 0xC1, 0x25, 0x21, 0x54,
	0xD4, 0xBD, 0x13, 0x3D, 0x21, 0x7C, 0x6A, 0x00, 0x26, 0x24, 0x7A, 0x06, 0x21, 0xDB, 0x07, 0x13,
	0x0B, 0x3F, 0x30, 0xF4, 0x23, 0x81, 0x00, 0xE5, 0x17, 0x82, 0x90, 0x0D, 0x0A, 0xD0, 0x00, 0x07,
	0xF0, 0x0F, 0x0E, 0xF1, 0x10, 0x54, 0x7B, 0x42, 0x93, 0x08, 0x21, 0x81, 0x00, 0x05, 0x25, 0x02,
	0x10, 0x5B, 0x7A, 0x91, 0xBA, 0x9C, 0xBA, 0x9F, 0xBA, 0x96, 0x25, 0x08, 0x10, 0x85, 0x71, 0x20,
	0xB2, 0x22, 0xDD, 0x85, 0xBB, 0x0E, 0x40, 0xB3, 0x79, 0x19, 0x40, 0x64, 0x2A, 0x9C, 0x51, 0x07,
	0xA3, 0xC1, 0x08, 0x45, 0x0E, 0xD8, 0x42, 0x0C, 0x6F, 0xFE, 0x1A, 0xB0, 0x8A, 0x11, 0x6B, 0x15,
	0x09, 0xAF, 0xFA, 0x23, 0xA4, 0xA1, 0x19, 0xE1, 0xAB, 0xA1, 0x23, 0xB4, 0xDA, 0x00, 0x08, 0x41,
	0xC7, 0xD6, 0x09, 0xEF, 0xFA, 0x00, 0x1C, 0x81, 0x37, 0xD5, 0x75, 0xCA, 0x26, 0x6E, 0x11, 0xDD,
	0x78, 0x0F, 0x79, 0x0C, 0x70, 0x16, 0x0D, 0xEF, 0xFA, 0x22, 0x1D, 0xA2, 0x5A, 0x4C, 0x03, 0x14,
	0xA8, 0xA8, 0x22, 0x1E, 0xB3, 0x28, 0x45, 0x6E, 0x08, 0xEA, 0x08, 0xEF, 0x08, 0x40, 0xDA, 0xC1,
	0xAE, 0x08, 0xC5, 0x92, 0x8E, 0x08, 0x01, 0x36, 0x23, 0x6C, 0xA1, 0x85, 0x06, 0xC4, 0x7D, 0x61,
	0xC2, 0x22, 0x04, 0xAF, 0x01, 0x1B, 0x15, 0x80, 0x14, 0x14, 0xC3, 0xAC, 0x00, 0xB1, 0xC6, 0x0E,
	0x02, 0x94, 0xB2, 0x04, 0x23, 0x0E, 0xFF, 0x01, 0xB1, 0x8A, 0x0F, 0x4F, 0xFD, 0x92, 0x0F, 0x6F,
	0xFD, 0x08, 0x46, 0x00, 0x41, 0xC6, 0x0D, 0x22, 0x3E, 0x31, 0x00, 0x95, 0x04, 0x15, 0x07, 0xFF,
	0xDA, 0x13, 0x08, 0x84, 0x0F, 0x00, 0x00, 0x81, 0x0C, 0x75, 0x8E, 0x28, 0x19, 0x89, 0x78, 0x41,
	0x11, 0x93, 0x80, 0x19, 0x08, 0x14, 0x19, 0xF0, 0x11, 0x00, 0x06, 0xC3, 0x43, 0x12, 0x90, 0x10,
	0x10, 0x08, 0xB9, 0x08, 0xBA, 0x81, 0x69, 0x40, 0x23, 0x8D, 0x05, 0x0D, 0xF0, 0x23, 0x08, 0xB4,
	0x00, 0x08, 0xB9, 0xA6, 0x03, 0x06, 0x10, 0xBC, 0x02, 0x0C, 0x0D, 0x03, 0x1B, 0x78, 0x44, 0x71,
	0x05, 0x7B, 0xA5, 0x78, 0x80, 0xB3, 0x40, 0xB0, 0xC4, 0x1F, 0xC0, 0xCC, 0x12, 0x20, 0xBA, 0x12,
	0x4B, 0x4D, 0x68, 0x47, 0x2A, 0x5D, 0x17, 0x48, 0x1B, 0xB0, 0xC0, 0x08, 0xBC, 0x09, 0x60, 0x88,
	0x09, 0xC0, 0x2C, 0x76, 0xC5, 0xBB, 0x43, 0x04, 0xC3, 0x22, 0x36, 0x5E, 0x22, 0xDA, 0x55, 0x18,
	0x35, 0x11, 0x3B, 0x63, 0x08, 0xEF, 0xFA, 0x21, 0x8D, 0x79, 0xC3, 0x76, 0x02, 0x21, 0xD8, 0x16,
	0xEB, 0x4D, 0x41, 0xC3, 0xAA, 0x5E, 0x02, 0xA1, 0x43, 0xBD, 0x02, 0x22, 0x29, 0x5D, 0x00, 0x92,
	0x5E, 0x02, 0x63, 0x43, 0xAC, 0x08, 0x84, 0x02, 0x47, 0x03, 0xC1, 0x43, 0x7A, 0x54, 0x02, 0x51,
	0xF7, 0x37, 0xBE, 0x02, 0x20, 0xDB, 0x04, 0x06, 0x7C, 0x02, 0x11, 0x0A, 0x4F, 0xC3, 0x62, 0x45,
	0x03, 0xE1, 0x5F, 0x05, 0xFA, 0x0F, 0xAF, 0x54, 0x25, 0x26, 0xBD, 0xF2, 0xF1, 0x54, 0x03, 0x11,
	0x01, 0xC4, 0x0B, 0x4E, 0x2F, 0x71, 0x10, 0x21, 0xD5, 0x2A, 0x8E, 0x84, 0x01, 0x21, 0x3E, 0xC2,
	0xD9, 0x86, 0x84, 0x01, 0x22, 0x44, 0x93, 0x47, 0x0E, 0x75, 0x75, 0x03, 0x74, 0x01, 0x22, 0xDE,
	0x93, 0xD2, 0x0C, 0x04, 0x02, 0x11, 0xE9, 0x84, 0x0B, 0x14, 0x48, 0xA9, 0x76, 0x01, 0x00, 0x90,
	0x26, 0x55, 0xAF, 0x62, 0x21, 0x15, 0xCC, 0xCA, 0x7D, 0x0B, 0x70, 0x14, 0xA0, 0x83, 0x21, 0x4D,
	0xA8, 0xFE, 0x14, 0xDA, 0xC3, 0x0A, 0x21, 0x7D, 0x74, 0x62, 0x1B, 0x9A, 0xBA, 0xE0, 0x11, 0x03,
	0x5B, 0x7E, 0xE8, 0xDE, 0x04, 0x02, 0x15, 0x72, 0x82, 0x41, 0x01, 0x11, 0xC8, 0xE4, 0x1F, 0x82,
	0xC3, 0xA5, 0xC1, 0x22, 0x94, 0x53, 0x11, 0x63, 0x85, 0x8A, 0x18, 0x43, 0x22, 0xFC, 0x2A, 0x12,
	0xE0, 0x81, 0x64, 0x02, 0x0C, 0xA8, 0x09, 0x28, 0x45, 0xFF, 0xD9, 0x1F, 0x67, 0x5F, 0x67, 0xD0,
	0x8F, 0xDA, 0x0E, 0x6F, 0x4C, 0x25, 0x09, 0xB0, 0xD8, 0x45, 0x26, 0x43, 0x11, 0xB5, 0x70, 0xC4,
	0x78, 0x1C, 0x73, 0x1C, 0xF0, 0xCB, 0x00, 0x06, 0x32, 0x68, 0x4F, 0x23, 0x80, 0x01, 0x44, 0xC0,
	0x0F, 0x21, 0xC0, 0x06, 0x43, 0xC0, 0x36, 0xED, 0x0C, 0x70, 0x14, 0x17, 0x9B, 0x10, 0xA1, 0x8F,
	0x6C, 0x21, 0x05, 0x85, 0x23, 0x01, 0x01, 0x2C, 0x76, 0x0F, 0x7E, 0x77, 0x21, 0x41, 0xC6, 0x52,
	0x54, 0x14, 0x5C, 0x2E, 0x06, 0x34, 0xE3, 0xBD, 0xAD, 0x70, 0x0D, 0xF2, 0x61, 0x8F, 0xB4, 0x2A,
	0x84, 0x4B, 0x11, 0x01, 0x70, 0x36, 0x94, 0x03, 0x0A, 0x41, 0x30, 0x53, 0x23, 0xDB, 0x30, 0x15,
	0x0B, 0xB1, 0x30, 0x0C, 0x70, 0x90, 0x4D, 0x09, 0x62, 0x54, 0x0E, 0x57, 0x50, 0xF0, 0x74, 0x8F,
	0x28, 0xAD, 0x00, 0x0A, 0xBD, 0x08, 0x35, 0xBE, 0x2D, 0x04, 0xC3, 0x45, 0x0C, 0x78, 0x22, 0x64,
	0xBD, 0x01, 0x22, 0xDA, 0xF2, 0x0E, 0xA4, 0x0C, 0x11, 0x71, 0x55, 0x0E, 0x64, 0x2E, 0x24, 0xC6,
	0xF8, 0x56, 0x08, 0x6C, 0x1D, 0x18, 0x01, 0x30, 0xCA, 0x05, 0xE4, 0xC0, 0x07, 0x50, 0x54, 0x88,
	0x01, 0x88, 0x12, 0x82, 0x11, 0x16, 0xE0, 0x21, 0xBD, 0x25, 0x22, 0x04, 0x93, 0x08, 0x6D, 0x20,
	0xCE, 0x00, 0xC1, 0xBA, 0x42, 0x24, 0x03, 0x13, 0x05, 0x96, 0x26, 0x2A, 0x00, 0x19, 0xD8, 0x32,
	0x0C, 0x22, 0x02, 0x00, 0x25, 0x7C, 0x65, 0x79, 0xA0, 0xB0, 0x5B, 0x78, 0x00, 0xB4, 0x40, 0xB1,
	0x13, 0x42, 0xDE, 0xC0, 0x00, 0x06, 0x48, 0x21, 0x80, 0x15, 0x29, 0xDF, 0xE2, 0x11, 0x28, 0xDF,
	0x00, 0x0E, 0x1A, 0x61, 0x2E, 0x60, 0xA1, 0x8A, 0xF9, 0x60, 0x04, 0x26, 0xC0, 0x10, 0x09, 0xF0,
	0x41, 0x89, 0x0B, 0x0B, 0x8E, 0x00, 0x40, 0x89, 0x45, 0x78, 0x24, 0x72, 0x85, 0x71, 0xF5, 0x0C,
	0x44, 0x93, 0x1E, 0x61, 0x7A, 0xFB, 0x21, 0x29, 0x3E, 0xBF, 0x11, 0xDA, 0xEA, 0x12, 0x08, 0x05,
	0xC4, 0x2F, 0x4F, 0x25, 0xE4, 0xDE, 0x39, 0x5C, 0x22, 0x16, 0x38, 0x39, 0x00, 0x10, 0xC1, 0xBE,
	0x4A, 0xC0, 0x49, 0xC0, 0x89, 0xC1, 0x4C, 0x71, 0xAE, 0x08, 0x6F, 0xFD, 0xC1, 0x40, 0x58, 0x4E,
	0x46, 0xC0, 0x5A, 0x4E, 0x45, 0xC0, 0x5F, 0x25, 0x40, 0x12, 0x0A, 0x0E, 0x2F, 0xFF, 0x43, 0xC0,
	0x28, 0x8C, 0x53, 0x05, 0x3F, 0xF0, 0x89, 0xC0, 0xF4, 0x20, 0x4F, 0x03, 0x22, 0xD5, 0x2C, 0x93,
	0x21, 0xE1, 0xAB, 0x5E, 0x22, 0x14, 0x6C, 0x03, 0x42, 0x0C, 0xBD, 0x44, 0xC5, 0x04, 0x1B, 0x02,
	0xDB, 0x09, 0xDD, 0x10, 0x05, 0x70, 0x31, 0x1A, 0x78, 0x5B, 0x04, 0x20, 0xE7, 0x48, 0xC0, 0xEE,
	0x78, 0x47, 0x5D, 0x25, 0x08, 0x21, 0x5D, 0x7A, 0x94, 0x11, 0xA0, 0xBD, 0x0C, 0x0F, 0x7A, 0x8B,
	0xC0, 0x54, 0x78, 0xE0, 0xB0, 0x40, 0xC2, 0x07, 0xC0, 0x41, 0xC0, 0x1A, 0x4C, 0x08, 0x22, 0x54,
	0xCA, 0x04, 0x04, 0x71, 0x8D, 0x25, 0x3F, 0x1C, 0x43, 0x12, 0xA8, 0x41, 0x45, 0x09, 0x25, 0x19,
	0xF2, 0xDD, 0x02, 0xC1, 0xA6, 0x09, 0x24, 0x71, 0x21, 0x2F, 0xAE, 0xC1, 0xE0, 0xB0, 0x16, 0xC8,
	0x35, 0x21, 0xC6, 0x75, 0x7D, 0x7B, 0x11, 0xC9, 0x35, 0x8B, 0x5F, 0x04, 0x26, 0xE6, 0xC5, 0x19,
	0xB3, 0xD5, 0x6C, 0x70, 0x04, 0x5D, 0x33, 0x32, 0x12, 0x20, 0x63, 0x5C, 0x00, 0x03, 0x67, 0x71,
	0x17, 0x0B, 0x94, 0xB0, 0x12, 0x79, 0xC2, 0x13, 0x21, 0x75, 0x74, 0xBA, 0x21, 0xAE, 0xC3, 0x0A,
	0xD8, 0x22, 0xFF, 0xAA, 0x4D, 0x4D, 0x16, 0x21, 0xD4, 0x25, 0x4C, 0xA8, 0x04, 0x14, 0x08, 0xD8,
	0x26, 0x08, 0x20, 0x00, 0x22, 0x67, 0xAF, 0x0C, 0x70, 0x02, 0x21, 0xBD, 0x73, 0x22, 0x11, 0x3B,
	0x48, 0x0C, 0x74, 0x10, 0x22, 0x9E, 0xAD, 0xB5, 0xBF, 0x2D, 0x8C, 0x7E, 0x00, 0x04, 0x02, 0x30,
	0x08, 0x47, 0x65, 0xB8, 0x8D, 0x72, 0x4F, 0x27, 0x81, 0x10, 0x0F, 0x78, 0x79, 0x21, 0x02, 0x01,
	0x3C, 0x24, 0x01, 0x10, 0x22, 0x5D, 0xA5, 0xDC, 0x11, 0x38, 0x83, 0x16, 0x10, 0x7E, 0x0A, 0xBB,
	0x88, 0x79, 0x27, 0xC3, 0x10, 0x4A, 0x23, 0xC0, 0x33, 0x1B, 0x0C, 0xBE, 0x55, 0xAC, 0xFE, 0x22,
	0xFE, 0x9F, 0x27, 0x1E, 0x07, 0x0C, 0x0E, 0x31, 0x31, 0x21, 0xEC, 0x7B, 0x21, 0x7E, 0x5C, 0x6F,
	0x75, 0xBC, 0x28, 0x00, 0x0F, 0x09, 0x00, 0x64, 0x7A, 0x79, 0x27, 0x01, 0x14, 0x53, 0x20, 0x83,
	0x80, 0x12, 0xF2, 0x25, 0x0F, 0xD5, 0x14, 0xC3, 0x40, 0x06, 0x00, 0xF0, 0x01, 0x19, 0x08, 0xEE,
	0x03, 0x48, 0x23, 0x7C, 0x00, 0x4A, 0x13, 0xC0, 0xAD, 0x24, 0xFD, 0xAD, 0x42, 0x19, 0xE1, 0x4F,
	0x50, 0x21, 0x5E, 0x43, 0x44, 0x79, 0x11, 0x48, 0x4A, 0x0E, 0x6F, 0x45, 0xC1, 0x49, 0xC0, 0x4F,
	0x27, 0x41, 0x10, 0x42, 0x27, 0x40, 0x14, 0x05, 0x23, 0x4B, 0x13, 0x12, 0x39, 0x07, 0x79, 0x05,
	0x84, 0x01, 0x24, 0x44, 0xD7, 0x19, 0x01, 0x23, 0x32, 0x05, 0x5A, 0x06, 0x22, 0x8F, 0x77, 0x83,
	0xF5, 0xF2, 0x44, 0x5C, 0x19, 0x00, 0x87, 0x0F, 0x44, 0xC1, 0xA1, 0xAE, 0xD4, 0xF0, 0xE7, 0x0F,
	0xF5, 0x14, 0xA1, 0xAE, 0xC3, 0x40, 0x07, 0x00, 0xF8, 0x01, 0x22, 0x64, 0x44, 0x1A, 0xE8, 0x7D,
	0x06, 0x15, 0xF2, 0x3E, 0x09, 0x4F, 0xFA, 0x42, 0xC0, 0x72, 0x23, 0xEE, 0x78, 0xF0, 0x10, 0x0E,
	0x22, 0x02, 0xC0, 0x0D, 0x51, 0x41, 0x0F, 0x63, 0x29, 0x40, 0x01, 0x1A, 0x51, 0xB5, 0x06, 0x21,
	0x19, 0x25, 0x25, 0x11, 0x41, 0x64, 0xAF, 0x1A, 0x81, 0x4E, 0xC0, 0x22, 0x07, 0x6E, 0x0F, 0x7A,
	0xF2, 0x21, 0xAD, 0x4B, 0x00, 0x21, 0x37, 0x81, 0xAA, 0xF2, 0x09, 0x21, 0x1C, 0xFF, 0x0F, 0x75,
	0x01, 0xB5, 0x71, 0xA4, 0xF2, 0x00, 0x8E, 0x14, 0x71, 0xA2, 0xF2, 0xB6, 0x0D, 0x0F, 0xFD, 0x8C,
	0xC0, 0x44, 0x0E, 0x00, 0x02, 0x08, 0x2F, 0xFA, 0x50, 0xDA, 0x93, 0xE7, 0x30, 0x01, 0x0D, 0x00,
	0x25, 0x20, 0xC0, 0x03, 0x38, 0xF0, 0x3F, 0xF0, 0x92, 0x45, 0x00, 0x10, 0x45, 0x00, 0x0E, 0x44,
	0x00, 0x02, 0x3C, 0xF0, 0x8C, 0xF0, 0x8A, 0x45, 0x00, 0x88, 0x44, 0x00, 0x0B, 0x86, 0xF0, 0x65,
	0xF0, 0x69, 0xF0, 0x73, 0xF0, 0x76, 0xF0, 0x7E, 0xF0, 0x01, 0xC0, 0x22, 0x74, 0x50, 0x22, 0xBC,
	0xAB, 0x19, 0x79, 0x36, 0x00, 0x07, 0x85, 0x29, 0x08, 0xB1, 0x12, 0x18, 0x59, 0x15, 0x4B, 0x42,
	0x07, 0xD9, 0x8C, 0x25, 0xDD, 0xC7, 0xE5, 0x10, 0x02, 0x78, 0x42, 0x0B, 0x82, 0xE8, 0x2C, 0x74,
	0x08, 0xC3, 0x3A, 0x0A, 0x6F, 0xFE, 0x63, 0x40, 0x60, 0xF0, 0x6E, 0x1A, 0xAB, 0xF1, 0x05, 0x27,
	0x2E, 0x11, 0xA2, 0x34, 0x8C, 0xC1, 0x07, 0x25, 0x2C, 0x71, 0x42, 0x11, 0x08, 0x09, 0x05, 0x8A,
	0x0A, 0x60, 0x01, 0x8C, 0xC1, 0x52, 0xF0, 0x77, 0x1C, 0xF0, 0x10, 0x81, 0x21, 0x08, 0x46, 0x00,
	0x13, 0x9F, 0x00, 0x24, 0x10, 0x9E, 0x00, 0x60, 0x88, 0x41, 0x29, 0xCC, 0x01, 0x6D, 0x21, 0x81,
	0x01, 0x6D, 0x27, 0x40, 0x31, 0x25, 0xBB, 0x6D, 0x26, 0x82, 0x31, 0x40, 0xC0, 0x6D, 0x27, 0x00,
	0x31, 0xEF, 0x71, 0x85, 0x79, 0x06, 0x0C, 0xAD, 0x11, 0x72, 0xA0, 0x27, 0x5F, 0x11, 0xA0, 0xA3,
	0x21, 0x37, 0x41, 0x1F, 0x6C, 0x72, 0x21, 0x77, 0x5E, 0x07, 0x25, 0x78, 0x12, 0x78, 0x4C, 0x44,
	0x14, 0x05, 0x23, 0x01, 0x10, 0x44, 0x26, 0x00, 0x34, 0x55, 0x4D, 0xF6, 0xC2, 0x11, 0x89, 0xE4,
	0xBF, 0x57, 0x0E, 0x8A, 0xC1, 0x72, 0x21, 0xE7, 0x82, 0x4C, 0x71, 0x1C, 0x4C, 0x0E, 0x01, 0x01,
	0xC2, 0xA6, 0x0A, 0xCC, 0x10, 0x0D, 0x70, 0xBA, 0x08, 0x0F, 0xFB, 0x12, 0xF0, 0x01, 0xC2, 0x2F,
	0x21, 0xC8, 0x06, 0x11, 0xDB, 0x06, 0xC7, 0x01, 0x12, 0xDB, 0xDE, 0x23, 0xF4, 0x7C, 0x03, 0x06,
	0xF0, 0x20, 0x8E, 0xE2, 0x0B, 0x5B, 0x3C, 0xC0, 0x00, 0x8E, 0x21, 0x5D, 0x87, 0x79, 0x19, 0x00,
	0x15, 0x11, 0xE1, 0xF2, 0x00, 0x1B, 0x48, 0xB4, 0x04, 0x95, 0x00, 0x14, 0xCC, 0x04, 0x71, 0x14,
	0x04, 0xB0, 0x00, 0x10, 0x0C, 0x73, 0xF6, 0x0D, 0x6F, 0xFC, 0x00, 0x1E, 0x03, 0x10, 0x05, 0xCA,
	0x89, 0xE8, 0xBB, 0x79, 0xE4, 0xDA, 0x05, 0xC0, 0x39, 0x7A, 0xC1, 0xBA, 0x06, 0x0C, 0x6F, 0xFC,
	0xAF, 0x7B, 0xA5, 0x71, 0xB5, 0x72, 0x22, 0x0C, 0xE4, 0xBC, 0x51, 0x07, 0x80, 0x80, 0xE6, 0xB8,
	0x74, 0x0D, 0xE2, 0xFA, 0xE1, 0x40, 0x12, 0x22, 0xF8, 0xB5, 0x00, 0x28, 0x54, 0x00, 0x04, 0x6C,
	0x0E, 0xC2, 0xFA, 0x19, 0x0F, 0xD1, 0x4C, 0x08, 0xE4, 0x28, 0x22, 0x6F, 0xAF, 0x30, 0x0D, 0x42,
	0x64, 0x0B, 0x54, 0x01, 0x22, 0x02, 0xF0, 0x02, 0x30, 0x2E, 0x7C, 0x58, 0x04, 0x04, 0x3D, 0x49,
	0xC2, 0x46, 0xC1, 0x42, 0x0C, 0xDB, 0x12, 0xF1, 0x03, 0xAD, 0x19, 0x32, 0x0B, 0xC1, 0xB8, 0x1A,
	0xA0, 0x71, 0x26, 0x37, 0xED, 0x14, 0x70, 0x08, 0x25, 0x0D, 0xBB, 0x1B, 0x21, 0x7F, 0xDF, 0xE1,
	0xB8, 0x18, 0x21, 0xD5, 0xA0, 0x8D, 0x5C, 0x40, 0x01, 0x3A, 0x0E, 0xEF, 0xF9, 0x22, 0xAD, 0x52,
	0x03, 0x1F, 0x6B, 0x71, 0xC3, 0x41, 0x12, 0x21, 0xDD, 0x63, 0x79, 0x21, 0xDC, 0xB1, 0x06, 0x08,
	0xE7, 0x42, 0x20, 0x43, 0x80, 0x0C, 0x75, 0x22, 0x22, 0x3D, 0x72, 0xC7, 0x24, 0xF4, 0x75, 0x12,
	0x32, 0xC8, 0x1B, 0x36, 0x6C, 0x56, 0x09, 0x4C, 0xC5, 0xEA, 0x08, 0x6F, 0xFA, 0x4B, 0xC5, 0x41,
	0xD8, 0x13, 0xB8, 0x1F, 0x98, 0x12, 0x56, 0xFF, 0xAF, 0xFA, 0x22, 0xA7, 0xE1, 0x2C, 0x74, 0xDE,
	0x21, 0xD4, 0x37, 0x04, 0x4C, 0x71, 0x03, 0xC1, 0x8B, 0xC0, 0x6E, 0x66, 0x01, 0x73, 0x44, 0x66,
	0xE4, 0x74, 0xC6, 0x96, 0x02, 0x6C, 0x70, 0x16, 0x60, 0x07, 0x6D, 0x06, 0x5E, 0x8C, 0x06, 0x14,
	0x58, 0x3F, 0xFD, 0x08, 0x4A, 0xBD, 0x08, 0xBE, 0x22, 0x55, 0x9E, 0x2F, 0x12, 0xA0, 0xA7, 0x1D,
	0x61, 0xED, 0x5E, 0x4F, 0x0E, 0x45, 0xC0, 0x04, 0x11, 0x30, 0x41, 0x11, 0x88, 0x53, 0x0E, 0xDA,
	0x68, 0xB9, 0x40, 0xB0, 0x30, 0x78, 0xE2, 0x0A, 0x2F, 0xFD, 0x47, 0xC0, 0x12, 0x6E, 0x10, 0x78,
	0x12, 0x2A, 0x71, 0x07, 0xC1, 0x11, 0x51, 0xBE, 0xFA, 0x21, 0x6C, 0x8D, 0x22, 0xDC, 0xDB, 0x12,
	0x82, 0xDF, 0xF9, 0x11, 0x07, 0x09, 0x2F, 0x00, 0x12, 0x1C, 0xB2, 0x68, 0xCD, 0x70, 0xA5, 0x09,
	0x02, 0x22, 0x87, 0xC4, 0x80, 0x7C, 0x04, 0x22, 0x5D, 0xF1, 0xA2, 0x5E, 0x07, 0xC0, 0xB0, 0x65,
	0x07, 0xB2, 0x85, 0x07, 0x00, 0x21, 0x5D, 0xD1, 0x8D, 0x11, 0x30, 0x6B, 0x00, 0x03, 0x5E, 0x66,
	0xCE, 0x7E, 0x8C, 0x26, 0x04, 0x90, 0x00, 0xA9, 0xAF, 0xF6, 0x04, 0xC0, 0xCD, 0x70, 0xC0, 0xB0,
	0x05, 0xC0, 0x76, 0x8E, 0x05, 0x4F, 0x6F, 0x7D, 0xAA, 0x19, 0x21, 0x86, 0x6D, 0x06, 0x0A, 0x5D,
	0xAA, 0x43, 0x06, 0x0C, 0x8F, 0x30, 0x22, 0x24, 0x39, 0x03, 0x8D, 0xC0, 0xDA, 0x60, 0x07, 0xD9,
	0x14, 0xF3, 0xD8, 0x40, 0x02, 0xB2, 0x11, 0xD2, 0x79, 0x0F, 0x7B, 0x14, 0xE9, 0xD8, 0x65, 0x13,
	0xE9, 0xD8, 0x1A, 0x1A, 0x39, 0x1C, 0x09, 0x75, 0xA8, 0xF6, 0x86, 0x0B, 0xA5, 0xF6, 0x0D, 0x04,
	0x1B, 0x21, 0xD9, 0xD4, 0xC2, 0x8C, 0x02, 0x7C, 0x0E, 0x6E, 0x07, 0x0E, 0x79, 0x12, 0xEA, 0x28,
	0x07, 0xF6, 0x06, 0x13, 0x28, 0x60, 0x19, 0xBB, 0x01, 0x61, 0xF8, 0xF3, 0x24, 0x17, 0x40, 0xC0,
	0xFF, 0x2E, 0x97, 0x06, 0x87, 0xF6, 0x47, 0x45, 0x1B, 0x82, 0x47, 0x37, 0x12, 0xB9, 0x08, 0x1B,
	0x71, 0x6C, 0x1D, 0x5D, 0x0A, 0x7E, 0x4E, 0x08, 0xC1, 0x42, 0x64, 0xAF, 0x09, 0x05, 0x01, 0x40,
	0x88, 0x29, 0x6A, 0x0D, 0x09, 0x14, 0x01, 0x4C, 0x74, 0x12, 0x42, 0x48, 0xF5, 0x6A, 0x6D, 0x04,
	0x1E, 0x56, 0x15, 0x5A, 0x09, 0x74, 0x15, 0x01, 0xF7, 0x4E, 0xEE, 0x7B, 0xF7, 0x3D, 0x40, 0xC3,
	0x03, 0x4D, 0xBD, 0x23, 0x45, 0x3E, 0x3E, 0x6E, 0x10, 0x75, 0x0A, 0x21, 0x4C, 0xDF, 0x22, 0xCF,
	0x78, 0x44, 0xC0, 0xB2, 0x21, 0xFE, 0x43, 0x03, 0xC0, 0x77, 0x24, 0x6A, 0x0B, 0x4B, 0x19, 0x51,
	0x3C, 0x81, 0x44, 0x1C, 0x03, 0xC0, 0x71, 0x0C, 0xB9, 0x05, 0x79, 0x4D, 0x9E, 0x03, 0x22, 0x5E,
	0x47, 0x1B, 0x78, 0x1B, 0xD0, 0xFC, 0xDE, 0x29, 0xA0, 0xB0, 0x06, 0x17, 0x0F, 0xFD, 0x0E, 0x49,
	0x8D, 0xC1, 0x6C, 0x4A, 0x01, 0x4C, 0x73, 0x0D, 0xC1, 0x7C, 0x05, 0x24, 0xDC, 0x97, 0x48, 0xA9,
	0x19, 0xB9, 0xB3, 0x09, 0x19, 0xAA, 0x04, 0x02, 0x32, 0x12, 0xA8, 0xDD, 0x00, 0x04, 0x40, 0x26,
	0x0B, 0x32, 0x78, 0x60, 0x58, 0x60, 0xDB, 0x60, 0x80, 0x8B, 0x01, 0x29, 0x80, 0x07, 0xC0, 0xB8,
	0x85, 0x78, 0x00, 0xAB, 0xCF, 0x04, 0x26, 0x5E, 0x30, 0x6C, 0x04, 0x7E, 0x03, 0xD8, 0x60, 0x21,
	0xD7, 0x31, 0x08, 0x60, 0x8A, 0x0C, 0x08, 0x49, 0x9B, 0xB8, 0x0E, 0x50, 0x00, 0xAA, 0x7C, 0x1B,
	0x06, 0x7C, 0x04, 0xA0, 0x88, 0xDD, 0x65, 0x07, 0xC8, 0xB0, 0x56, 0x21, 0x02, 0x90, 0x12, 0xE2,
	0x96, 0x6C, 0x70, 0x8D, 0x0D, 0x21, 0x7C, 0x2E, 0x6D, 0x13, 0x02, 0x19, 0x18, 0x3C, 0x1A, 0x72,
	0x0D, 0x05, 0x22, 0x1C, 0x43, 0xFF, 0x60, 0xB2, 0xBE, 0x11, 0xA1, 0x8F, 0x03, 0x27, 0x64, 0xF2,
	0x02, 0xDA, 0x0D, 0x8F, 0xFC, 0xEE, 0x22, 0x6D, 0x85, 0x3D, 0x2E, 0x1E, 0x0D, 0x08, 0x3F, 0x21,
	0x1F, 0xD9, 0xC0, 0xED, 0x70, 0x1C, 0x51, 0x43, 0xC4, 0x4C, 0x9B, 0x00, 0x04, 0x78, 0xDA, 0x56,
	0xC7, 0x55, 0xC7, 0x54, 0xC7, 0x53, 0xC7, 0x52, 0xC7, 0x51, 0xC7, 0x50, 0xC7, 0x0A, 0x0B, 0xEF,
	0xF9, 0x4F, 0xC7, 0xBD, 0x03, 0x4C, 0x5E, 0x03, 0xFA, 0x0A, 0x0E, 0x03, 0x78, 0xDA, 0x21, 0xE5,
	0x92, 0x3D, 0x6F, 0x05, 0x4E, 0xC7, 0xEA, 0x5F, 0x01, 0x4D, 0xC7, 0x97, 0x4D, 0x6B, 0xDE, 0x84,
	0x03, 0x24, 0x64, 0x56, 0x00, 0x0E, 0x07, 0xC8, 0x57, 0x24, 0xC2, 0x18, 0x49, 0xC2, 0x09, 0xC1,
	0x40, 0x24, 0x83, 0x1B, 0x1B, 0x78, 0xAD, 0x71, 0x05, 0x7C, 0x05, 0x7B, 0x05, 0x79, 0xA0, 0xB4,
	0xA0, 0xB3, 0x00, 0x91, 0x4B, 0xC0, 0x12, 0x30, 0xC0, 0xF7, 0xF7, 0x2C, 0x75, 0x44, 0xC6, 0xF9,
	0x01, 0x01, 0x1A, 0xF8, 0x18, 0x09, 0x00, 0x2D, 0x0E, 0x10, 0xCF, 0x78, 0x66, 0x0D, 0x2F, 0xFC,
	0x18, 0x43, 0x1A, 0xAB, 0x66, 0x01, 0xC2, 0x14, 0x56, 0xBC, 0x4A, 0xC1, 0x12, 0x51, 0x91, 0x0A,
	0x21, 0x8E, 0xE8, 0x18, 0x7D, 0x4C, 0xF2, 0x4D, 0xC9, 0x47, 0x4C, 0x59, 0x12, 0x0A, 0x8D, 0x2F,
	0x78, 0x0D, 0xD9, 0xAA, 0x21, 0x24, 0xD9, 0x45, 0x81, 0xC3, 0x21, 0xCC, 0xB4, 0x11, 0x21, 0xBF,
	0x3C, 0x4D, 0x3F, 0x5E, 0x21, 0x7F, 0x9B, 0xA1, 0x42, 0x07, 0x5C, 0x05, 0x1A, 0xC8, 0xBF, 0x22,
	0x94, 0x96, 0x65, 0x72, 0x27, 0x19, 0x79, 0x9A, 0x45, 0x21, 0x9D, 0x2A, 0x06, 0x54, 0x0B, 0x12,
	0x33, 0xC3, 0x01, 0xC2, 0x72, 0x44, 0x07, 0x03, 0x2C, 0x74, 0x0F, 0x78, 0x87, 0xE0, 0x22, 0x96,
	0x99, 0x03, 0xF4, 0x22, 0x37, 0xCE, 0x12, 0x6E, 0xC5, 0x19, 0xA9, 0xBA, 0x8A, 0x4F, 0x6F, 0x46,
	0xC0, 0x4C, 0x15, 0x42, 0x55, 0x81, 0x88, 0x26, 0xEC, 0x5D, 0x19, 0xA1, 0x0A, 0x39, 0x0E, 0x00,
	0x8B, 0x3A, 0x12, 0xB4, 0x81, 0x04, 0x8F, 0xC5, 0x14, 0x26, 0x0E, 0x30, 0x14, 0x44, 0xAF, 0x19,
	0x41, 0xAA, 0x7D, 0x0C, 0xCB, 0x00, 0x0F, 0x64, 0x71, 0xE0, 0xB6, 0xE0, 0xB1, 0xE0, 0xB2, 0x00,
	0xB5, 0x70, 0x78, 0xE5, 0x0C, 0x25, 0x90, 0x91, 0xC2, 0xAD, 0x70, 0xD3, 0xF0, 0x33, 0x25, 0x8E,
	0x1F, 0x00, 0x80, 0x90, 0x09, 0x06, 0xC1, 0x14, 0x45, 0x0B, 0x66, 0x19, 0x58, 0xBC, 0x06, 0x0F,
	0x78, 0x12, 0x0A, 0xAF, 0xFA, 0xC8, 0xD8, 0x1A, 0x55, 0x00, 0x0C, 0x5F, 0x12, 0x1A, 0x0D, 0x6F,
	0x21, 0x6F, 0x26, 0x06, 0xC1, 0x4A, 0x4C, 0x03, 0x19, 0xA0, 0x7C, 0x0E, 0xC0, 0x66, 0x0C, 0x2F,
	0xFC, 0x1A, 0xD9, 0xD3, 0x78, 0xC2, 0xBE, 0x88, 0xE5, 0xCA, 0x26, 0x05, 0x10, 0x66, 0x15, 0xC6,
	0x0E, 0x65, 0x15, 0x18, 0x19, 0x58, 0x67, 0x21, 0xB5, 0xC1, 0xFD, 0x07, 0x46, 0x09, 0xE8, 0x04,
	0x57, 0x02, 0x2C, 0x74, 0xAE, 0x5D, 0x02, 0x0F, 0x21, 0x76, 0x4F, 0x1B, 0x30, 0x26, 0x5C, 0x78,
	0xAE, 0xFF, 0x6C, 0x0B, 0x0D, 0x4B, 0xCD, 0x21, 0x7D, 0x23, 0x08, 0x12, 0xC0, 0x20, 0x01, 0x02,
	0x10, 0x72, 0x1C, 0x4C, 0xDF, 0x00, 0x0D, 0x03, 0xC0, 0x5F, 0x22, 0x8E, 0x07, 0x91, 0xC7, 0x39,
	0x22, 0x03, 0x00, 0x7B, 0x7B, 0x83, 0x6B, 0x64, 0x72, 0x54, 0x7F, 0x01, 0x2B, 0x0C, 0x33, 0x01,
	0x2B, 0xDE, 0x30, 0x44, 0x24, 0x43, 0x5C, 0xC7, 0x05, 0x4C, 0x30, 0x00, 0x17, 0x1E, 0x11, 0x97,
	0xC1, 0x66, 0x3C, 0xD9, 0x61, 0x07, 0xA4, 0xB4, 0x79, 0xB4, 0x08, 0xA6, 0x0C, 0xB1, 0x27, 0x0C,
	0xA0, 0x17, 0x80, 0xB0, 0x80, 0xB7, 0x95, 0xC7, 0x54, 0x7F, 0x00, 0x97, 0x1C, 0x80, 0x4C, 0x09,
	0xC4, 0x01, 0xD9, 0x61, 0x40, 0x20, 0x5E, 0x00, 0x14, 0x79, 0x07, 0xC0, 0x13, 0x9A, 0x2C, 0xB1,
	0x8F, 0x21, 0xF7, 0x24, 0x20, 0x90, 0x25, 0x11, 0x69, 0x80, 0x93, 0x5E, 0x04, 0x60, 0xB0, 0xBD,
	0x04, 0x4C, 0x09, 0x68, 0x97, 0x2E, 0xA4, 0x00, 0x0B, 0x85, 0x0D, 0xB1, 0x13, 0x95, 0xC1, 0x54,
	0x79, 0x00, 0x91, 0x10, 0xE8, 0x99, 0xEC, 0x1A, 0xF2, 0x2D, 0xE1, 0x68, 0x11, 0xF0, 0x8A, 0x94,
	0x0A, 0x0F, 0xDC, 0x64, 0x14, 0x7C, 0xE0, 0xB1, 0x00, 0x1C, 0xC5, 0x11, 0x0D, 0xF0, 0x95, 0x70,
	0x8A, 0x20, 0x7F, 0x0E, 0xFF, 0x0D, 0xCA, 0x20, 0xE1, 0x4F, 0x0E, 0x00, 0xB1, 0x93, 0x9C, 0x0C,
	0x0B, 0x00, 0x42, 0x12, 0xE9, 0x1C, 0xEB, 0x05, 0xC0, 0x1A, 0xE8, 0x35, 0x09, 0x50, 0x00, 0xE4,
	0x54, 0x0C, 0xD8, 0x60, 0x61, 0x69, 0x34, 0x78, 0x60, 0xB2, 0x00, 0x18, 0xC5, 0x01, 0x10, 0xF0,
	0x74, 0x29, 0xFD, 0x00, 0x4C, 0x9C, 0x07, 0x00, 0x09, 0x3E, 0x66, 0x00, 0xB6, 0x04, 0xF0, 0x05,
	0xC0, 0x04, 0xE8, 0x65, 0x71, 0x74, 0xF1, 0xFE, 0xEB, 0xCB, 0x09, 0x95, 0x80, 0xFC, 0xF1, 0xA5,
	0x71, 0x8E, 0xE5, 0x5A, 0x4E, 0xDC, 0x0C, 0x75, 0x22, 0x35, 0x9D, 0x48, 0x5D, 0x47, 0x1E, 0x21,
	0x8D, 0xEA, 0x01, 0x4D, 0x85, 0x49, 0x5D, 0x95, 0x12, 0x4C, 0x01, 0x5C, 0x95, 0x25, 0x3D, 0x8E,
	0x4B, 0x5F, 0x3E, 0xC3, 0x41, 0x4A, 0x4C, 0x90, 0x0B, 0xFA, 0x0C, 0xEF, 0xFB, 0xE1, 0x42, 0x5F,
	0x27, 0x8D, 0x17, 0x55, 0x24, 0x42, 0x3D, 0x74, 0x8E, 0x09, 0x4B, 0x01, 0x0F, 0x00, 0xBA, 0x62,
	0x96, 0x09, 0xEF, 0xF9, 0x0F, 0xDB, 0x7D, 0x01, 0x4C, 0x55, 0x04, 0xD2, 0x96, 0x04, 0x97, 0xC2,
	0x0C, 0x05, 0x65, 0x02, 0x4D, 0x45, 0x04, 0x76, 0x9C, 0x03, 0x26, 0x8C, 0x8C, 0x05, 0x21, 0x88,
	0xD0, 0x7F, 0xB1, 0x09, 0xE5, 0x83, 0x65, 0x0C, 0x82, 0x87, 0x0C, 0x3A, 0xF0, 0x95, 0x21, 0x34,
	0x2B, 0x07, 0xC0, 0x00, 0x27, 0x08, 0x94, 0x00, 0x5F, 0x23, 0x8D, 0x07, 0xE4, 0x23, 0x0D, 0x9D,
	0x65, 0x14, 0x25, 0x00, 0x10, 0x80, 0x9D, 0xFE, 0x10, 0x40, 0x81, 0x98, 0x60, 0x44, 0x28, 0x49,
	0xE5, 0xB5, 0x0E, 0x07, 0x8E, 0x07, 0x0C, 0x43, 0xA6, 0x04, 0x4C, 0x01, 0x77, 0x06, 0xDC, 0x64,
	0x19, 0x21, 0x76, 0x38, 0xA0, 0x9C, 0x1A, 0xA0, 0x69, 0x65, 0x05, 0xB8, 0x45, 0x05, 0x8D, 0x0D,
	0x03, 0xB4, 0xEC, 0x7C, 0x05, 0x35, 0x20, 0x8C, 0x03, 0xAE, 0x78, 0x44, 0x71, 0x65, 0x08, 0x8C,
	0x56, 0xE2, 0x74, 0x78, 0x07, 0x76, 0x50, 0x7B, 0x91, 0x07, 0x20, 0x80, 0x8D, 0xC6, 0x64, 0x4A,
	0x08, 0x0F, 0x78, 0x14, 0x26, 0x0F, 0x10, 0xA0, 0x9F, 0xC3, 0x41, 0x5A, 0x5C, 0x20, 0x19, 0xAA,
	0xA2, 0x43, 0x12, 0x46, 0x18, 0x38, 0x43, 0x6C, 0x50, 0x07, 0x4F, 0x23, 0x01, 0x34, 0x14, 0x7E,
	0x60, 0x9E, 0xFE, 0x0B, 0x64, 0x22, 0x07, 0xB3, 0x79, 0x4F, 0x25, 0xC0, 0x10, 0xB5, 0x71, 0xCA,
	0x20, 0x4F, 0x22, 0xB7, 0x00, 0x9E, 0x0F, 0x07, 0x02, 0xC3, 0x13, 0x0E, 0x04, 0x20, 0xCD, 0x06,
	0x7A, 0x71, 0xCA, 0x11, 0x6B, 0x9A, 0xA0, 0xB6, 0x00, 0x55, 0x08, 0x5C, 0x55, 0xAD, 0x04, 0x19,
	0x5A, 0x6D, 0xAF, 0x7E, 0x11, 0x00, 0xB4, 0x5D, 0x06, 0x40, 0x11, 0xE0, 0x72, 0x05, 0x62, 0x08,
	0xAF, 0xFF, 0xC1, 0x40, 0x0A, 0xC2, 0x7C, 0x7B, 0x24, 0x4C, 0x48, 0x01, 0x6C, 0x0B, 0xB6, 0xAA,
	0x12, 0x99, 0x3B, 0x0F, 0x19, 0x41, 0x1A, 0x39, 0x21, 0x9F, 0xA9, 0x01, 0xC0, 0x8D, 0x21, 0x65,
	0xFA, 0x17, 0x1A, 0xB0, 0xAA, 0x8D, 0xFA, 0xDC, 0x22, 0xAC, 0x96, 0x85, 0x01, 0xD2, 0x54, 0x8B,
	0x12, 0x31, 0x3B, 0x05, 0x21, 0xD7, 0xC8, 0x00, 0xB1, 0x80, 0x4C, 0x98, 0xB7, 0x9A, 0x02, 0xC0,
	0x0A, 0x45, 0x06, 0xE7, 0x05, 0x0C, 0x80, 0xBC, 0x04, 0x01, 0xE1, 0x00, 0xED, 0xF1, 0xA4, 0x01,
	0x01, 0xD7, 0x00, 0xE7, 0xF1, 0x28, 0xCF, 0x13, 0x16, 0x3D, 0x9A, 0x19, 0x80, 0x49, 0x0A, 0x2C,
	0x70, 0x50, 0xC3, 0x4C, 0xC2, 0x26, 0x0D, 0x2F, 0xFB, 0x08, 0x47, 0x52, 0x1D, 0xA0, 0x9D, 0x07,
	0x6C, 0x03, 0x2C, 0x70, 0x1A, 0x0E, 0xAF, 0xF9, 0x68, 0xDA, 0xBD, 0x01, 0x04, 0x5D, 0x01, 0x0A,
	0x29, 0x3E, 0x00, 0x9C, 0x02, 0x5D, 0x9F, 0x0D, 0x7D, 0x01, 0x10, 0x11, 0x39, 0x73, 0x9A, 0x19,
	0xF0, 0x48, 0x24, 0x9D, 0x5E, 0x68, 0x13, 0x30, 0x66, 0x44, 0xA1, 0x5F, 0x3C, 0xEF, 0x78, 0x99,
	0x1A, 0xA0, 0x6B, 0x00, 0x09, 0xC2, 0x10, 0xC3, 0x99, 0x14, 0x01, 0x36, 0x95, 0xC0, 0x4D, 0xC0,
	0x95, 0xC0, 0x56, 0x0C, 0x2F, 0xFD, 0x8A, 0x23, 0x88, 0x30, 0x07, 0xC8, 0x2C, 0x71, 0x54, 0xC1,
	0x26, 0xF5, 0xDF, 0x0E, 0x19, 0x98, 0xFF, 0x54, 0xA0, 0x84, 0x0B, 0x08, 0x58, 0x02, 0x60, 0x90,
	0xFE, 0x10, 0x02, 0x81, 0xC3, 0x41, 0x69, 0x4E, 0x2E, 0xA2, 0x0A, 0x75, 0x2B, 0x34, 0x95, 0x56,
	0x56, 0x21, 0xFC, 0x3F, 0x18, 0x03, 0x0B, 0x57, 0x34, 0x24, 0x82, 0x9C, 0x05, 0x02, 0x6D, 0x21,
	0x0E, 0x0A, 0x45, 0x29, 0x47, 0x33, 0xC3, 0x41, 0x6A, 0x44, 0x07, 0x06, 0xC1, 0x42, 0x6D, 0x20,
	0x0D, 0x0A, 0x0C, 0x74, 0x5E, 0x47, 0x08, 0xA1, 0x43, 0x10, 0x21, 0xE4, 0x5D, 0x04, 0xF8, 0x79,
	0x91, 0xE0, 0x12, 0x69, 0x0F, 0x0D, 0xBC, 0x9B, 0x5C, 0x12, 0x04, 0x04, 0xF4, 0x2E, 0x0F, 0xCF,
	0xFB, 0x54, 0x4E, 0x12, 0x63, 0x70, 0x1A, 0x80, 0x95, 0x01, 0x08, 0xBD, 0x08, 0xBE, 0x12, 0x23,
	0x65, 0x4D, 0xC0, 0x9B, 0x19, 0x60, 0x47, 0x0C, 0x9C, 0x1C, 0x58, 0x33, 0x9D, 0x1C, 0x98, 0x33,
	0x4B, 0x20, 0x40, 0x81, 0x28, 0xD8, 0x53, 0x1B, 0xA1, 0x28, 0x13, 0x4C, 0xA7, 0x04, 0x61, 0x0A,
	0x41, 0x03, 0x20, 0x00, 0x53, 0xD4, 0x24, 0x04, 0x64, 0x05, 0xF6, 0x0C, 0xAF, 0xF9, 0x50, 0xCE,
	0x22, 0x14, 0x05, 0x0D, 0x44, 0xE6, 0x29, 0x3D, 0x00, 0xC4, 0x11, 0x01, 0xDE, 0xD6, 0x9C, 0x01,
	0x01, 0x0B, 0xC1, 0x0B, 0xC4, 0xA7, 0x5C, 0xB4, 0x69, 0x4E, 0x11, 0xA1, 0x89, 0x9D, 0x5D, 0x21,
	0x41, 0x27, 0x17, 0x15, 0x25, 0x7C, 0x9C, 0x5C, 0x01, 0x0A, 0x07, 0xC8, 0xF4, 0x6E, 0xA5, 0x79,
	0x05, 0x21, 0x8D, 0x03, 0xE5, 0x7C, 0x33, 0x5E, 0x6A, 0x0A, 0xC6, 0x45, 0xA8, 0x96, 0x0C, 0x03,
	0x04, 0x0E, 0x00, 0x12, 0xC1, 0xF9, 0x61, 0xC5, 0x27, 0xDC, 0x03, 0x03, 0x80, 0xB1, 0x0A, 0xC1,
	0xE1, 0x91, 0x2C, 0x4C, 0x00, 0x0B, 0xA0, 0xB1, 0x70, 0x79, 0xD1, 0x0A, 0x65, 0x80, 0x0C, 0xB9,
	0xD2, 0x09, 0xCF, 0xFC, 0x0D, 0x23, 0x7A, 0x22, 0x1E, 0x6B, 0x98, 0x65, 0x19, 0x8C, 0xA7, 0x22,
	0x8F, 0x93, 0x01, 0x20, 0xA8, 0x07, 0x36, 0x0D, 0x04, 0x0A, 0x0F, 0x3A, 0xC5, 0x44, 0x88, 0x06,
	0x3A, 0x20, 0x88, 0x19, 0xBB, 0x56, 0x88, 0x40, 0xC5, 0x1C, 0x40, 0x46, 0x76, 0x1D, 0x0F, 0x7E,
	0xA4, 0x16, 0x07, 0x78, 0x02, 0xC6, 0x0F, 0x6F, 0xFB, 0xC1, 0x43, 0x0A, 0xC0, 0xFE, 0x04, 0x6B,
	0x88, 0xE5, 0x03, 0x46, 0x54, 0x05, 0x01, 0x45, 0xC3, 0x6C, 0x74, 0x1A, 0xAA, 0x94, 0x43, 0xC5,
	0x11, 0x5A, 0x29, 0xC0, 0x9A, 0x67, 0x07, 0x78, 0x4E, 0xC0, 0x26, 0xB5, 0xCB, 0x1E, 0x21, 0x0D,
	0xDE, 0x18, 0x4C, 0x07, 0x06, 0x0A, 0x88, 0x21, 0xE8, 0x13, 0xC0, 0xC1, 0x41, 0xA1, 0x55, 0x2C,
	0x46, 0x21, 0x05, 0x29, 0x0C, 0x19, 0xD2, 0xA2, 0x4C, 0x73, 0x05, 0x0E, 0x20, 0x2A, 0x2C, 0x01,
	0x44, 0xCC, 0x1A, 0xB2, 0x9D, 0x43, 0xC5, 0x13, 0x88, 0x28, 0x19, 0x9B, 0xCE, 0xDE, 0x0B, 0xAF,
	0x23, 0xA5, 0x84, 0x12, 0x46, 0x06, 0xC1, 0x41, 0x05, 0x11, 0x24, 0x27, 0xB5, 0x00, 0xE2, 0x21,
	0x74, 0xBF, 0xBE, 0x96, 0x64, 0x05, 0x14, 0x7A, 0xB2, 0x14, 0x05, 0x14, 0x02, 0xB5, 0xC4, 0x04,
	0x21, 0x4E, 0x6E, 0xFC, 0x99, 0x4C, 0xE1, 0x01, 0xFF, 0xD9, 0x43, 0x90, 0x12, 0x72, 0x45, 0x4E,
	0xF2, 0x74, 0x1F, 0x25, 0x1C, 0x26, 0x0B, 0x01, 0x00, 0xAF, 0x80, 0x27, 0x0D, 0x14, 0x0D, 0xC0,
	0x4F, 0x7A, 0x00, 0x24, 0x8D, 0x8C, 0x09, 0xAC, 0x1F, 0xA7, 0x1F, 0x97, 0xC0, 0x40, 0xDC, 0x38,
	0x01, 0x78, 0x02, 0xCE, 0x0E, 0xBF, 0x1E, 0x6C, 0x74, 0x46, 0x27, 0x85, 0x04, 0x46, 0x55, 0x1C,
	0x45, 0x45, 0x05, 0x44, 0x45, 0x05, 0x43, 0x55, 0x1E, 0x42, 0x5F, 0x15, 0x41, 0xC0, 0x36, 0x5D,
	0x14, 0x63, 0x0E, 0xEB, 0xC0, 0x26, 0x27, 0x7D, 0x02, 0x42, 0x27, 0x7E, 0x02, 0x74, 0x04, 0xBE,
	0x13, 0x24, 0x04, 0xBE, 0x13, 0xD4, 0x03, 0x19, 0xE2, 0x40, 0xFC, 0x9B, 0x5F, 0x13, 0x23, 0x90,
	0x0A, 0x17, 0x02, 0x71, 0x48, 0x88, 0xF4, 0xD3, 0x11, 0xB1, 0xE4, 0x30, 0x0D, 0x4F, 0x79, 0x13,
	0x5B, 0xB7, 0x78, 0x22, 0x00, 0x11, 0xB0, 0x85, 0x07, 0x6A, 0xF0, 0x5F, 0x26, 0x0C, 0x15, 0x42,
	0x26, 0x3C, 0xB0, 0x1A, 0x9B, 0x52, 0x7F, 0xDA, 0x23, 0x11, 0x98, 0x85, 0xAE, 0x09, 0x6C, 0x03,
	0x1C, 0x50, 0xAC, 0x05, 0xC4, 0x04, 0x16, 0x7B, 0xF4, 0x23, 0x8D, 0x03, 0xA4, 0x0E, 0x07, 0x14,
	0x05, 0x9F, 0x67, 0x99, 0x61, 0xD4, 0x7B, 0x7F, 0xDA, 0x1B, 0x03, 0x9E, 0x11, 0x1F, 0x05, 0x13,
	0x00, 0x36, 0x19, 0xA2, 0x60, 0x0D, 0x78, 0x12, 0xE0, 0xD3, 0x04, 0x1D, 0x65, 0xA0, 0xB3, 0x11,
	0xC1, 0x0F, 0x1B, 0x0A, 0xBF, 0x32, 0xF4, 0x6D, 0x09, 0x81, 0x94, 0x79, 0x11, 0xF6, 0x12, 0x77,
	0x16, 0x5D, 0x0E, 0xF4, 0x1A, 0xC0, 0x28, 0xCF, 0x15, 0x00, 0x24, 0x9F, 0x8C, 0x17, 0x04, 0x9B,
	0x63, 0x00, 0x27, 0x1F, 0x33, 0x14, 0x4C, 0xA3, 0x21, 0x15, 0x5A, 0x02, 0x0C, 0x13, 0x05, 0x0D,
	0x35, 0x02, 0x13, 0x00, 0x05, 0xA2, 0x78, 0x64, 0x0A, 0x07, 0xCB, 0x02, 0x19, 0x61, 0x1D, 0x0B,
	0xA3, 0x10, 0x20, 0xB4, 0x28, 0x5C, 0x02, 0x07, 0x61, 0x42, 0x16, 0x23, 0x00, 0x00, 0xD4, 0x78,
	0x20, 0xB0, 0xFC, 0x0B, 0x01, 0x9C, 0x02, 0x67, 0x71, 0x75, 0x0B, 0xD4, 0x11, 0x22, 0xC6, 0x0E,
	0xC0, 0x12, 0xD1, 0x72, 0x2D, 0x21, 0xEC, 0xA3, 0x22, 0x1C, 0xC9, 0x07, 0x4B, 0xC0, 0x0B, 0xC0,
	0x8C, 0xE0, 0xC2, 0x04, 0xEE, 0xFF, 0x26, 0xEC, 0x38, 0x03, 0x6C, 0x0B, 0x4C, 0xC0, 0x87, 0xF0,
	0xFC, 0x06, 0xBE, 0x34, 0x6C, 0x03, 0x24, 0x5D, 0x81, 0x4F, 0x0C, 0x75, 0x00, 0x02, 0xD8, 0xCD,
	0x70, 0xF4, 0x79, 0xF4, 0x7D, 0x4D, 0xC0, 0x4E, 0xC0, 0x51, 0xC1, 0x2A, 0xF0, 0x11, 0xC0, 0xC3,
	0x41, 0x71, 0x54, 0xA8, 0x21, 0xCC, 0x51, 0x06, 0x10, 0x1B, 0x05, 0x51, 0xC0, 0x2F, 0x20, 0xC5,
	0x06, 0x4D, 0x0A, 0xC2, 0x22, 0x8F, 0xA9, 0x76, 0x0E, 0xAF, 0x57, 0x8E, 0x0E, 0xC0, 0x0D, 0x56,
	0xA1, 0x17, 0x09, 0x08, 0x24, 0x12, 0x30, 0x50, 0x0F, 0x00, 0x9D, 0x4D, 0xC6, 0x38, 0x1C, 0xC0,
	0x36, 0x4F, 0xC0, 0x0A, 0xF0, 0x0E, 0xC0, 0x0F, 0x78, 0x11, 0x08, 0x1A, 0x08, 0x2C, 0x00, 0x01,
	0x00, 0x9D, 0x2E, 0x79, 0xE9, 0x09, 0x02, 0x80, 0x08, 0xE5, 0xC5, 0x71, 0xAF, 0x0E, 0x74, 0x93,
	0xE1, 0x42, 0x0F, 0x0D, 0xBB, 0x72, 0x5C, 0x0A, 0x0C, 0x0E, 0x79, 0x0D, 0xC0, 0x40, 0xC1, 0x63,
	0x41, 0x0D, 0x7D, 0xB0, 0x7E, 0x0C, 0x74, 0x22, 0x47, 0x0A, 0xC1, 0x43, 0x14, 0x21, 0xE4, 0x9F,
	0x74, 0xBD, 0x02, 0xC1, 0x43, 0x5B, 0x78, 0xF6, 0x15, 0x7A, 0x92, 0x9C, 0xE7, 0x11, 0x10, 0xFD,
	0x4D, 0x0E, 0x02, 0x8D, 0x0E, 0x9D, 0x19, 0xA2, 0x5B, 0x4E, 0x25, 0x04, 0x49, 0x00, 0x0F, 0x0A,
	0xC0, 0xA5, 0x7C, 0x0C, 0xC5, 0x0C, 0xBF, 0x20, 0x90, 0xA5, 0x71, 0x4C, 0xC5, 0xB4, 0x6A, 0x07,
	0xC8, 0xA5, 0x7C, 0x12, 0xC5, 0x74, 0x6E, 0x3D, 0x65, 0x05, 0x20, 0xC1, 0x03, 0x25, 0x7D, 0xBB,
	0xCD, 0x94, 0x80, 0x11, 0x53, 0xC1, 0x81, 0x90, 0x9C, 0x5C, 0x67, 0x05, 0x45, 0x78, 0x05, 0x7B,
	0x12, 0xC0, 0x98, 0x60, 0x28, 0x45, 0x46, 0x60, 0x25, 0x0D, 0x45, 0x0C, 0x21, 0xD5, 0x98, 0x30,
	0x19, 0xE1, 0xB9, 0xE6, 0x4E, 0xF1, 0x95, 0xC0, 0x65, 0xA8, 0xF6, 0x21, 0x6F, 0x79, 0x10, 0xC2,
	0x80, 0x54, 0xB6, 0x2F, 0x8F, 0x90, 0x30, 0x28, 0x45, 0x0F, 0x47, 0x2C, 0x70, 0x90, 0x21, 0x64,
	0x34, 0x00, 0x01, 0x90, 0xC3, 0x47, 0xC1, 0x4D, 0xC1, 0x4C, 0xC1, 0x4B, 0xC1, 0x4A, 0xC1, 0x56,
	0x08, 0xAF, 0xF9, 0x48, 0xC3, 0xB5, 0x46, 0xFF, 0xC7, 0x0F, 0x0C, 0x93, 0x1A, 0xD3, 0x96, 0x02,
	0x30, 0x79, 0x5C, 0xE6, 0x1A, 0x98, 0x3D, 0x06, 0x07, 0xC6, 0xAD, 0x70, 0x34, 0x6E, 0x25, 0x7E,
	0x0C, 0x17, 0xC8, 0x24, 0x09, 0xB8, 0x78, 0x02, 0xB8, 0x34, 0x70, 0x0F, 0x20, 0x41, 0x03, 0x06,
	0xF2, 0x26, 0x55, 0xB0, 0x06, 0x27, 0x56, 0xB0, 0x2B, 0x78, 0x07, 0x05, 0xCF, 0x78, 0x02, 0x21,
	0xDE, 0x3C, 0x2F, 0x79, 0x22, 0x0E, 0xEA, 0xE4, 0xF5, 0x26, 0x4D, 0xB2, 0x11, 0x19, 0xBA, 0x91,
	0x3F, 0xDA, 0xA7, 0xF6, 0x00, 0x01, 0x0E, 0x5C, 0x10, 0x09, 0x6C, 0x72, 0x40, 0xC2, 0x63, 0x42,
	0x45, 0xC1, 0x0A, 0x0F, 0xEF, 0xFA, 0x15, 0xFB, 0x42, 0x80, 0xCC, 0x0D, 0x1A, 0xBA, 0xEF, 0x2C,
	0x71, 0x26, 0xFF, 0x31, 0x18, 0x79, 0x05, 0x23, 0xA4, 0xE3, 0x21, 0x2D, 0x41, 0xEA, 0x30, 0x0C,
	0xB2, 0x01, 0x2B, 0x78, 0x64, 0xF2, 0x24, 0x6C, 0x74, 0x01, 0x04, 0x74, 0xE0, 0x88, 0x22, 0x97,
	0xB6, 0x4F, 0xC0, 0xEA, 0x44, 0xDD, 0x07, 0x38, 0x60, 0x42, 0xC0, 0x10, 0xF0, 0x04, 0xC6, 0x02,
	0xC5, 0x12, 0x38, 0xA0, 0x03, 0xA1, 0x40, 0x8D, 0x26, 0xBF, 0x1F, 0x23, 0x75, 0xBE, 0xC0, 0x1C,
	0xC2, 0x5D, 0x42, 0xC0, 0xB5, 0x06, 0x07, 0x11, 0x7B, 0x7E, 0x00, 0x88, 0xD9, 0x21, 0xCC, 0x9D,
	0x22, 0x1D, 0x50, 0x08, 0x5D, 0x77, 0x39, 0x21, 0xBE, 0xB7, 0x06, 0xE8, 0x30, 0x5E, 0x03, 0x27,
	0xE8, 0xA6, 0x06, 0x45, 0x68, 0x21, 0x4E, 0xB6, 0xC3, 0x14, 0x21, 0xC5, 0x29, 0x1C, 0x25, 0x76,
	0x76, 0x26, 0x68, 0x04, 0x85, 0x00, 0x01, 0xE0, 0x8A, 0x3C, 0x70, 0xC0, 0x88, 0x05, 0xC0, 0xE1,
	0x42, 0xC1, 0x41, 0x10, 0x7D, 0xA1, 0x40, 0x66, 0x0C, 0x6F, 0x23, 0x1C, 0x52, 0x0A, 0x03, 0xC1,
	0x04, 0xC3, 0xE1, 0x42, 0x00, 0xB1, 0xA1, 0x40, 0xC1, 0x41, 0x52, 0x8D, 0x02, 0x81, 0x4D, 0x02,
	0x01, 0x11, 0x9A, 0x4B, 0x04, 0x74, 0x1A, 0x30, 0xCB, 0x23, 0x6C, 0xC3, 0x21, 0xDF, 0xE3, 0x94,
	0x80, 0x09, 0x23, 0x2C, 0xC0, 0x6C, 0x1F, 0x22, 0x7E, 0xC0, 0x14, 0x72, 0x0F, 0x22, 0x08, 0xE0,
	0xF8, 0x21, 0xDD, 0xB7, 0x48, 0x12, 0xCB, 0x8E, 0x71, 0x14, 0x74, 0x0B, 0x55, 0xE5, 0xFF, 0x47,
	0x23, 0xE6, 0x59, 0x90, 0xC0, 0x64, 0x07, 0x2A, 0x86, 0x04, 0x12, 0x69, 0x21, 0x94, 0xC5, 0x21,
	0xBE, 0x2E, 0x06, 0xEA, 0x32, 0x3C, 0x06, 0x07, 0x3A, 0xF2, 0x03, 0xC5, 0xCD, 0x70, 0x34, 0xF0,
	0x07, 0xEE, 0x30, 0xFC, 0x04, 0x04, 0x28, 0xE8, 0xED, 0x70, 0xB9, 0x43, 0x21, 0x4C, 0x1E, 0x5C,
	0xA1, 0x8E, 0x71, 0xD5, 0x78, 0x05, 0xF4, 0xCC, 0x11, 0xC2, 0x16, 0x0C, 0x70, 0x8C, 0xC2, 0x11,
	0x24, 0x6A, 0x0D, 0x03, 0x05, 0x09, 0x08, 0xC5, 0x00, 0x60, 0x40, 0x20, 0xB4, 0x24, 0x71, 0x8B,
	0xE8, 0x02, 0xC2, 0x22, 0x85, 0xBA, 0x2E, 0x1B, 0x91, 0xA7, 0x1E, 0x5C, 0x46, 0x00, 0x02, 0x40,
	0xC7, 0x67, 0x72, 0xE5, 0x71, 0xC3, 0x0F, 0xB4, 0x90, 0x8A, 0xC1, 0xA5, 0x74, 0xC5, 0x71, 0x9B,
	0x0E, 0x94, 0x90, 0xBF, 0x1A, 0x14, 0x72, 0x03, 0x4D, 0x18, 0x56, 0x21, 0xF5, 0x35, 0x43, 0xD5,
	0x2D, 0x14, 0x5C, 0x49, 0x21, 0xF7, 0x97, 0xC0, 0x46, 0xC0, 0xEF, 0x49, 0x0C, 0x71, 0xF8, 0x54,
	0x49, 0x6C, 0xED, 0x11, 0x69, 0x92, 0xE9, 0x30, 0x7C, 0x02, 0x07, 0x03, 0xC1, 0x2B, 0x78, 0x45,
	0xF2, 0xEF, 0x78, 0x50, 0xD9, 0x04, 0xF0, 0x21, 0xCF, 0x38, 0x04, 0xC0, 0x18, 0x13, 0x2B, 0xF7,
	0x42, 0xC0, 0x37, 0x35, 0x3C, 0x03, 0x21, 0x2F, 0xA7, 0xFB, 0xD0, 0x78, 0x45, 0x91, 0x31, 0x22,
	0x1C, 0xDE, 0x08, 0xB4, 0x68, 0x25, 0x7D, 0x03, 0xC1, 0xAF, 0x78, 0x72, 0x0F, 0x2F, 0x5C, 0x51,
	0x05, 0x02, 0xC0, 0xA0, 0xA8, 0x07, 0xEE, 0x0D, 0xEF, 0x24, 0x8D, 0x23, 0xE0, 0x12, 0xB8, 0x9B,
	0xCF, 0x01, 0xD6, 0x00, 0x0A, 0x25, 0xAD, 0x24, 0xDB, 0x6C, 0x27, 0x85, 0x01, 0xD1, 0x21, 0xAD,
	0xC4, 0x67, 0x46, 0x1A, 0x04, 0x72, 0x05, 0x1B, 0x97, 0x54, 0x1A, 0x22, 0xDC, 0xD4, 0x12, 0x01,
	0x42, 0x06, 0x55, 0x1A, 0x43, 0x5D, 0x1D, 0x46, 0x1D, 0xC8, 0xE2, 0x12, 0xF0, 0x0B, 0x05, 0xE4,
	0x00, 0x20, 0xB2, 0x1B, 0x88, 0x01, 0xB2, 0x28, 0xE4, 0x45, 0xAD, 0x6E, 0xAE, 0x21, 0xBF, 0x78,
	0xC3, 0x10, 0x13, 0x21, 0x55, 0x63, 0x9A, 0x21, 0x15, 0x24, 0x46, 0x4D, 0xC4, 0x04, 0x21, 0xB5,
	0x2C, 0x18, 0x21, 0xBD, 0x55, 0xEE, 0x11, 0xDB, 0x05, 0x0A, 0xD8, 0xE6, 0x22, 0x57, 0x28, 0x73,
	0x49, 0xC5, 0x04, 0x7F, 0x22, 0xF4, 0xAD, 0x0F, 0xF4, 0x15, 0x8E, 0x90, 0x20, 0xB0, 0x2C, 0x70,
	0x04, 0xC0, 0x86, 0x0E, 0xAF, 0xFB, 0x78, 0x26, 0x8D, 0x10, 0x1C, 0xD8, 0x4C, 0x02, 0x27, 0x0E,
	0x31, 0x11, 0x4D, 0x4D, 0x26, 0x02, 0x23, 0x84, 0x97, 0x21, 0x8B, 0xB2, 0xDB, 0x82, 0xBA, 0x21,
	0x35, 0xCD, 0xD8, 0x1A, 0x18, 0x5C, 0x19, 0x31, 0x60, 0xFF, 0x19, 0x08, 0x66, 0x55, 0x16, 0x04,
	0x1B, 0x4A, 0x88, 0x02, 0xB8, 0x19, 0x47, 0x73, 0xB1, 0xBB, 0x78, 0x8C, 0x2E, 0x4E, 0xA3, 0xCB,
	0x46, 0x18, 0x01, 0xC8, 0x50, 0x00, 0x0B, 0xAD, 0x70, 0x72, 0x0E, 0xEF, 0xFC, 0xE4, 0x1E, 0x15,
	0x10, 0x0F, 0xD8, 0x7A, 0x0D, 0xAF, 0xFA, 0x0F, 0xD9, 0x04, 0xC2, 0xFF, 0xD9, 0xDB, 0x43, 0x03,
	0x90, 0x72, 0xE1, 0xED, 0x23, 0x57, 0x99, 0x54, 0x70, 0x00, 0x21, 0x85, 0xB8, 0x02, 0x21, 0x54,
	0xE0, 0x06, 0xDC, 0x1B, 0x44, 0xB3, 0xF4, 0x1B, 0x04, 0xB0, 0xF6, 0x4C, 0x00, 0x1B, 0x78, 0x47,
	0x21, 0xA5, 0xED, 0xF0, 0x0D, 0x05, 0xB3, 0x21, 0x07, 0x61, 0x00, 0x00, 0xB6, 0x21, 0x16, 0x47,
	0xFC, 0xFE, 0x21, 0xE4, 0x82, 0x1A, 0x48, 0x61, 0x01, 0xB0, 0x0F, 0x4E, 0xFE, 0xBF, 0x2F, 0x16,
	0x00, 0x4B, 0x1B, 0x98, 0xD6, 0x22, 0x5D, 0x49, 0xE2, 0x19, 0xC0, 0x27, 0x5D, 0x55, 0x77, 0x12,
	0xB0, 0xD3, 0x21, 0x15, 0x31, 0x03, 0x4C, 0x01, 0x27, 0x04, 0x11, 0x20, 0x01, 0xCF, 0x07, 0x48,
	0x02, 0x01, 0x1D, 0x53, 0x58, 0x21, 0x80, 0x04, 0x19, 0x73, 0x5F, 0xEF, 0x78, 0xD6, 0x21, 0x45,
	0x5B, 0x4C, 0x21, 0xFD, 0x25, 0x14, 0x12, 0xD0, 0xF5, 0x19, 0x42, 0x63, 0x04, 0xF2, 0x19, 0xA9,
	0x3D, 0x05, 0x19, 0x63, 0x97, 0x18, 0x05, 0x04, 0x22, 0xAE, 0x43, 0xAF, 0xF9, 0x0C, 0x4D, 0x21,
	0x7D, 0xEE, 0xFA, 0x64, 0xC1, 0x1F, 0x68, 0x5A, 0x21, 0xBD, 0xA4, 0x22, 0x21, 0x7C, 0x47, 0x19,
	0x19, 0x53, 0xC0, 0x22, 0x84, 0xA7, 0x1A, 0xB0, 0x55, 0x1B, 0x13, 0xA1, 0xDB, 0x94, 0xB8, 0x0D,
	0x06, 0x0A, 0xC7, 0x03, 0x6C, 0x70, 0x0A, 0x21, 0xBE, 0xB2, 0x60, 0x40, 0x0F, 0x04, 0x03, 0xB8,
	0x29, 0x1B, 0x4A, 0x5C, 0xEE, 0x0E, 0x64, 0x03, 0x18, 0x02, 0x18, 0x5F, 0x5D, 0x08, 0xDA, 0x8C,
	0x02, 0x2A, 0x66, 0x01, 0xCA, 0x0E, 0xBD, 0x07, 0x4C, 0x21, 0x97, 0x65, 0x41, 0xC0, 0x40, 0x5E,
	0x07, 0x1B, 0x78, 0x1B, 0x92, 0x5D, 0xC6, 0xAE, 0xC7, 0x03, 0x0A, 0xC2, 0x2A, 0x21, 0x74, 0xF0,
	0x1A, 0xA8, 0x5D, 0x1C, 0x81, 0x60, 0x96, 0x28, 0x0C, 0x01, 0x27, 0x35, 0xA8, 0x82, 0x8E, 0x02,
	0xAE, 0x09, 0x64, 0x17, 0x2A, 0x75, 0x01, 0x6A, 0x2F, 0xBD, 0x01, 0x5A, 0x86, 0x02, 0x80, 0xD8,
	0x28, 0x2D, 0xA8, 0x46, 0x84, 0x02, 0x02, 0x9F, 0xE5, 0x08, 0x01, 0x09, 0x23, 0x84, 0x2F, 0x22,
	0x1C, 0x72, 0x02, 0x05, 0x90, 0x1A, 0xE0, 0xA0, 0x15, 0x6A, 0x3D, 0x83, 0x89, 0xBC, 0x00, 0x03,
	0x22, 0x89, 0x31, 0x0C, 0x64, 0x10, 0x1A, 0x48, 0xCA, 0x16, 0xA8, 0xF8, 0x06, 0x24, 0x77, 0x24,
	0x71, 0x15, 0x0B, 0x6E, 0x10, 0x05, 0x23, 0x56, 0x3B, 0x91, 0xBB, 0x22, 0x9C, 0xBF, 0x03, 0xA0,
	0xB3, 0xED, 0x09, 0x24, 0x83, 0x22, 0xCC, 0x72, 0x0D, 0x02, 0x0F, 0xAF, 0xFD, 0x14, 0xD8, 0x96,
	0x09, 0xCF, 0xFE, 0x07, 0xC0, 0x82, 0x0D, 0xEF, 0xF9, 0x26, 0x1E, 0x8F, 0x02, 0x88, 0x22, 0xEC,
	0x6B, 0x22, 0x0D, 0x4D, 0x0D, 0x19, 0x59, 0xC1, 0x23, 0x1F, 0x41, 0x72, 0x03, 0x11, 0x91, 0xA0,
	0x0E, 0x11, 0xC0, 0xA2, 0x14, 0x38, 0x71, 0x0A, 0x7A, 0x01, 0x20, 0x90, 0x08, 0xC0, 0x25, 0x78,
	0x48, 0xC0, 0x8A, 0xE9, 0x03, 0x13, 0xE9, 0x95, 0xBE, 0x47, 0xE6, 0xE1, 0x42, 0xFE, 0x21, 0xEC,
	0x24, 0x12, 0xA9, 0xB3, 0x96, 0x21, 0xF5, 0x9C, 0x46, 0x25, 0x34, 0xCB, 0x26, 0x7C, 0x8B, 0x07,
	0x03, 0xC0, 0xB5, 0x09, 0x25, 0x80, 0x0F, 0xD8, 0xE6, 0x0A, 0x74, 0x52, 0x22, 0x9C, 0xDB, 0x11,
	0xAA, 0x12, 0xF4, 0x0B, 0x4C, 0xC4, 0x09, 0xB8, 0x60, 0x10, 0x7E, 0x0C, 0xC0, 0x96, 0x09, 0x2F,
	0xFF, 0xC1, 0x42, 0x1A, 0x21, 0x94, 0x8A, 0x84, 0x01, 0x05, 0x05, 0xC0, 0xCD, 0x71, 0x08, 0x20,
	0x40, 0x03, 0x12, 0xD8, 0xD2, 0x00, 0x10, 0xA5, 0x71, 0x09, 0x0D, 0x33, 0x18, 0x14, 0x70, 0x80,
	0xF5, 0xC3, 0x41, 0xC3, 0x01, 0x01, 0x00, 0xC1, 0x40, 0x86, 0x0B, 0x6F, 0xF9, 0xE1, 0x42, 0x05,
	0xC5, 0xF5, 0x70, 0x8E, 0x05, 0xE2, 0xFF, 0xE5, 0x77, 0x22, 0x05, 0xD4, 0xC5, 0x22, 0x56, 0x3A,
	0x78, 0x6E, 0x44, 0x03, 0x0B, 0x3F, 0xB8, 0x05, 0xC2, 0x0B, 0xC1, 0x07, 0xC8, 0x59, 0x61, 0x49,
	0x21, 0xC2, 0x07, 0x28, 0xD5, 0x04, 0x40, 0x2F, 0xD5, 0x04, 0x2F, 0x95, 0x26, 0x0D, 0x2B, 0xD5,
	0x04, 0x13, 0x77, 0x26, 0x25, 0x03, 0x10, 0xF7, 0x26, 0x40, 0xB3, 0xEF, 0x74, 0x26, 0x21, 0x6D,
	0x75, 0x66, 0x19, 0x1A, 0x39, 0x2C, 0x70, 0x0D, 0xCC, 0x44, 0x4F, 0x66, 0x44, 0xB0, 0xF0, 0x4E,
	0x00, 0x09, 0xC1, 0x0D, 0x7E, 0x09, 0x21, 0xDC, 0x46, 0x0C, 0x05, 0xCA, 0x14, 0x70, 0x6C, 0x0C,
	0x81, 0xFB, 0x86, 0x0F, 0xEF, 0xFD, 0x09, 0xD8, 0xAE, 0x29, 0xEC, 0xAE, 0x11, 0xF8, 0x1E, 0x00,
	0x23, 0x1A, 0x08, 0x46, 0xF2, 0x17, 0x00, 0x91, 0x78, 0x26, 0x01, 0x10, 0x00, 0x1F, 0x05, 0x12,
	0x3C, 0x26, 0x00, 0x70, 0x00, 0x00, 0x7F, 0x0C, 0x24, 0x78, 0x17, 0x08, 0x71, 0x00, 0x01, 0x1A,
	0x02, 0x30, 0xF9, 0x17, 0x80, 0x90, 0x0B, 0x08, 0x5E, 0x01, 0x01, 0x1A, 0x03, 0x30, 0x02, 0x1A,
	0x42, 0x30, 0x7A, 0x17, 0x80, 0x10, 0x12, 0x98, 0x11, 0x00, 0x05, 0x10, 0xF2, 0x0A, 0xD8, 0x15,
	0xEE, 0x83, 0xD9, 0xA6, 0x0D, 0x6F, 0xFB, 0x12, 0xB9, 0x9A, 0x0A, 0x8F, 0xFB, 0xAD, 0x76, 0x96,
	0xE8, 0x16, 0x47, 0x9D, 0x07, 0xD8, 0x12, 0x21, 0xC5, 0x64, 0x0E, 0x21, 0xC5, 0x64, 0x8A, 0x4F,
	0x03, 0x0A, 0xD8, 0x0D, 0x55, 0x01, 0x0D, 0x54, 0x01, 0x0A, 0x7A, 0x0D, 0x4F, 0xFB, 0xF6, 0x0E,
	0x2F, 0xFF, 0x0C, 0x75, 0xAD, 0x74, 0xEE, 0x5C, 0x00, 0x03, 0xA1, 0x40, 0xD5, 0x70, 0xFD, 0xD8,
	0x55, 0x73, 0x00, 0x45, 0x5E, 0xFD, 0x12, 0x19, 0x14, 0x08, 0x13, 0x58, 0x14, 0x24, 0x2C, 0xD1,
	0x22, 0x9F, 0x65, 0x7A, 0x15, 0x80, 0x22, 0xA5, 0x7A, 0x11, 0x7F, 0x0D, 0x0A, 0xD8, 0x0B, 0x11,
	0x71, 0x15, 0x09, 0x5D, 0x08, 0x32, 0x5D, 0x08, 0xAE, 0x7E, 0x08, 0x70, 0x0C, 0x11, 0xBB, 0x75,
	0x41, 0xD9, 0x22, 0x56, 0x0C, 0x13, 0xB9, 0x12, 0x09, 0xE6, 0x10, 0x0E, 0xB0, 0x75, 0xA2, 0x11,
	0x12, 0xB5, 0x0C, 0x74, 0x5E, 0x08, 0xB5, 0xC2, 0x23, 0x5E, 0x77, 0x08, 0x45, 0x06, 0x0E, 0x06,
	0xED, 0x05, 0x0E, 0x0A, 0x44, 0x07, 0x12, 0xC0, 0xE1, 0x1A, 0x22, 0x02, 0xF2, 0x0C, 0x05, 0x10,
	0x78, 0x21, 0x84, 0x21, 0x12, 0x73, 0x14, 0x04, 0x71, 0x62, 0x44, 0x07, 0x0D, 0x00, 0x1E, 0x85,
	0x10, 0x2C, 0x72, 0xB5, 0x70, 0xFE, 0xD8, 0x8F, 0xB9, 0xCA, 0x20, 0x62, 0x00, 0x57, 0x5D, 0xFD,
	0x20, 0xB6, 0x28, 0x4C, 0x76, 0x01, 0x07, 0x12, 0x0D, 0x36, 0x22, 0xA5, 0x4C, 0x58, 0x23, 0x9C,
	0x7E, 0x00, 0x14, 0x03, 0x01, 0xC2, 0x6C, 0x40, 0x21, 0x4B, 0x00, 0x66, 0x6E, 0x14, 0x70, 0x0A,
	0x26, 0xC0, 0x32, 0xBB, 0x7D, 0x40, 0x23, 0x9F, 0x04, 0xCA, 0x26, 0x42, 0x30, 0x14, 0x70, 0x05,
	0x25, 0xC0, 0x17, 0x40, 0x27, 0x0F, 0x31, 0x40, 0xC0, 0x47, 0x01, 0x13, 0xE7, 0x72, 0x19, 0xBE,
	0xE4, 0x6F, 0x43, 0x6C, 0x01, 0x04, 0x17, 0xA5, 0x7C, 0xA5, 0x7E, 0xA5, 0x7B, 0x1A, 0xA8, 0xB7,
	0x00, 0x10, 0x9E, 0x30, 0x00, 0x94, 0x00, 0x16, 0x1B, 0x11, 0xE0, 0x93, 0x3F, 0xDA, 0x08, 0xBA,
	0x04, 0x20, 0x9F, 0x00, 0x04, 0x23, 0x9B, 0x30, 0x04, 0x27, 0x80, 0x10, 0x05, 0x27, 0x9F, 0x37,
	0x05, 0x23, 0x8F, 0x37, 0x4C, 0x59, 0x08, 0x07, 0x00, 0x1C, 0xC4, 0x17, 0xE0, 0xB6, 0x00, 0xB3,
	0x00, 0xC0, 0x1A, 0x28, 0xA8, 0x00, 0x09, 0x20, 0x89, 0x03, 0xC7, 0x60, 0x90, 0x01, 0xC0, 0xA5,
	0x7F, 0x82, 0x79, 0x04, 0x23, 0x8B, 0x00, 0xC0, 0x90, 0x00, 0x97, 0xCE, 0x21, 0x21, 0x00, 0x53,
	0x26, 0x4D, 0x5C, 0x23, 0x0F, 0x4C, 0x01, 0xC5, 0xBB, 0x44, 0x7E, 0x44, 0x78, 0x3A, 0x63, 0x3D,
	0x65, 0x99, 0x61, 0x05, 0x79, 0x00, 0xC0, 0x22, 0x4D, 0x61, 0xC5, 0x0D, 0x25, 0xB0, 0x21, 0xCC,
	0xD2, 0x04, 0xB0, 0x01, 0xC0, 0xA0, 0xB0, 0x20, 0xB7, 0x18, 0x01, 0x61, 0xE0, 0xA1, 0x11, 0x70,
	0xBB, 0x00, 0x05, 0x4B, 0x09, 0xF5, 0x06, 0x08, 0x45, 0x25, 0x20, 0x80, 0x03, 0x31, 0xF0, 0x51,
	0xF0, 0x53, 0xF0, 0x25, 0xF0, 0x17, 0xF0, 0x23, 0xF0, 0x21, 0x44, 0x00, 0x02, 0x3D, 0xF0, 0x1F,
	0xF0, 0x1D, 0x45, 0x00, 0x1B, 0x45, 0x00, 0x19, 0x44, 0x00, 0x0A, 0x17, 0xF0, 0x0B, 0xF0, 0x2F,
	0xF0, 0x33, 0xF0, 0x35, 0xF0, 0x39, 0xF0, 0x11, 0x45, 0x00, 0x0F, 0x44, 0x00, 0x00, 0x07, 0x4A,
	0xF0, 0x4C, 0x72, 0x03, 0x1A, 0x83, 0x30, 0x4D, 0xF0, 0x95, 0x0E, 0x10, 0x18, 0x0F, 0x0E, 0x11,
	0x19, 0x09, 0xDA, 0x03, 0x1A, 0x43, 0x32, 0x45, 0x23, 0x05, 0xD9, 0x19, 0x5C, 0xA7, 0x19, 0x69,
	0x39, 0xF9, 0x19, 0x98, 0xAB, 0x55, 0x98, 0x3B, 0x04, 0x17, 0x0E, 0x25, 0xC1, 0x12, 0x8A, 0x20,
	0xFB, 0x0F, 0x38, 0x60, 0x47, 0x08, 0x75, 0x01, 0x8C, 0x21, 0x04, 0x84, 0x12, 0x8A, 0xB8, 0xDF,
	0xF1, 0x19, 0x70, 0xB4, 0x4D, 0x0B, 0x0D, 0x0D, 0x12, 0x73, 0x0F, 0x0E, 0xC3, 0x30, 0x27, 0x0D,
	0x01, 0x74, 0x0E, 0x01, 0x03, 0x31, 0x06, 0x21, 0x4C, 0x75, 0x4D, 0x09, 0x31, 0x06, 0x21, 0x4C,
	0x76, 0x4D, 0x0C, 0x31, 0x06, 0x21, 0x4C, 0x70, 0x5D, 0x02, 0x30, 0x0E, 0x21, 0x4C, 0x71, 0x5E,
	0x02, 0x30, 0x13, 0x0D, 0x18, 0xF2, 0x0E, 0x10, 0x08, 0x80, 0x74, 0x00, 0x02, 0x09, 0x80, 0xC5,
	0xF3, 0x0A, 0x46, 0x0F, 0x83, 0x32, 0x05, 0x82, 0x07, 0x5E, 0x00, 0xC3, 0x31, 0x0D, 0x14, 0x08,
	0x5E, 0x00, 0x03, 0x32, 0x12, 0x71, 0x1A, 0x1A, 0x13, 0xDA, 0x5E, 0x02, 0x0B, 0x47, 0x7F, 0xC6,
	0x87, 0x74, 0x22, 0x9C, 0x7F, 0x07, 0x8C, 0x20, 0xC3, 0x8F, 0x09, 0xF2, 0x21, 0x08, 0xD1, 0x01,
	0x22, 0x9D, 0x7F, 0x38, 0x23, 0x1E, 0x87, 0x06, 0xF0, 0xEE, 0x01, 0x05, 0x01, 0x4C, 0x00, 0x47,
	0x3C, 0x18, 0x90, 0x64, 0x21, 0x07, 0x80, 0x21, 0x00, 0x20, 0x13, 0x12, 0x40, 0xC3, 0x42, 0x7C,
	0x01, 0x06, 0x41, 0x28, 0x01, 0x04, 0x00, 0xB2, 0x22, 0xB2, 0x0D, 0x75, 0x02, 0x1A, 0x1A, 0x80,
	0xC4, 0x22, 0x6E, 0x7A, 0x18, 0x90, 0x11, 0x0C, 0x35, 0x05, 0x11, 0x00, 0x01, 0xFD, 0x08, 0x1F,
	0x80, 0x5E, 0x4F, 0x09, 0x00, 0x91, 0x01, 0x11, 0xA2, 0x2E, 0xE0, 0x7E, 0x16, 0x08, 0x7A, 0x14,
	0xA0, 0x35, 0x24, 0xAF, 0x24, 0x01, 0x00, 0x28, 0x02, 0x35, 0x0A, 0x3F, 0x0B, 0x01, 0x43, 0xC3,
	0x40, 0x87, 0x0C, 0x18, 0x05, 0x02, 0x11, 0x59, 0xD5, 0xFF, 0x12, 0x61, 0xDB, 0x9E, 0x5C, 0x00,
	0x05, 0x60, 0x40, 0x2F, 0x23, 0xC8, 0x80, 0x08, 0xF2, 0x12, 0xF8, 0x47, 0x05, 0x04, 0x13, 0x00,
	0x14, 0x8C, 0x23, 0x3F, 0x0F, 0x10, 0x01, 0xB1, 0xBB, 0xA3, 0x13, 0x70, 0x68, 0x22, 0x14, 0x8B,
	0x4D, 0xC8, 0x73, 0x22, 0xDC, 0xEC, 0x07, 0x04, 0x14, 0x0B, 0x30, 0x0B, 0xB8, 0x04, 0x7F, 0xAC,
	0xB8, 0x1A, 0xC0, 0x4C, 0x12, 0x98, 0x47, 0x22, 0x34, 0x5B, 0x22, 0x84, 0xD4, 0x11, 0x6A, 0x2F,
	0xC2, 0xA8, 0x11, 0x08, 0x1E, 0x12, 0x48, 0x9A, 0x19, 0x8B, 0x1B, 0x10, 0x02, 0x21, 0x04, 0x27,
	0x19, 0xAF, 0x09, 0x00, 0xE7, 0x71, 0x11, 0x29, 0xF2, 0x27, 0x11, 0x73, 0x70, 0xC0, 0xE3, 0x74,
	0x19, 0xF0, 0x5B, 0x0E, 0xC0, 0x0E, 0xEF, 0x02, 0xC0, 0x23, 0x0F, 0x21, 0x10, 0x8B, 0x27, 0x03,
	0xBC, 0x1A, 0x27, 0xC0, 0x37, 0x1A, 0x70, 0x13, 0x03, 0x6C, 0x78, 0x1A, 0x62, 0x26, 0xF0, 0x56,
	0x01, 0x30, 0x00, 0x21, 0x85, 0x52, 0x20, 0x0D, 0x67, 0xF2, 0x55, 0x03, 0xB0, 0x05, 0xFB, 0x51,
	0x06, 0x04, 0xB1, 0x07, 0x55, 0x75, 0xA1, 0x03, 0x14, 0xF0, 0x4B, 0x27, 0x19, 0x48, 0xD3, 0x67,
	0x02, 0xB0, 0x0C, 0x73, 0x44, 0x02, 0x11, 0x3A, 0x56, 0x51, 0x27, 0x21, 0x1D, 0xBB, 0x75, 0x0D,
	0x02, 0x21, 0x19, 0x82, 0x74, 0x2F, 0x20, 0x21, 0x3B, 0x76, 0xB8, 0x1D, 0x65, 0x04, 0x12, 0x00,
	0x01, 0x1E, 0x66, 0x65, 0x72, 0x64, 0x71, 0x1D, 0xEC, 0x00, 0xC0, 0x04, 0x28, 0x00, 0x03, 0x04,
	0x71, 0x1D, 0x7B, 0x09, 0x46, 0x0E, 0x10, 0x77, 0x04, 0xCA, 0x07, 0x81, 0x10, 0xCA, 0x25, 0x81,
	0x17, 0xA9, 0x44, 0xD9, 0x43, 0x22, 0xF7, 0x64, 0x04, 0x28, 0x01, 0x19, 0x1B, 0x08, 0x83, 0x18,
	0xC2, 0x21, 0xAF, 0x8C, 0x3D, 0x7A, 0x01, 0x11, 0xEB, 0x8C, 0x82, 0x19, 0x82, 0x21, 0x05, 0xC8,
	0x00, 0x9D, 0xB7, 0x99, 0x21, 0x9D, 0x44, 0x3E, 0x21, 0x17, 0x74, 0x63, 0x42, 0xCD, 0x21, 0xA5,
	0xA8, 0x36, 0x44, 0x01, 0x11, 0x69, 0x6F, 0x73, 0x2E, 0x0D, 0xC2, 0xA3, 0x25, 0xFE, 0x7F, 0x40,
	0x8A, 0x04, 0xB5, 0x23, 0xFC, 0x7F, 0x06, 0x22, 0x01, 0x0B, 0x28, 0x46, 0xFF, 0xD9, 0x58, 0x60,
	0x1E, 0xA9, 0x24, 0x12, 0x19, 0xAA, 0x9E, 0xD6, 0x0E, 0x04, 0xA5, 0x5E, 0x86, 0x71, 0xB8, 0x23,
	0x0E, 0x20, 0x40, 0x03, 0x22, 0xD6, 0x7D, 0x48, 0xD8, 0x19, 0xE8, 0xD2, 0x21, 0xCE, 0x31, 0xED,
	0x70, 0x24, 0x34, 0x7F, 0x05, 0x63, 0x43, 0x42, 0xC7, 0x6A, 0x0F, 0xAF, 0xF9, 0x05, 0xCB, 0x34,
	0x9C, 0xDD, 0x12, 0xEB, 0x4A, 0xC7, 0x40, 0xC7, 0x21, 0x16, 0x3F, 0xF9, 0x41, 0x19, 0x51, 0x44,
	0xEE, 0x75, 0xFD, 0x71, 0x30, 0xFC, 0x01, 0x28, 0xDC, 0xC8, 0x19, 0x1A, 0xB4, 0x70, 0x6E, 0x47,
	0x0D, 0x2C, 0x70, 0xED, 0x28, 0x35, 0x20, 0xC7, 0x0D, 0x0E, 0x16, 0x47, 0x08, 0x40, 0xC7, 0x09,
	0x21, 0x44, 0x6A, 0x24, 0xC6, 0xC7, 0x08, 0x00, 0x04, 0x05, 0x22, 0x56, 0xA4, 0xFE, 0x0E, 0x7C,
	0x02, 0x0D, 0x3E, 0x0A, 0xEF, 0xF9, 0xFF, 0xD8, 0xB5, 0x72, 0xAD, 0x72, 0xCA, 0x25, 0x61, 0x11,
	0x0C, 0xD8, 0x24, 0xE4, 0xC7, 0xA5, 0x04, 0xDA, 0x84, 0x04, 0x01, 0x0B, 0xEE, 0x41, 0x6D, 0xBC,
	0x02, 0xB4, 0x02, 0x4D, 0x09, 0xF0, 0xA4, 0x01, 0xB4, 0x02, 0x0B, 0x40, 0xC7, 0xA1, 0x42, 0xB2,
	0x0E, 0x8F, 0xF9, 0xED, 0x70, 0x92, 0xBF, 0xCD, 0x70, 0x45, 0x02, 0x72, 0x11, 0xD3, 0x55, 0x40,
	0x42, 0xC6, 0x65, 0x04, 0x9A, 0x65, 0x08, 0xC6, 0x9C, 0x04, 0x54, 0x02, 0xAD, 0x02, 0x86, 0xAC,
	0x02, 0x2B, 0x45, 0x20, 0x72, 0x8E, 0x02, 0x41, 0x2F, 0x08, 0x69, 0x28, 0xA5, 0x1F, 0x5E, 0x27,
	0x9C, 0x00, 0x26, 0x7D, 0xC8, 0x4A, 0x86, 0x02, 0x76, 0x09, 0x64, 0x16, 0x2A, 0x7D, 0xC8, 0x32,
	0xC4, 0x05, 0x5D, 0x1B, 0x74, 0x0E, 0x37, 0x0E, 0x00, 0xBD, 0x0C, 0x1E, 0x94, 0x02, 0x15, 0x60,
	0xAC, 0x6C, 0x21, 0x95, 0x02, 0x06, 0x94, 0x02, 0x2E, 0x1C, 0x05, 0x0B, 0xAB, 0xC1, 0x51, 0xD9,
	0x4A, 0xC0, 0x0C, 0x74, 0x4E, 0x0F, 0x2F, 0xFB, 0x10, 0xB9, 0x1A, 0xA0, 0xDF, 0xBE, 0xF4, 0x72,
	0x0B, 0x22, 0xE4, 0x7F, 0x32, 0x6F, 0x34, 0x14, 0x70, 0xF7, 0x21, 0xD4, 0xD6, 0x11, 0x89, 0x6D,
	0xFB, 0x06, 0x73, 0xE8, 0xD9, 0x11, 0x6B, 0x2A, 0xB9, 0x42, 0x69, 0x11, 0xC9, 0xB9, 0x6A, 0x22,
	0x5C, 0xE8, 0x23, 0x4C, 0xA3, 0x21, 0x57, 0x43, 0x40, 0x92, 0x83, 0x0D, 0xDE, 0xB3, 0x22, 0x74,
	0xED, 0x06, 0x50, 0xB3, 0x09, 0xCA, 0x07, 0xC5, 0x4A, 0x26, 0x80, 0x0C, 0xF1, 0x09, 0x25, 0xE8,
	0x0A, 0x23, 0x40, 0x33, 0x04, 0x13, 0x8F, 0x34, 0x32, 0x26, 0x24, 0x94, 0xE8, 0x7D, 0x4D, 0x52,
	0x21, 0x64, 0xA0, 0x21, 0x3C, 0xE1, 0x00, 0x02, 0xFB, 0xE1, 0x43, 0x20, 0x14, 0x01, 0x31, 0x04,
	0xC0, 0xC5, 0x71, 0x0F, 0x7A, 0x12, 0x69, 0x8C, 0xB8, 0x92, 0xB8, 0x58, 0x25, 0xED, 0xE8, 0xE0,
	0x19, 0x78, 0xDD, 0x07, 0x09, 0xCA, 0x24, 0x71, 0xC9, 0x0E, 0x24, 0x90, 0x44, 0xC1, 0x1A, 0xA0,
	0x4E, 0x21, 0x85, 0x37, 0x36, 0x11, 0x38, 0x67, 0x09, 0xC0, 0x53, 0x20, 0x7C, 0x80, 0xAF, 0xF2,
	0x04, 0xC0, 0x2F, 0x21, 0x07, 0x1A, 0x81, 0x46, 0x03, 0x12, 0xDA, 0x92, 0x02, 0xB8, 0x6C, 0x07,
	0x26, 0xDE, 0xE9, 0x24, 0x71, 0x5E, 0x7E, 0x00, 0x9D, 0x11, 0xE3, 0x28, 0x1B, 0x78, 0x49, 0x23,
	0x84, 0x49, 0x21, 0x55, 0x35, 0x0C, 0x6D, 0x45, 0x05, 0x19, 0x7A, 0x1C, 0xF4, 0x21, 0x22, 0x0E,
	0x2D, 0x2A, 0x08, 0x0C, 0x55, 0x0B, 0x10, 0x78, 0xAD, 0x70, 0x46, 0xC5, 0x73, 0xF0, 0x09, 0xC2,
	0x05, 0xC0, 0xCB, 0x44, 0x7C, 0x1F, 0x06, 0xB5, 0x7A, 0x14, 0xE4, 0x14, 0x70, 0xD8, 0x62, 0x00,
	0x1A, 0xD0, 0x0A, 0x5C, 0x01, 0x06, 0x98, 0x60, 0xCA, 0x20, 0x81, 0x00, 0x32, 0x25, 0x8F, 0x85,
	0x17, 0x00, 0x56, 0x5B, 0x6C, 0x71, 0x22, 0xC6, 0xB5, 0x07, 0xEE, 0x0C, 0x26, 0x00, 0x02, 0x04,
	0x77, 0x0B, 0x0D, 0x20, 0x10, 0x4C, 0x70, 0x22, 0xDA, 0x06, 0xC0, 0xD8, 0x7B, 0x18, 0xE8, 0x2D,
	0x0F, 0x11, 0x13, 0x14, 0x81, 0x43, 0x1C, 0x11, 0x48, 0xFE, 0x0D, 0x19, 0x7C, 0x6B, 0x7C, 0x43,
	0xF2, 0x12, 0x6B, 0x65, 0x78, 0x0F, 0x78, 0x85, 0x23, 0x3E, 0x30, 0x22, 0x4C, 0x69, 0x19, 0xD9,
	0x9E, 0x06, 0x7E, 0x5F, 0x0A, 0xF0, 0xBC, 0x02, 0x6C, 0x02, 0x7D, 0x01, 0x63, 0x19, 0x90, 0xCB,
	0x6F, 0x4F, 0x23, 0x0E, 0x51, 0x11, 0xDB, 0xA1, 0x8D, 0xE8, 0x1B, 0x85, 0x09, 0x80, 0x84, 0x09,
	0x01, 0x05, 0xE8, 0xA5, 0x77, 0x1C, 0xA2, 0x52, 0x46, 0xC0, 0x2A, 0x5E, 0x00, 0x87, 0xE8, 0x46,
	0x07, 0x74, 0x7A, 0x54, 0x5D, 0x45, 0xB7, 0xC2, 0x1A, 0xB8, 0x45, 0x65, 0x92, 0x05, 0x23, 0x75,
	0xFE, 0x53, 0x21, 0x07, 0xF7, 0xC1, 0x43, 0x6E, 0x21, 0x1E, 0x57, 0x41, 0xC7, 0x12, 0xC8, 0x5A,
	0x0B, 0x91, 0xF5, 0xA5, 0x71, 0x09, 0xCA, 0x1B, 0x0D, 0x22, 0x90, 0xCD, 0x70, 0x28, 0xD8, 0x15,
	0x01, 0x78, 0x72, 0x24, 0x1E, 0x86, 0xE6, 0x0B, 0x77, 0x70, 0x01, 0x30, 0x05, 0x13, 0x71, 0x0F,
	0xD8, 0x21, 0x0D, 0x3A, 0x45, 0x25, 0xE6, 0x26, 0x14, 0x72, 0x21, 0x5F, 0x3A, 0x72, 0xF2, 0x05,
	0x22, 0x54, 0x3A, 0x22, 0xFD, 0x95, 0xFC, 0x21, 0x27, 0xD7, 0x20, 0xB0, 0xF8, 0x21, 0x2D, 0xB1,
	0xAB, 0x10, 0x08, 0x52, 0x7D, 0x43, 0xC1, 0x22, 0x1C, 0xD7, 0x09, 0x2C, 0x70, 0x48, 0xC3, 0xDA,
	0x0A, 0x6F, 0xF9, 0x45, 0xC2, 0x0F, 0xC0, 0x22, 0x24, 0xDD, 0x12, 0xA0, 0xFB, 0x21, 0x86, 0x4F,
	0x71, 0x06, 0x21, 0xCD, 0x43, 0x38, 0x21, 0xD5, 0x65, 0x32, 0x1A, 0xD1, 0xDF, 0x80, 0x11, 0xA0,
	0xB1, 0x4C, 0x28, 0x0B, 0x16, 0x09, 0x2F, 0xF9, 0xA1, 0x42, 0x09, 0xC2, 0x44, 0x79, 0x08, 0xC2,
	0x44, 0x78, 0x22, 0x95, 0x5B, 0x85, 0x21, 0x27, 0xE3, 0xA8, 0x60, 0x1F, 0x21, 0x25, 0x34, 0x44,
	0x23, 0xE4, 0x93, 0x26, 0x27, 0xD8, 0x41, 0xC7, 0x42, 0x8C, 0x14, 0x21, 0x4D, 0xD8, 0xC3, 0x75,
	0x25, 0x4C, 0xD5, 0x02, 0x2A, 0x54, 0x02, 0x22, 0x9F, 0x79, 0x22, 0xD9, 0x76, 0x54, 0x5C, 0x05,
	0x4C, 0x70, 0x31, 0xEE, 0x47, 0x0E, 0x11, 0x14, 0x24, 0xCC, 0x44, 0x01, 0x20, 0x88, 0x03, 0x88,
	0x16, 0xE3, 0x8D, 0x3C, 0x20, 0x40, 0x13, 0xF0, 0x8D, 0x03, 0x07, 0xC0, 0x0B, 0x7A, 0x11, 0xF2,
	0xAE, 0x08, 0x87, 0xBB, 0xF6, 0x08, 0xE6, 0x0A, 0xF5, 0x08, 0x2E, 0x94, 0x08, 0x04, 0x42, 0x26,
	0x40, 0x14, 0x83, 0x08, 0xB5, 0x13, 0xFB, 0x3F, 0x20, 0x88, 0xFE, 0x11, 0xB0, 0x41, 0x0B, 0x9F,
	0x21, 0x1F, 0x04, 0x9F, 0x20, 0x83, 0x0E, 0x2D, 0xF0, 0x06, 0xC0, 0x22, 0xE8, 0x12, 0x19, 0xAC,
	0x11, 0x11, 0xF1, 0x38, 0x03, 0x0D, 0x47, 0x88, 0x07, 0xA2, 0xFE, 0x80, 0x1A, 0x21, 0xF6, 0x86,
	0x42, 0x0A, 0x74, 0x95, 0x1A, 0x28, 0x37, 0x6C, 0x4C, 0x14, 0x29, 0x3D, 0x0A, 0x11, 0x03, 0xE6,
	0x08, 0xD9, 0xBE, 0x11, 0x71, 0x3A, 0x03, 0x54, 0x27, 0x21, 0x8F, 0xDC, 0x0D, 0xF6, 0x0B, 0x66,
	0x02, 0x13, 0xF0, 0x2E, 0x66, 0x01, 0x03, 0x02, 0x12, 0xD0, 0xE7, 0x06, 0x4C, 0x70, 0x04, 0x71,
	0x10, 0x79, 0xAA, 0x0D, 0xAF, 0x4C, 0xA7, 0x04, 0xC5, 0x71, 0x96, 0xE6, 0xD6, 0x06, 0xC5, 0x06,
	0x5F, 0x41, 0xD9, 0x22, 0x55, 0x39, 0x4C, 0x1B, 0x98, 0x38, 0x6D, 0x0C, 0x05, 0x57, 0x73, 0x0C,
	0x70, 0xAA, 0x21, 0x86, 0xD8, 0xE1, 0x41, 0x10, 0x05, 0x00, 0x7A, 0x05, 0xAB, 0xC1, 0x49, 0xC3,
	0x45, 0xC2, 0x43, 0xC1, 0x5D, 0x39, 0xFB, 0x6D, 0x31, 0x52, 0x8C, 0x11, 0x75, 0x84, 0x56, 0x64,
	0x08, 0x07, 0x71, 0x10, 0xC0, 0xCD, 0x70, 0xD9, 0x43, 0x4A, 0xC0, 0x12, 0x47, 0x32, 0x11, 0xC0,
	0x48, 0x35, 0x54, 0x06, 0x11, 0xA1, 0xD2, 0xF8, 0x05, 0x65, 0x0A, 0x55, 0x32, 0x09, 0xD5, 0x32,
	0x88, 0x94, 0x32, 0x1A, 0x58, 0xEB, 0x67, 0x0F, 0x1E, 0xD9, 0x0A, 0x95, 0x09, 0x51, 0x54, 0x34,
	0x7E, 0x28, 0xFA, 0x0C, 0x74, 0x01, 0x44, 0x01, 0x1F, 0x38, 0x6B, 0x01, 0x41, 0xC7, 0x92, 0x09,
	0xB7, 0x35, 0x0C, 0x70, 0x2D, 0x18, 0x04, 0x92, 0x6B, 0x7A, 0x09, 0xAF, 0xBB, 0x2C, 0x76, 0xC6,
	0x94, 0x06, 0x09, 0x04, 0xC1, 0xA1, 0x40, 0xAE, 0x0D, 0xAF, 0xF9, 0xE1, 0x42, 0x51, 0xF0, 0x6D,
	0x01, 0xA2, 0x8F, 0x01, 0x1D, 0xEE, 0x93, 0x3F, 0x16, 0x07, 0x39, 0xF2, 0x75, 0x08, 0x7E, 0x27,
	0x14, 0x01, 0x04, 0x87, 0xB9, 0xDC, 0xF1, 0x06, 0xC0, 0x28, 0x2F, 0x6F, 0x06, 0x20, 0xF2, 0xBE,
	0x21, 0xC4, 0x2E, 0x11, 0x71, 0x55, 0x08, 0xBE, 0x33, 0x3E, 0x08, 0xED, 0x22, 0x42, 0x8C, 0x07,
	0xA6, 0x35, 0x5E, 0x0A, 0x7E, 0x32, 0x16, 0x0A, 0x28, 0xA5, 0x06, 0x4E, 0x84, 0x02, 0x02, 0x0C,
	0x70, 0x18, 0xD9, 0x1A, 0xFE, 0x1B, 0x76, 0x12, 0x84, 0x01, 0x65, 0x33, 0xD0, 0x45, 0x33, 0x66,
	0x9E, 0x0A, 0x4A, 0x08, 0x27, 0x4E, 0x06, 0x71, 0x16, 0x4F, 0xA9, 0xE1, 0x41, 0xFE, 0x0E, 0x05,
	0xFB, 0xAB, 0x2B, 0x5C, 0x06, 0x22, 0xAE, 0xA1, 0x49, 0x61, 0x22, 0xB6, 0xA1, 0x43, 0xC1, 0x5C,
	0x63, 0x09, 0x47, 0xBA, 0x0F, 0x2F, 0xF9, 0x68, 0x46, 0x13, 0x0E, 0x5F, 0x10, 0x3A, 0x0C, 0xF3,
	0x6E, 0x11, 0xB6, 0x0B, 0x65, 0x0B, 0x32, 0x19, 0x4B, 0x21, 0xEF, 0x78, 0x9E, 0x54, 0x0C, 0x45,
	0xC7, 0x27, 0x21, 0x24, 0xF9, 0x4C, 0x50, 0x7D, 0x74, 0x20, 0x74, 0xC1, 0x21, 0x7D, 0x5A, 0x3E,
	0x4C, 0x0D, 0x05, 0x41, 0xC0, 0x25, 0xF0, 0x4B, 0x0F, 0x31, 0x14, 0x28, 0x36, 0x19, 0x41, 0x30,
	0x6E, 0x78, 0x22, 0x08, 0xAF, 0x78, 0x03, 0xC0, 0x3D, 0x21, 0x16, 0x31, 0x03, 0xCA, 0x12, 0xC0,
	0x26, 0x06, 0x96, 0x0E, 0x6F, 0xFC, 0x13, 0xB8, 0xBE, 0x0F, 0x8F, 0x7D, 0x1F, 0x0F, 0xFC, 0x52,
	0x07, 0x88, 0x13, 0x72, 0x09, 0x6F, 0xFD, 0x14, 0xD9, 0x10, 0xF0, 0x17, 0x88, 0xEA, 0x4D, 0x0B,
	0xE2, 0x5F, 0x03, 0x41, 0xC0, 0x92, 0x8D, 0x05, 0x76, 0x6C, 0x05, 0x05, 0x71, 0xE0, 0xBE, 0x34,
	0x08, 0xC1, 0xFB, 0xA4, 0x29, 0x2C, 0x9C, 0x14, 0xA0, 0x1E, 0x09, 0xA3, 0x96, 0x48, 0x21, 0x7C,
	0x00, 0xBB, 0x7A, 0x8D, 0xBA, 0x93, 0xBA, 0x4D, 0xAF, 0x02, 0x1A, 0xA3, 0xF7, 0x05, 0x22, 0x8C,
	0x13, 0x30, 0x29, 0x09, 0x44, 0x72, 0x60, 0xB4, 0xB9, 0x61, 0x20, 0xB6, 0x23, 0xB6, 0xC4, 0xC4,
	0xEC, 0x52, 0x0E, 0x10, 0xC4, 0x68, 0x46, 0x45, 0xC2, 0x47, 0xC4, 0x11, 0xC4, 0x44, 0xC1, 0x43,
	0xC0, 0x46, 0xC4, 0x40, 0x13, 0x11, 0x67, 0xE5, 0x11, 0x43, 0xE5, 0x49, 0xC5, 0xAD, 0x04, 0x43,
	0x06, 0xC4, 0x07, 0xC0, 0x2C, 0x71, 0xB8, 0x79, 0x24, 0x78, 0x5E, 0x52, 0x69, 0x6F, 0x21, 0xC6,
	0x51, 0x4F, 0x03, 0x1A, 0x89, 0x0C, 0x77, 0x1B, 0xD0, 0x30, 0x03, 0x0A, 0xC1, 0x0B, 0x79, 0x35,
	0xF2, 0x24, 0xF7, 0xA0, 0x9E, 0x0A, 0x6F, 0x44, 0xCF, 0x1E, 0x29, 0x67, 0x1B, 0x1F, 0x2B, 0x67,
	0x2B, 0x08, 0xFF, 0x19, 0x62, 0x12, 0x06, 0xC1, 0x12, 0x80, 0x6C, 0x0D, 0x42, 0xC1, 0x03, 0xC1,
	0x04, 0xC2, 0x05, 0xC3, 0x19, 0x61, 0x5A, 0x25, 0x80, 0x1D, 0x40, 0xC6, 0x67, 0x23, 0x19, 0x61,
	0xE6, 0x21, 0x77, 0xDA, 0xEF, 0x78, 0x11, 0x0F, 0xEE, 0xC1, 0x63, 0x40, 0x75, 0x04, 0x41, 0x2D,
	0x96, 0x00, 0x19, 0x61, 0x21, 0x94, 0xC7, 0x47, 0x04, 0x77, 0x71, 0x6F, 0x0C, 0x83, 0x5D, 0xA4,
	0x71, 0x11, 0xA1, 0x71, 0x32, 0x56, 0x0D, 0x0C, 0x73, 0x27, 0x1C, 0x07, 0x08, 0xC3, 0x68, 0x47,
	0x48, 0x45, 0x28, 0x46, 0xF8, 0x1C, 0x09, 0xB0, 0x6C, 0x0A, 0x02, 0x01, 0x1C, 0xC2, 0x30, 0xEA,
	0x4F, 0x59, 0x60, 0xC3, 0x78, 0x21, 0xB7, 0x97, 0x1B, 0x78, 0x41, 0x21, 0x6D, 0xFD, 0x8E, 0x5F,
	0x01, 0xA1, 0x41, 0xD6, 0x54, 0x00, 0x11, 0x2B, 0x20, 0x70, 0x32, 0x0E, 0x6C, 0x28, 0x14, 0xF0,
	0x6A, 0x00, 0x14, 0x45, 0x29, 0x8B, 0x01, 0x08, 0x46, 0xAD, 0x70, 0x1C, 0xF0, 0x83, 0x8E, 0xE1,
	0x8E, 0x22, 0x8E, 0x00, 0x8E, 0x45, 0x8E, 0x08, 0xBC, 0x64, 0x8E, 0x08, 0xBF, 0x85, 0x79, 0xE5,
	0x78, 0x10, 0xB9, 0x08, 0xBA, 0x05, 0x79, 0x34, 0x77, 0x22, 0x46, 0xB1, 0x06, 0xF2, 0x24, 0x24,
	0xB7, 0x07, 0x00, 0xB1, 0x04, 0xF0, 0x62, 0x0F, 0x0F, 0xFD, 0xC5, 0x76, 0x1A, 0xFA, 0x72, 0xC4,
	0x92, 0x28, 0x9C, 0x15, 0x01, 0xA2, 0xC1, 0x08, 0xC4, 0x1C, 0xE0, 0x5C, 0x19, 0xB8, 0x4C, 0x00,
	0x0F, 0xC4, 0x00, 0xC6, 0x80, 0x8D, 0x04, 0xEE, 0x4C, 0x71, 0x89, 0x46, 0x0C, 0xF0, 0x07, 0xC2,
	0x05, 0xEA, 0x5F, 0x24, 0x8E, 0x12, 0x03, 0xF0, 0x5F, 0x24, 0x4E, 0x12, 0x79, 0x22, 0x02, 0x00,
	0x09, 0xE2, 0x1A, 0x4B, 0x25, 0x01, 0x15, 0x9B, 0x11, 0xA0, 0xAD, 0x00, 0x05, 0x1F, 0x00, 0x14,
	0x21, 0x83, 0x03, 0xE7, 0x76, 0x05, 0x23, 0x1E, 0x10, 0x2F, 0xF0, 0x40, 0x2C, 0x0D, 0x13, 0x05,
	0x25, 0x8D, 0x17, 0x6D, 0x22, 0x66, 0xE0, 0x0A, 0x00, 0x19, 0x48, 0xB0, 0x00, 0x13, 0x40, 0x05,
	0x69, 0x46, 0x34, 0x70, 0x01, 0xC1, 0xC0, 0x7E, 0x0A, 0xE9, 0x3D, 0x68, 0x40, 0xDF, 0x3A, 0xB9,
	0x04, 0x28, 0xCF, 0x03, 0x38, 0x60, 0xC5, 0xB8, 0x22, 0x78, 0x0A, 0xF0, 0x8A, 0x21, 0xCF, 0x0F,
	0x04, 0x20, 0x8F, 0x12, 0xA1, 0x58, 0xFC, 0x04, 0x6A, 0x0D, 0x2A, 0xBF, 0xA5, 0x7E, 0xDB, 0x7E,
	0xF0, 0x79, 0x91, 0xBE, 0x00, 0x29, 0xC1, 0x07, 0x9C, 0xBE, 0x1A, 0xB0, 0x35, 0x0C, 0x25, 0x78,
	0x9F, 0xBE, 0x00, 0xB6, 0x85, 0x71, 0xA9, 0x0B, 0x25, 0xB3, 0x0A, 0x24, 0x80, 0x17, 0xF8, 0x9B,
	0x5C, 0x16, 0x21, 0x66, 0xF5, 0x1B, 0x7C, 0x0D, 0x6D, 0x14, 0x5C, 0x43, 0x07, 0x05, 0x24, 0x0E,
	0x10, 0x04, 0x72, 0x68, 0x47, 0x20, 0xB6, 0x64, 0x01, 0x00, 0x1A, 0x40, 0x20, 0x8B, 0x00, 0xAD,
	0x27, 0x01, 0x14, 0x40, 0xB6, 0x40, 0x23, 0x8E, 0x10, 0x03, 0xBD, 0x05, 0x24, 0xC0, 0x12, 0x85,
	0x7E, 0xE5, 0x7D, 0x60, 0xB0, 0xA0, 0xB6, 0x06, 0xC8, 0xA3, 0xB0, 0x62, 0xB0, 0x41, 0xB0, 0x08,
	0x18, 0x54, 0x00, 0x16, 0x50, 0xC6, 0xC4, 0x29, 0x7D, 0x5B, 0x3D, 0x22, 0x06, 0x2A, 0xCC, 0x0D,
	0x75, 0xDC, 0x5A, 0x11, 0x11, 0x0D, 0x05, 0x11, 0xB1, 0x61, 0x86, 0x11, 0x21, 0x0D, 0x06, 0x5C,
	0x00, 0x11, 0x79, 0x35, 0x3A, 0x13, 0x50, 0x78, 0x04, 0x04, 0xFA, 0x09, 0xEF, 0xF8, 0x08, 0xDA,
	0x6E, 0x01, 0x80, 0x04, 0x21, 0xCE, 0x7E, 0x39, 0x80, 0x11, 0x53, 0x31, 0x16, 0xDA, 0xE2, 0x54,
	0x02, 0x01, 0x5A, 0x1C, 0x45, 0x30, 0x7C, 0x02, 0x02, 0xF4, 0x04, 0x9E, 0xC0, 0xD2, 0x5D, 0x01,
	0x1C, 0x94, 0x04, 0x02, 0xB0, 0x04, 0x9B, 0xC0, 0xC6, 0x55, 0x01, 0x0C, 0x94, 0x01, 0x02, 0xBC,
	0x04, 0x97, 0xC0, 0xB6, 0x56, 0x01, 0x10, 0xDA, 0x22, 0xDC, 0xDB, 0x00, 0x02, 0x09, 0x08, 0x03,
	0x08, 0x11, 0x08, 0x34, 0x02, 0x55, 0xC1, 0xC3, 0x40, 0x13, 0x08, 0x08, 0x08, 0x55, 0xC0, 0x06,
	0xC8, 0x74, 0x04, 0x03, 0x08, 0x01, 0xEA, 0x11, 0x0F, 0x81, 0x22, 0x34, 0x30, 0x13, 0x21, 0xDA,
	0x70, 0x65, 0x02, 0x3A, 0x22, 0x9C, 0xEA, 0x54, 0xDE, 0x00, 0x3A, 0x0C, 0x71, 0x35, 0x0E, 0xF0,
	0x30, 0x4D, 0xC0, 0x39, 0x0E, 0x70, 0x30, 0x9E, 0xC5, 0x51, 0x0E, 0xB0, 0x30, 0x97, 0xC1, 0x55,
	0x0E, 0x31, 0x30, 0x0C, 0x71, 0x55, 0x24, 0xCC, 0x3A, 0x54, 0x24, 0x43, 0x3B, 0x8A, 0x22, 0x04,
	0x01, 0x0A, 0xD9, 0x0C, 0x72, 0x4D, 0xC1, 0x44, 0xC4, 0x45, 0xC3, 0x24, 0x1C, 0x84, 0x30, 0x1A,
	0xF0, 0x95, 0xC1, 0x24, 0x1C, 0x83, 0x30, 0x14, 0xF0, 0x03, 0xC8, 0x55, 0x24, 0x4C, 0x39, 0x9B,
	0xC3, 0x8A, 0x22, 0xD8, 0x02, 0x09, 0xD9, 0x4D, 0x02, 0x33, 0x55, 0x04, 0xC5, 0x0F, 0xCE, 0x47,
	0xC3, 0x26, 0x5E, 0x04, 0x06, 0xF0, 0x06, 0x04, 0x03, 0x32, 0x11, 0x49, 0x72, 0xC1, 0xBD, 0x1B,
	0x15, 0x4D, 0x1B, 0x0F, 0x21, 0x1D, 0x23, 0x50, 0x19, 0xAB, 0x20, 0x89, 0xC3, 0x0D, 0x21, 0x5F,
	0x2F, 0x4F, 0x25, 0x42, 0x19, 0x54, 0xCC, 0x00, 0x06, 0x4B, 0xC0, 0xA8, 0x63, 0x54, 0x73, 0xCA,
	0x21, 0x62, 0x00, 0x4F, 0xC0, 0x48, 0x21, 0x40, 0x00, 0x51, 0xC0, 0x57, 0xF0, 0x84, 0xC0, 0xA0,
	0x48, 0x1A, 0x39, 0xB9, 0x10, 0x19, 0x4E, 0xF6, 0x54, 0xC0, 0x12, 0xE9, 0xD8, 0x4C, 0x8D, 0xC1,
	0x0B, 0x19, 0x42, 0x20, 0x0C, 0xC3, 0x44, 0x2B, 0x55, 0x34, 0xF4, 0x46, 0x6F, 0x14, 0xC0, 0x21,
	0x07, 0xC8, 0x06, 0x25, 0x78, 0x11, 0x40, 0x40, 0x00, 0x17, 0x7C, 0x17, 0x0D, 0xB4, 0x10, 0x05,
	0x24, 0x81, 0x10, 0x02, 0x6C, 0x45, 0x78, 0x20, 0x91, 0x40, 0x90, 0x8D, 0x73, 0x0B, 0xF0, 0x20,
	0x91, 0x44, 0x20, 0x40, 0x80, 0x8D, 0x72, 0xCA, 0x24, 0x61, 0x10, 0x13, 0x7A, 0x14, 0x70, 0x24,
	0x7A, 0xC0, 0x79, 0x6C, 0x73, 0x4C, 0x22, 0x56, 0xDA, 0x8B, 0xE8, 0x24, 0x2F, 0xC0, 0xE8, 0x00,
	0x87, 0xC4, 0x01, 0x05, 0xEA, 0x00, 0x0B, 0xE8, 0x7D, 0x7B, 0x12, 0x6F, 0x1A, 0x88, 0xFA, 0x05,
	0xF2, 0x0D, 0xEF, 0xFF, 0x40, 0xC4, 0xE5, 0x71, 0x6E, 0x25, 0x08, 0xC0, 0x22, 0xE6, 0xFC, 0x04,
	0x77, 0x11, 0x99, 0x15, 0x80, 0x06, 0x21, 0xC5, 0x71, 0x19, 0x33, 0xC5, 0x0E, 0x04, 0x90, 0x25,
	0x74, 0x68, 0x21, 0xAD, 0x6A, 0xF3, 0x19, 0xB9, 0xF4, 0xCD, 0x21, 0xF7, 0x47, 0x2B, 0x0D, 0x14,
	0x07, 0x1E, 0x26, 0x5E, 0x30, 0x11, 0x2A, 0x12, 0xB1, 0xA2, 0x15, 0x10, 0x81, 0xAC, 0x0D, 0x19,
	0x61, 0x34, 0x4F, 0x77, 0x2F, 0x18, 0x90, 0x1E, 0x11, 0x51, 0x4E, 0x47, 0x4F, 0xDB, 0x06, 0xC8,
	0x45, 0x21, 0x26, 0xA5, 0x1D, 0x7B, 0x1A, 0xE0, 0xB4, 0x12, 0xB4, 0xB9, 0x6F, 0x05, 0x0C, 0x01,
	0xE4, 0x19, 0x50, 0x00, 0x22, 0x74, 0x55, 0x7C, 0x06, 0x07, 0x0C, 0x70, 0x8B, 0x44, 0x12, 0xB4,
	0x3D, 0xB4, 0x51, 0x4B, 0xAC, 0x03, 0x1A, 0xF8, 0xA2, 0x01, 0x0A, 0xC0, 0x07, 0xE8, 0x30, 0x9C,
	0x52, 0x03, 0x14, 0x70, 0x82, 0xF2, 0x0A, 0xC1, 0x12, 0x12, 0x14, 0x34, 0x70, 0x22, 0xA6, 0x2B,
	0x00, 0x90, 0x04, 0xE8, 0x19, 0xA2, 0xC5, 0xC1, 0x48, 0x21, 0xCC, 0xE1, 0x11, 0xEA, 0xE1, 0xF0,
	0x0C, 0x4D, 0xE7, 0x9B, 0x23, 0x64, 0x28, 0x05, 0x83, 0x42, 0x72, 0x92, 0xD5, 0x78, 0xF8, 0x60,
	0x1C, 0xF8, 0x3C, 0x08, 0x72, 0x0B, 0x0A, 0xC0, 0x5D, 0x92, 0x4C, 0x23, 0x00, 0xB3, 0x41, 0x5C,
	0xE6, 0x1A, 0x48, 0x0E, 0x0C, 0xCF, 0x26, 0xE1, 0x31, 0x14, 0x70, 0x22, 0xBB, 0xCA, 0x26, 0x41,
	0x30, 0x43, 0xC3, 0x42, 0x23, 0x95, 0x26, 0x5D, 0x11, 0xB2, 0x1E, 0x63, 0x42, 0x12, 0xD0, 0x14,
	0x21, 0x04, 0x80, 0x0B, 0xFA, 0x40, 0xC7, 0xAD, 0x71, 0xF8, 0x7D, 0xAF, 0x7B, 0x84, 0xC0, 0x63,
	0x41, 0xFE, 0x0C, 0x0E, 0x12, 0x60, 0x2B, 0x01, 0x08, 0xC0, 0x13, 0xE8, 0xFC, 0xDF, 0x0F, 0x0C,
	0xC1, 0x79, 0x23, 0x00, 0x33, 0x39, 0x7A, 0xAB, 0x7A, 0xC5, 0x20, 0x62, 0x00, 0x0F, 0x08, 0x3F,
	0x00, 0xBC, 0x1D, 0x22, 0xF5, 0x74, 0x84, 0x12, 0xB8, 0x2B, 0x06, 0x3E, 0xB6, 0x0F, 0xEF, 0xF9,
	0x89, 0xC2, 0x13, 0xEF, 0x22, 0x64, 0x2A, 0x02, 0x1F, 0x0E, 0x20, 0x10, 0x1B, 0x65, 0xD8, 0xB9,
	0x8D, 0x04, 0xC1, 0xED, 0x04, 0x92, 0x8D, 0x04, 0x08, 0x11, 0x5B, 0x3F, 0x02, 0x33, 0x78, 0x21,
	0x74, 0xAA, 0x64, 0xC5, 0x07, 0x44, 0x78, 0x0B, 0x79, 0x08, 0xC0, 0xC2, 0x26, 0x62, 0x10, 0x22,
	0x57, 0x46, 0xF5, 0x71, 0xED, 0x21, 0x4C, 0x91, 0x0A, 0x93, 0xF5, 0xC5, 0x71, 0x09, 0xCA, 0x23,
	0x0E, 0x22, 0x90, 0xED, 0x70, 0x0A, 0x23, 0x65, 0x28, 0xE0, 0x21, 0x65, 0x28, 0x4A, 0x54, 0x2B,
	0x24, 0x3C, 0xC5, 0x05, 0x0C, 0x01, 0x1D, 0x78, 0x22, 0x78, 0x5F, 0xD9, 0xA5, 0x5F, 0x0E, 0x11,
	0x49, 0x4F, 0x02, 0x4E, 0x18, 0x10, 0xB9, 0x18, 0x03, 0xF0, 0xF6, 0x12, 0x82, 0xFF, 0x5A, 0xDE,
	0x45, 0x83, 0x8E, 0x14, 0x0B, 0xAC, 0x2C, 0x71, 0x44, 0x11, 0x12, 0x49, 0x1A, 0x0E, 0x12, 0x81,
	0xAB, 0x14, 0x21, 0x66, 0x20, 0xFA, 0x0A, 0x4E, 0xA6, 0x40, 0x34, 0x0F, 0x37, 0x10, 0x14, 0xD9,
	0x11, 0x50, 0x1D, 0x5F, 0x02, 0xC3, 0xBA, 0xC1, 0x11, 0xF3, 0x6A, 0x37, 0x08, 0x1E, 0x23, 0x64,
	0x58, 0x11, 0x9B, 0x88, 0x88, 0x15, 0xE8, 0x24, 0x5D, 0x32, 0x42, 0x1B, 0x02, 0x12, 0x20, 0x0A,
	0x22, 0x6F, 0xC4, 0xEA, 0x09, 0x40, 0x19, 0xF9, 0x14, 0x21, 0x21, 0x6C, 0x20, 0x22, 0xCC, 0x2E,
	0x0A, 0x56, 0x0A, 0x4C, 0xAD, 0x20, 0xAB, 0x00, 0xAC, 0x10, 0xD9, 0xFB, 0xDA, 0xAA, 0x84, 0x0A,
	0x12, 0x89, 0xAD, 0xB2, 0x17, 0x18, 0xAD, 0x22, 0x04, 0x22, 0x12, 0x01, 0xAD, 0x72, 0x11, 0xC8,
	0x90, 0x74, 0xB7, 0x22, 0x5D, 0x29, 0x96, 0x94, 0x03, 0x16, 0x8A, 0xAD, 0x6C, 0x77, 0x0E, 0x02,
	0x3A, 0x0E, 0x64, 0xE8, 0x02, 0x41, 0x30, 0xA2, 0xC0, 0xC4, 0x27, 0x2F, 0xB1, 0x04, 0x3B, 0xE8,
	0x1A, 0xC3, 0xBF, 0x1C, 0x00, 0x30, 0x21, 0xBF, 0xDE, 0x7A, 0x18, 0x79, 0x1A, 0x58, 0xCF, 0x02,
	0x02, 0xB9, 0x44, 0x22, 0x9B, 0x13, 0x08, 0xE4, 0x21, 0xB7, 0x58, 0xFB, 0xF4, 0x1C, 0x1C, 0x5B,
	0xCF, 0x1E, 0xE0, 0xD6, 0x54, 0x01, 0x1A, 0xB8, 0xE5, 0x05, 0x8C, 0x20, 0x82, 0x8E, 0xE4, 0xDD,
	0xFE, 0xD8, 0x1A, 0x5B, 0xE2, 0x07, 0xF7, 0xC2, 0x11, 0xBA, 0x9D, 0x54, 0x20, 0x08, 0x9C, 0x74,
	0x01, 0x24, 0x8E, 0x7F, 0x04, 0x00, 0x26, 0x4C, 0x67, 0x08, 0x01, 0x2D, 0xC0, 0x16, 0xC3, 0xBB,
	0x40, 0xC3, 0xE0, 0x14, 0x03, 0x1B, 0x63, 0xCF, 0xC3, 0x41, 0xB0, 0x21, 0x25, 0x45, 0xBA, 0x21,
	0xBF, 0xC4, 0x0C, 0x75, 0x07, 0x21, 0x4F, 0x84, 0x57, 0xDA, 0x88, 0x21, 0x15, 0xEB, 0x94, 0x4C,
	0x00, 0x0F, 0x97, 0xD9, 0x91, 0xBA, 0x2A, 0xDF, 0x74, 0xDE, 0x8B, 0xDC, 0x90, 0xB9, 0xA4, 0x1C,
	0x80, 0x30, 0x78, 0xBA, 0x22, 0x97, 0xED, 0x11, 0x00, 0xAA, 0x45, 0x68, 0x9E, 0x21, 0x55, 0xFC,
	0x92, 0x0E, 0xA2, 0x33, 0x80, 0x44, 0x15, 0x0C, 0x62, 0xB9, 0xEA, 0x6A, 0xC9, 0x6A, 0x82, 0x6A,
	0x05, 0x7A, 0xD4, 0x1C, 0xC0, 0x30, 0x98, 0x44, 0x02, 0x01, 0x58, 0x21, 0x03, 0x09, 0x22, 0xBC,
	0x71, 0x04, 0x66, 0xBF, 0x05, 0x7E, 0x05, 0x7C, 0xC2, 0x55, 0x87, 0xB0, 0x5C, 0x07, 0x07, 0x30,
	0xBA, 0x8A, 0x23, 0xC2, 0x14, 0xAD, 0x70, 0x05, 0x7B, 0x1A, 0x73, 0xC2, 0x05, 0x7F, 0xCE, 0x4F,
	0x08, 0x30, 0xBE, 0xB6, 0x57, 0x08, 0x30, 0xBC, 0xC4, 0x4C, 0x04, 0x19, 0x7A, 0x46, 0x38, 0x0F,
	0x06, 0x49, 0x71, 0xAC, 0x21, 0xD5, 0xEC, 0xA0, 0x4D, 0x00, 0x86, 0x21, 0x95, 0xFD, 0x8A, 0x21,
	0x25, 0xED, 0x84, 0x4D, 0x00, 0xD8, 0x4D, 0x00, 0xD2, 0x4D, 0x00, 0xCC, 0x4D, 0x00, 0xC6, 0x4D,
	0x00, 0xC0, 0x4D, 0x00, 0xBA, 0x4D, 0x00, 0xB4, 0x4D, 0x00, 0xAE, 0x4D, 0x00, 0xA8, 0x4D, 0x00,
	0xA2, 0x4D, 0x00, 0x9C, 0x4D, 0x00, 0x96, 0x4D, 0x00, 0x90, 0x4D, 0x00, 0x8C, 0x55, 0x11, 0xBC,
	0x19, 0xA1, 0xEB, 0xD0, 0x5D, 0x0C, 0x2A, 0x11, 0x19, 0xC9, 0xB8, 0x45, 0x0D, 0x40, 0x0D, 0x6A,
	0xD9, 0x22, 0x7D, 0xE2, 0x2E, 0x23, 0x2C, 0xF4, 0x22, 0x34, 0xFD, 0x24, 0x8F, 0xE5, 0x2E, 0xE1,
	0x32, 0x21, 0xC6, 0x46, 0x5A, 0xB0, 0x54, 0x01, 0x0A, 0x70, 0x05, 0x90, 0xAE, 0xE0, 0x0C, 0x70,
	0x8A, 0x0E, 0xEF, 0xF8, 0xFF, 0xD9, 0x1A, 0xB8, 0xCC, 0x22, 0xCC, 0x23, 0x1C, 0x38, 0xD5, 0x22,
	0xC6, 0x5D, 0x13, 0xB8, 0x22, 0x97, 0xA8, 0x26, 0x0F, 0x2F, 0x23, 0xF4, 0x2E, 0x28, 0xD5, 0xA8,
	0x16, 0x84, 0x02, 0x1A, 0x31, 0xD0, 0x07, 0x1D, 0x21, 0x18, 0x93, 0x86, 0x05, 0xFE, 0x0E, 0xA5,
	0x05, 0x96, 0x5C, 0x00, 0x23, 0xB4, 0x5B, 0x09, 0x00, 0x88, 0x13, 0x66, 0x08, 0x2F, 0xFD, 0x2C,
	0x75, 0x0C, 0x71, 0xFF, 0x22, 0x07, 0x31, 0xFC, 0x4C, 0x70, 0x12, 0x52, 0x70, 0x04, 0x88, 0x22,
	0xBE, 0xA3, 0x2C, 0x04, 0x04, 0xC6, 0x0C, 0x01, 0x01, 0x56, 0x68, 0x12, 0x69, 0x44, 0x76, 0x04,
	0x74, 0x89, 0x22, 0xC3, 0x0F, 0x0E, 0x12, 0xB8, 0xE5, 0x55, 0x76, 0x8C, 0x21, 0xDD, 0x4D, 0x16,
	0x22, 0x3C, 0xC8, 0x11, 0xA9, 0x72, 0xEC, 0x19, 0x50, 0xC7, 0x1A, 0x08, 0xB0, 0x1A, 0xB8, 0x46,
	0x12, 0xA8, 0xE9, 0x1A, 0x98, 0xC8, 0x02, 0x44, 0x21, 0x4C, 0x00, 0xE4, 0x5F, 0x00, 0x79, 0x61,
	0xE4, 0x54, 0x2B, 0x64, 0x02, 0x11, 0x83, 0xE2, 0x05, 0x99, 0x61, 0x0E, 0x89, 0x40, 0x30, 0x22,
	0x25, 0x5A, 0x8C, 0x11, 0xD8, 0x1B, 0x21, 0xF6, 0xEB, 0xB4, 0xD2, 0x11, 0xB0, 0xD4, 0x7C, 0x0D,
	0x00, 0x02, 0x80, 0x93, 0x64, 0x88, 0x64, 0xBA, 0x25, 0x7A, 0x0F, 0x0B, 0xB1, 0x00, 0x53, 0x24,
	0x40, 0x11, 0x8B, 0xB8, 0x02, 0xF0, 0x1A, 0xD0, 0x72, 0x1A, 0x50, 0xD1, 0x14, 0x00, 0xC6, 0x01,
	0x0A, 0xE0, 0xC1, 0xB8, 0x1A, 0xC8, 0xD0, 0x12, 0x48, 0xFB, 0x24, 0xB6, 0xF7, 0x26, 0xE1, 0x0D,
	0x10, 0x36, 0x21, 0x7F, 0x66, 0x00, 0xB1, 0x0E, 0x21, 0xBC, 0xA4, 0x47, 0x63, 0x00, 0xBE, 0xF0,
	0x21, 0x05, 0x81, 0x3F, 0x22, 0x6C, 0xF7, 0x6F, 0x4D, 0x0C, 0x71, 0x74, 0x5D, 0x93, 0x68, 0x4D,
	0x00, 0x38, 0x4D, 0x00, 0x2C, 0x4D, 0x00, 0x20, 0x4D, 0x00, 0x14, 0x4E, 0x00, 0xCB, 0x47, 0x21,
	0xB6, 0xF7, 0xF4, 0x6A, 0x45, 0x01, 0x40, 0x4D, 0x00, 0x34, 0x4D, 0x00, 0x2E, 0x4D, 0x00, 0x1C,
	0x4D, 0x00, 0x16, 0x4D, 0x00, 0x66, 0x54, 0x4D, 0x21, 0x7F, 0xF5, 0x37, 0x42, 0x21, 0x0B, 0x66,
	0x42, 0x21, 0x5E, 0x11, 0x43, 0x19, 0xC7, 0x0F, 0x46, 0x6C, 0x02, 0x09, 0x27, 0x41, 0x12, 0x36,
	0x1C, 0x04, 0x30, 0x04, 0x72, 0x46, 0xC1, 0x1E, 0x5E, 0x00, 0x22, 0x68, 0x1A, 0xB0, 0xDB, 0x0E,
	0xC3, 0x42, 0x07, 0x00, 0x2A, 0xFF, 0x5B, 0xC7, 0x55, 0xC2, 0x62, 0xBA, 0x80, 0x27, 0x2F, 0x1F,
	0xDB, 0x23, 0x3E, 0xF8, 0x07, 0xDE, 0x19, 0x73, 0xE6, 0x00, 0x2B, 0xFF, 0x0C, 0xE6, 0x45, 0x0D,
	0xFF, 0x64, 0x55, 0x0C, 0x60, 0xF0, 0x52, 0xC2, 0x4E, 0x6F, 0x0A, 0xB8, 0xAD, 0x70, 0x72, 0x1C,
	0xC4, 0x37, 0x5C, 0x55, 0x40, 0x50, 0x4C, 0x00, 0x21, 0xCE, 0xF8, 0x10, 0x44, 0x5C, 0x00, 0x0F,
	0x58, 0xC4, 0x55, 0x23, 0x4E, 0x1D, 0x4F, 0xC3, 0x69, 0xBC, 0x8A, 0x23, 0x0C, 0x00, 0x49, 0xC2,
	0x6D, 0xBA, 0x22, 0xF5, 0xF6, 0x76, 0x54, 0x0C, 0x06, 0x83, 0xC0, 0x72, 0xD9, 0x70, 0x1C, 0x05,
	0x34, 0x3A, 0x4D, 0x50, 0x5A, 0x4D, 0x50, 0x64, 0x15, 0xD9, 0x08, 0x22, 0x25, 0x45, 0xF8, 0x7C,
	0x21, 0xBD, 0xF9, 0x4E, 0x45, 0x0A, 0x2A, 0x45, 0x16, 0x5E, 0x64, 0x09, 0x4D, 0x00, 0x52, 0x4D,
	0x00, 0x4C, 0x6F, 0x00, 0xC7, 0x43, 0xC4, 0x21, 0xE4, 0x45, 0x0C, 0xFF, 0x5E, 0xC2, 0x0F, 0xD8,
	0x72, 0x0A, 0xEF, 0xF9, 0x0F, 0xD9, 0x9E, 0x0A, 0xCF, 0xFA, 0x66, 0x78, 0x3A, 0x0D, 0x11, 0xC0,
	0x47, 0x21, 0x46, 0x2F, 0x32, 0x0C, 0x7C, 0x4A, 0x27, 0x5C, 0x45, 0x46, 0x47, 0xDA, 0x0C, 0x65,
	0x44, 0x1E, 0x21, 0x8E, 0x30, 0xFF, 0xD8, 0xDC, 0x4D, 0x08, 0x72, 0xF5, 0x68, 0x84, 0x27, 0x01,
	0x10, 0x4F, 0x27, 0x40, 0x16, 0xAD, 0x04, 0xB6, 0x8D, 0x04, 0xEC, 0x94, 0x03, 0x1A, 0xE0, 0xDD,
	0x1A, 0xF1, 0xF3, 0x42, 0x19, 0x91, 0xDC, 0xE1, 0x13, 0x71, 0xF2, 0x9A, 0x94, 0x03, 0x1A, 0x90,
	0xE7, 0x09, 0x6C, 0x70, 0x2C, 0x71, 0x0F, 0x7A, 0x0C, 0x74, 0x92, 0xB8, 0x8C, 0xBB, 0x65, 0x03,
	0x7E, 0x87, 0x03, 0x0C, 0x71, 0x42, 0x21, 0x4E, 0xC0, 0xC0, 0x13, 0xAF, 0x0E, 0x41, 0xC5, 0x6A,
	0x95, 0x02, 0x92, 0x44, 0x56, 0x12, 0x91, 0xF3, 0x10, 0x44, 0x58, 0xBD, 0x08, 0x52, 0x9C, 0x02,
	0x45, 0x05, 0x11, 0x28, 0x75, 0x02, 0x3E, 0x8F, 0x02, 0xC3, 0x41, 0xB1, 0x21, 0x6C, 0x5D, 0x11,
	0x01, 0x80, 0xFA, 0x0D, 0x16, 0x63, 0x0D, 0xBC, 0xB9, 0x6C, 0x68, 0x05, 0x26, 0xE1, 0x34, 0xB0,
	0x08, 0xD8, 0xBE, 0x0B, 0x9D, 0x5A, 0x41, 0x7C, 0x01, 0x19, 0x52, 0xCC, 0x00, 0x14, 0x21, 0xAD,
	0x63, 0xB2, 0x4D, 0x05, 0x6A, 0x8C, 0x05, 0x26, 0xBD, 0x2C, 0x17, 0x21, 0x87, 0x7E, 0x0A, 0xDD,
	0x0C, 0x21, 0xED, 0x74, 0x8E, 0x9C, 0x05, 0x03, 0x8C, 0x25, 0xFF, 0x1E, 0x06, 0xF0, 0x7D, 0x01,
	0x7E, 0x9C, 0x01, 0x66, 0x24, 0x16, 0x0C, 0x45, 0x24, 0x70, 0x1A, 0x3B, 0xE6, 0x2C, 0x70, 0x46,
	0x21, 0x54, 0xA5, 0x06, 0x4C, 0x72, 0x2C, 0x71, 0x07, 0xC8, 0x41, 0xC1, 0xF0, 0x4C, 0x59, 0x12,
	0xBA, 0x9C, 0x2A, 0xE1, 0x0D, 0x84, 0x58, 0x11, 0x71, 0xFE, 0xE8, 0x5E, 0x01, 0x6C, 0x70, 0x5D,
	0x0B, 0xFF, 0x5C, 0x12, 0x9C, 0x10, 0x08, 0xB4, 0xB0, 0x44, 0xC5, 0x43, 0xC5, 0x4A, 0x1C, 0x58,
	0x33, 0x49, 0x4D, 0x00, 0x48, 0x4C, 0x00, 0x11, 0x1A, 0x93, 0xFB, 0x47, 0x5C, 0x00, 0xF4, 0x9E,
	0x76, 0x9D, 0x18, 0x43, 0x11, 0x00, 0x41, 0x11, 0x1A, 0xB7, 0xCE, 0x0C, 0x45, 0x13, 0x75, 0x11,
	0xC0, 0xA4, 0x9C, 0x32, 0x22, 0x9E, 0x92, 0x06, 0x01, 0x12, 0x89, 0x83, 0x9C, 0x46, 0x6C, 0xB2,
	0x0C, 0x96, 0x16, 0x8F, 0xA9, 0x7D, 0xDC, 0x74, 0x28, 0x5D, 0xBA, 0x9E, 0x5D, 0x06, 0x96, 0x4D,
	0x03, 0xF0, 0x5D, 0x08, 0xF0, 0x66, 0x14, 0x71, 0x42, 0x23, 0x04, 0x44, 0x19, 0x59, 0x7F, 0x30,
	0x21, 0xCD, 0xB7, 0xFB, 0x22, 0x3F, 0x55, 0x03, 0xCA, 0x93, 0x21, 0xA6, 0x3A, 0x52, 0x0A, 0x2E,
	0x7E, 0x07, 0xFA, 0x0A, 0xA6, 0x80, 0x92, 0x0A, 0x64, 0x1D, 0x22, 0xF5, 0xD7, 0x2E, 0x4C, 0x04,
	0x06, 0x40, 0x23, 0x8D, 0x37, 0xBE, 0x0A, 0x4F, 0xFE, 0x96, 0x4F, 0x00, 0x0C, 0x70, 0x76, 0x8C,
	0x03, 0x1A, 0xA3, 0x68, 0x88, 0x00, 0x00, 0x55, 0x22, 0x42, 0x11, 0xA8, 0xDB, 0x1A, 0xD8, 0xFF,
	0xA4, 0x83, 0x06, 0x2D, 0x08, 0xB1, 0x00, 0x62, 0x69, 0x00, 0x1B, 0xC5, 0x57, 0x7E, 0x8A, 0x22,
	0x48, 0x21, 0x3D, 0x3A, 0x05, 0x11, 0x82, 0xCC, 0x40, 0xB1, 0x11, 0x72, 0xC4, 0x41, 0x9D, 0x4E,
	0x2D, 0xFE, 0x0B, 0x07, 0x26, 0x0A, 0xD8, 0xBD, 0x47, 0x01, 0x00, 0x1B, 0x85, 0x8D, 0x04, 0x90,
	0x6D, 0x04, 0x7B, 0x19, 0x20, 0x6C, 0x21, 0xF6, 0xD9, 0x2C, 0x71, 0x14, 0x40, 0x91, 0x02, 0x84,
	0x00, 0x4C, 0x71, 0x45, 0x4E, 0x0A, 0x87, 0xB8, 0x24, 0x67, 0xD6, 0x84, 0x00, 0x7E, 0x54, 0xCF,
	0x74, 0x19, 0x05, 0x5A, 0x0F, 0x8F, 0xF8, 0x14, 0x70, 0xFF, 0xDA, 0x16, 0xFA, 0x0F, 0x72, 0xE1,
	0x22, 0xF6, 0x49, 0xC0, 0xB1, 0x21, 0xA7, 0x4C, 0xFE, 0xC1, 0xB1, 0x24, 0x24, 0xD7, 0x22, 0xB7,
	0x78, 0x0C, 0x70, 0x43, 0x64, 0xC6, 0x1B, 0xDB, 0x52, 0x7C, 0x18, 0x1D, 0x21, 0x55, 0x6D, 0x8E,
	0x54, 0x20, 0x03, 0x0F, 0xD9, 0x0A, 0x0A, 0x8F, 0xFD, 0x1A, 0xA8, 0xEE, 0x19, 0xD2, 0xA6, 0xFC,
	0xAF, 0x11, 0x41, 0x59, 0xA1, 0x7D, 0x3F, 0x0B, 0x67, 0x29, 0x0B, 0xD8, 0xF8, 0x7C, 0x82, 0x11,
	0x71, 0x81, 0x2F, 0x29, 0xAE, 0x6F, 0xD2, 0xF0, 0x24, 0xE4, 0x92, 0x01, 0x1C, 0x01, 0xF4, 0x78,
	0x7E, 0xD8, 0x00, 0x90, 0x06, 0x1F, 0xC5, 0xF4, 0xAD, 0x02, 0x24, 0x0F, 0x62, 0x2F, 0x41, 0x13,
	0x0C, 0x05, 0x1A, 0x90, 0xFB, 0x14, 0x4A, 0xD8, 0x6E, 0x01, 0x7C, 0xD4, 0x1A, 0x48, 0xFA, 0x05,
	0x40, 0x2F, 0x03, 0x13, 0x83, 0xC2, 0x05, 0x7B, 0x6C, 0x94, 0x04, 0xF4, 0x7A, 0x20, 0x90, 0x07,
	0xC8, 0xE4, 0x5D, 0xCA, 0xE8, 0x0D, 0xC1, 0x30, 0x12, 0xD0, 0x23, 0x74, 0xE2, 0x22, 0x04, 0x8B,
	0x03, 0x20, 0xB2, 0x9F, 0xB8, 0xA0, 0x90, 0x74, 0x61, 0x04, 0x00, 0x90, 0x0F, 0xE8, 0x9E, 0xE9,
	0xEC, 0x9C, 0x35, 0x01, 0xE1, 0x42, 0x20, 0xB0, 0x7D, 0xA8, 0xA2, 0x64, 0x40, 0x04, 0x0A, 0xAF,
	0xFA, 0xA1, 0x43, 0x8B, 0xF0, 0x1B, 0xE8, 0xDD, 0x07, 0x78, 0x19, 0x08, 0xD1, 0x02, 0x8A, 0xE9,
	0xC3, 0x41, 0xA3, 0x56, 0x16, 0xB2, 0x0A, 0x76, 0x16, 0x0C, 0x71, 0x7C, 0x1C, 0x05, 0x53, 0x25,
	0x4E, 0x11, 0xAD, 0x25, 0x82, 0x11, 0x75, 0x06, 0xA4, 0x4E, 0xE4, 0xE1, 0x42, 0x0D, 0x0C, 0x92,
	0x5C, 0x03, 0x09, 0x40, 0xC6, 0xA5, 0x72, 0x16, 0x6D, 0xC5, 0x78, 0xB9, 0x0D, 0x74, 0x15, 0x1A,
	0x19, 0xE6, 0x43, 0x54, 0x11, 0x12, 0x78, 0x9A, 0xAC, 0x35, 0x01, 0x09, 0x2D, 0x0D, 0x10, 0x1A,
	0x49, 0x13, 0x48, 0x21, 0x45, 0x6B, 0xA5, 0x45, 0x0A, 0x62, 0x84, 0x0A, 0x7E, 0x7A, 0x0F, 0xD9,
	0x24, 0x16, 0x73, 0x00, 0x1E, 0x77, 0x06, 0xC0, 0xB0, 0x52, 0x57, 0x2F, 0x0F, 0xD8, 0xCE, 0x12,
	0xB8, 0x77, 0x45, 0x0C, 0xA6, 0x44, 0x0C, 0x5E, 0x70, 0x42, 0x32, 0x86, 0x0C, 0x0C, 0x70, 0x4C,
	0xC4, 0x44, 0x26, 0x66, 0x1D, 0x00, 0x90, 0x65, 0x5E, 0x00, 0x05, 0x7B, 0xE8, 0x07, 0x1D, 0x05,
	0x7E, 0xFC, 0x66, 0xA0, 0x41, 0xA7, 0x9D, 0x11, 0xC0, 0x47, 0x1A, 0xA1, 0x43, 0xFE, 0x22, 0xBD,
	0xC2, 0xC6, 0xB5, 0x1C, 0x20, 0x23, 0x4D, 0xBE, 0xA8, 0xCD, 0x09, 0xE6, 0x85, 0x03, 0xFC, 0x0D,
	0x48, 0x33, 0x0D, 0x04, 0xA9, 0x4C, 0x11, 0x03, 0xCA, 0x0E, 0x6F, 0xF8, 0x0C, 0x70, 0x6C, 0x11,
	0x14, 0xD0, 0x11, 0x44, 0x11, 0x75, 0x24, 0xB1, 0x6D, 0x6E, 0x20, 0x86, 0x26, 0x20, 0xB0, 0x66,
	0xAC, 0x04, 0x71, 0x74, 0xB9, 0x26, 0x04, 0x75, 0x64, 0x02, 0x09, 0x10, 0x7F, 0x30, 0x77, 0x4C,
	0x06, 0xEE, 0xFF, 0x0F, 0xD8, 0x9E, 0x0D, 0x64, 0x3E, 0x67, 0x27, 0x04, 0x77, 0x12, 0x21, 0xA5,
	0xD4, 0xF8, 0x1D, 0x28, 0xE9, 0x04, 0x2F, 0x26, 0x08, 0xF0, 0x0D, 0xF5, 0x44, 0x7C, 0x15, 0x11,
	0xD1, 0x36, 0x45, 0x7C, 0x00, 0xD5, 0x4C, 0x62, 0x11, 0xF8, 0x22, 0x8F, 0x66, 0x70, 0x0E, 0x0C,
	0x6F, 0x66, 0xC3, 0x41, 0xAA, 0x4E, 0x11, 0x4A, 0x09, 0x74, 0x70, 0x4C, 0xA4, 0x97, 0x70, 0xC3,
	0x41, 0xB3, 0x4E, 0x02, 0x36, 0x09, 0x94, 0x2F, 0x21, 0x3D, 0x4F, 0x5E, 0x45, 0x49, 0x4C, 0x11,
	0xC8, 0x80, 0xAF, 0xF5, 0xB9, 0xB0, 0xBA, 0x19, 0xC3, 0x90, 0xF6, 0x0E, 0xAF, 0x87, 0x6B, 0x2C,
	0x75, 0xFE, 0x54, 0x65, 0x22, 0x75, 0x44, 0x42, 0x21, 0xD7, 0x48, 0x2C, 0x71, 0xA2, 0x11, 0xD0,
	0xA9, 0x21, 0xDE, 0x5F, 0x70, 0xD6, 0xDC, 0x03, 0x28, 0xE5, 0x0D, 0x82, 0x5C, 0x03, 0xAC, 0xF2,
	0x6E, 0xA5, 0x2C, 0x73, 0x22, 0xD4, 0x53, 0x06, 0x90, 0xB8, 0x41, 0x28, 0x03, 0x01, 0x42, 0xC5,
	0x66, 0x8C, 0x03, 0x27, 0xCC, 0x7B, 0x74, 0x9F, 0x84, 0x02, 0x21, 0x65, 0xE9, 0x0E, 0x74, 0x0A,
	0x05, 0x36, 0x0F, 0x4F, 0xFD, 0xEE, 0x0A, 0xCF, 0xFD, 0x24, 0x55, 0x22, 0xEA, 0x11, 0xEB, 0xC7,
	0x4C, 0x70, 0x80, 0x21, 0x6C, 0x26, 0x26, 0x8C, 0x45, 0x0F, 0x82, 0x10, 0x8E, 0x00, 0x83, 0x10,
	0x8D, 0x00, 0x81, 0x6E, 0x0A, 0x24, 0x00, 0x73, 0x14, 0x20, 0x8F, 0x03, 0x1C, 0x40, 0x50, 0x1A,
	0xAD, 0x23, 0x8B, 0x11, 0x1A, 0x9F, 0x45, 0x13, 0x12, 0x48, 0x18, 0x00, 0x28, 0x09, 0x0D, 0xE5,
	0x12, 0x62, 0xB8, 0x85, 0x77, 0xBF, 0xE6, 0x42, 0x24, 0x5E, 0x10, 0xD9, 0x47, 0x0F, 0xF7, 0xE1,
	0x40, 0x0A, 0x27, 0x80, 0x33, 0x80, 0x88, 0x17, 0x0C, 0x45, 0x13, 0x81, 0x88, 0x0F, 0x0D, 0x25,
	0x13, 0x04, 0x72, 0xE7, 0x71, 0x8C, 0x27, 0x01, 0xB0, 0xB6, 0xF7, 0x37, 0xDC, 0x9F, 0xBC, 0x54,
	0x70, 0xC0, 0x24, 0xE2, 0x16, 0x74, 0x71, 0x1A, 0xEA, 0x74, 0xE0, 0x8F, 0x0C, 0x02, 0x00, 0x0F,
	0x21, 0x11, 0x34, 0x71, 0x2F, 0x21, 0xC5, 0x07, 0x2F, 0x20, 0x85, 0x07, 0xC2, 0x79, 0x10, 0x4E,
	0x09, 0x20, 0x40, 0x00, 0xC0, 0x24, 0xA1, 0x10, 0x0F, 0x7B, 0x02, 0x23, 0x41, 0x13, 0xF0, 0x4D,
	0x09, 0x0C, 0x84, 0x0F, 0x20, 0x8C, 0x41, 0x8C, 0x0F, 0x78, 0x09, 0x23, 0x41, 0x00, 0x09, 0x20,
	0x80, 0x00, 0x20, 0xAC, 0x01, 0xAC, 0x28, 0xEC, 0x3E, 0x02, 0xAE, 0xC1, 0x4B, 0xC2, 0x41, 0x1A,
	0x60, 0x58, 0x02, 0xEB, 0xD2, 0x0C, 0x8F, 0xFA, 0x22, 0xDD, 0x2D, 0x02, 0x13, 0x61, 0xA9, 0x05,
	0x21, 0xA4, 0xCE, 0x75, 0x01, 0x4F, 0x21, 0x36, 0xA9, 0x48, 0xC0, 0x22, 0xB4, 0x89, 0x01, 0x1B,
	0x88, 0x25, 0x78, 0x22, 0x5D, 0xD8, 0x38, 0x09, 0x47, 0x00, 0x26, 0x7F, 0xB5, 0x1F, 0x03, 0x00,
	0x25, 0xB6, 0x84, 0x00, 0x88, 0x1A, 0x72, 0x74, 0x0C, 0x03, 0x0A, 0x1B, 0x15, 0x26, 0x0C, 0x1D,
	0x22, 0x0D, 0x37, 0x4A, 0x22, 0xAC, 0xC2, 0x23, 0x9E, 0xF6, 0x74, 0x04, 0x11, 0x29, 0x52, 0xC0,
	0x22, 0xD5, 0xD8, 0xE4, 0x12, 0x4B, 0x70, 0x2F, 0x0C, 0x12, 0x21, 0x9C, 0xDF, 0x21, 0x17, 0x40,
	0x34, 0x70, 0x0A, 0x1B, 0xB8, 0x55, 0x09, 0x84, 0xDA, 0x85, 0x79, 0xCC, 0x78, 0x05, 0x21, 0xDB,
	0x02, 0x1A, 0x25, 0x1C, 0xB2, 0x5C, 0xEC, 0x7A, 0x22, 0x44, 0x2D, 0x03, 0x4C, 0x0E, 0x4F, 0x23,
	0x1B, 0x34, 0x1A, 0x50, 0x2F, 0x01, 0x1A, 0x63, 0x71, 0x60, 0x1C, 0x92, 0x2E, 0x8F, 0x37, 0x19,
	0x69, 0x76, 0x12, 0x21, 0x19, 0xE3, 0x8A, 0x21, 0x46, 0x71, 0xC2, 0x40, 0x21, 0x0D, 0xDA, 0x01,
	0x11, 0x40, 0x8A, 0x21, 0x1A, 0x6E, 0xCA, 0x97, 0x4C, 0x6C, 0x12, 0x78, 0x5D, 0x06, 0x5A, 0x26,
	0x00, 0x1A, 0xF5, 0x78, 0xB4, 0x78, 0x34, 0x9E, 0x05, 0x9C, 0x60, 0x0F, 0x6D, 0x4F, 0xFB, 0x49,
	0x21, 0x76, 0xD8, 0x9B, 0xE8, 0x64, 0x03, 0x01, 0x5A, 0x26, 0x02, 0x15, 0x74, 0x03, 0x19, 0x02,
	0x46, 0x20, 0x83, 0x9C, 0x03, 0x03, 0x07, 0xC0, 0xBA, 0x62, 0x00, 0x22, 0x22, 0x7C, 0x34, 0x02,
	0xDC, 0x61, 0x00, 0xA9, 0x00, 0x25, 0x8D, 0xB3, 0x7C, 0x0D, 0x04, 0xB3, 0x21, 0x8D, 0xD2, 0xAA,
	0x0F, 0x03, 0x8D, 0xC1, 0x12, 0x21, 0xCE, 0xA9, 0x10, 0x78, 0x1A, 0x83, 0x72, 0x01, 0xC1, 0x7E,
	0x46, 0x4F, 0x8D, 0xC0, 0x1E, 0x81, 0x72, 0x0F, 0x21, 0x5D, 0x4B, 0x02, 0x21, 0x35, 0xA6, 0x66,
	0x97, 0x02, 0x05, 0x23, 0x40, 0x13, 0x28, 0x1F, 0x5D, 0x0E, 0x90, 0x01, 0x7D, 0x40, 0x07, 0x0E,
	0xC0, 0xB1, 0xF0, 0x2C, 0x4F, 0x00, 0x00, 0x90, 0x72, 0x21, 0x7C, 0x5F, 0x74, 0x14, 0x07, 0x00,
	0xC0, 0x8C, 0xC1, 0x10, 0x78, 0xB6, 0x0E, 0x6F, 0xFB, 0x1A, 0x10, 0x7A, 0x08, 0x84, 0xE8, 0x83,
	0x41, 0x18, 0x91, 0x19, 0xB1, 0x01, 0xCA, 0x0B, 0x4C, 0x0C, 0x7C, 0xA4, 0x11, 0x81, 0x07, 0x3C,
	0x05, 0x02, 0x0E, 0x45, 0x01, 0x8C, 0x27, 0xB5, 0x01, 0x6F, 0xD6, 0x0D, 0xFA, 0x0E, 0xBC, 0x03,
	0x6E, 0x01, 0xEE, 0x0E, 0x65, 0x04, 0x32, 0x19, 0x40, 0x0E, 0x0D, 0x2C, 0xC0, 0x41, 0x69, 0x10,
	0x72, 0x04, 0x71, 0xCC, 0x20, 0x46, 0x80, 0x42, 0x00, 0x26, 0x00, 0x2E, 0xE5, 0x01, 0xF6, 0x4C,
	0xB1, 0x67, 0x0F, 0x03, 0xC0, 0x42, 0x55, 0x0E, 0x8C, 0x22, 0x35, 0xB7, 0x88, 0x21, 0x36, 0x29,
	0x00, 0xAA, 0x27, 0x34, 0x01, 0xBD, 0x01, 0x9A, 0x84, 0x0A, 0x74, 0x1D, 0x75, 0x02, 0x8C, 0x11,
	0x6A, 0xC2, 0x06, 0xF0, 0xC6, 0x01, 0x71, 0x2A, 0x44, 0xB9, 0x01, 0x01, 0xC0, 0xA9, 0xE8, 0xEF,
	0x2C, 0x43, 0xC0, 0x00, 0xD7, 0x2C, 0x49, 0xC0, 0xD2, 0x21, 0x5C, 0xC4, 0x7E, 0x04, 0x09, 0xC1,
	0x6C, 0x2C, 0x12, 0x40, 0xE5, 0x6C, 0x2C, 0x7E, 0x2A, 0x3C, 0x61, 0x56, 0x2A, 0xB1, 0xB8, 0x25,
	0xF6, 0x62, 0x2C, 0x62, 0xB7, 0x02, 0xCC, 0x62, 0x07, 0x5C, 0x2B, 0x4D, 0x2C, 0xA9, 0x06, 0x14,
	0x88, 0xE8, 0x7C, 0x0D, 0xA5, 0x16, 0x40, 0x05, 0x8A, 0xF0, 0xE4, 0x01, 0xF7, 0x17, 0x43, 0xC0,
	0x6A, 0xD5, 0x0B, 0x03, 0x19, 0xA3, 0x8F, 0x00, 0xC0, 0x85, 0x1C, 0xC0, 0x1A, 0x06, 0xC0, 0x8C,
	0xC0, 0x52, 0x0D, 0x4F, 0xFA, 0x00, 0xC1, 0x26, 0x87, 0xCA, 0xCE, 0x00, 0x85, 0x11, 0x6A, 0x54,
	0xAF, 0x7A, 0x05, 0xAF, 0x62, 0x4C, 0x89, 0x21, 0x3F, 0x93, 0xC3, 0x08, 0xC1, 0x22, 0x74, 0xD5,
	0x23, 0x16, 0x2A, 0x90, 0x00, 0x77, 0xDE, 0x21, 0xFE, 0x80, 0x55, 0x9B, 0x07, 0x4E, 0x0F, 0xB1,
	0x0D, 0x11, 0xF1, 0xC9, 0x3A, 0x9C, 0x04, 0x24, 0x04, 0xD6, 0xFC, 0x02, 0x07, 0x86, 0x08, 0x8F,
	0xF9, 0x3D, 0x08, 0xF1, 0x00, 0x2C, 0x71, 0x22, 0x9E, 0x55, 0x05, 0xC0, 0xF4, 0x08, 0x28, 0xF4,
	0x00, 0x56, 0x16, 0xB1, 0x0C, 0x56, 0x07, 0xFA, 0x0B, 0x23, 0xA4, 0x55, 0x27, 0xF4, 0x00, 0x7C,
	0x02, 0x05, 0xE5, 0x71, 0x89, 0xE7, 0x12, 0x05, 0xC5, 0xFF, 0x18, 0x03, 0x30, 0xD1, 0x01, 0xDC,
	0x04, 0xCE, 0xFF, 0x22, 0x94, 0xDD, 0x04, 0xB8, 0x04, 0xE5, 0xFF, 0x25, 0xD8, 0xAE, 0x2D, 0x9E,
	0x62, 0xA7, 0xC1, 0x66, 0x05, 0x4C, 0x0E, 0x06, 0xFA, 0xED, 0x70, 0x24, 0xC6, 0x6B, 0x4C, 0x0E,
	0x24, 0x3C, 0xE6, 0x01, 0x42, 0xC0, 0xE0, 0xF0, 0x28, 0xEC, 0x0D, 0x03, 0xC0, 0x83, 0xCF, 0xF2,
	0x42, 0x8E, 0x22, 0xAC, 0xA1, 0x21, 0xD7, 0x9C, 0x79, 0x58, 0x43, 0x04, 0xC0, 0x1A, 0x2A, 0x83,
	0x38, 0x60, 0x06, 0xEF, 0xBE, 0xF0, 0x28, 0x17, 0x0E, 0xC0, 0x86, 0xAF, 0x19, 0xD8, 0xA5, 0x05,
	0x40, 0x2B, 0x0C, 0x33, 0xE5, 0x7C, 0x05, 0x7C, 0x12, 0x63, 0x7D, 0x04, 0xC5, 0x14, 0x21, 0xBD,
	0x78, 0x9B, 0x45, 0x14, 0x9E, 0x55, 0xBA, 0x50, 0x1A, 0x38, 0xF8, 0x22, 0x8C, 0x4D, 0x0C, 0x06,
	0x84, 0x15, 0x03, 0x15, 0x84, 0x13, 0xC2, 0x14, 0x0F, 0x08, 0x71, 0x02, 0x7A, 0x62, 0x1A, 0x9B,
	0x52, 0x09, 0xF0, 0x05, 0x21, 0x66, 0xC9, 0x7B, 0x7B, 0x14, 0xA1, 0x49, 0x4C, 0x0D, 0xB0, 0xB3,
	0x22, 0xAE, 0xD2, 0x04, 0x71, 0xF4, 0x2B, 0x01, 0x14, 0x70, 0x81, 0xF4, 0x65, 0x76, 0x1A, 0x21,
	0xCD, 0x74, 0xEF, 0x5F, 0x33, 0x1A, 0x27, 0x80, 0x9E, 0x75, 0x25, 0x8E, 0x26, 0xAC, 0x75, 0x03,
	0x4C, 0x0E, 0xA3, 0x88, 0x41, 0xC0, 0x22, 0xDC, 0x67, 0x04, 0x3D, 0x09, 0xE5, 0x06, 0x46, 0xC0,
	0x7E, 0x22, 0x9D, 0x27, 0x72, 0x07, 0x6C, 0x06, 0xC1, 0xFE, 0x11, 0x10, 0x23, 0x21, 0x97, 0xD3,
	0x10, 0x20, 0x8E, 0x1A, 0x91, 0xED, 0x2B, 0x04, 0x7C, 0x0D, 0xC0, 0x23, 0x88, 0x58, 0x66, 0xAC,
	0xA8, 0x4C, 0x71, 0x3E, 0x0F, 0x6F, 0xF8, 0x00, 0xC0, 0x3D, 0x25, 0x44, 0x9C, 0x02, 0x51, 0x00,
	0x4C, 0xF0, 0x46, 0x75, 0x06, 0x71, 0x75, 0x06, 0xCA, 0x95, 0x06, 0x03, 0xD5, 0x06, 0x1D, 0x29,
	0xD5, 0x00, 0x06, 0x95, 0x06, 0x28, 0xD4, 0x06, 0x01, 0x36, 0x00, 0x30, 0xF0, 0xAD, 0x03, 0xB0,
	0x0F, 0x06, 0x72, 0xEA, 0x0E, 0x6D, 0x03, 0x1F, 0xCF, 0x03, 0xDF, 0x00, 0x22, 0x29, 0x6D, 0x00,
	0xCE, 0x8D, 0x03, 0x16, 0xCF, 0x03, 0xD5, 0x00, 0x14, 0x25, 0xD7, 0x9D, 0x50, 0x00, 0x10, 0xC5,
	0x01, 0x35, 0x27, 0x4D, 0x9E, 0xDA, 0x27, 0x4D, 0x9E, 0xD0, 0x24, 0xEC, 0x27, 0x21, 0x1D, 0xA0,
	0x67, 0x23, 0x1C, 0xA7, 0x64, 0xA4, 0x7C, 0x00, 0x21, 0x55, 0x6A, 0x8E, 0x1A, 0x12, 0x6E, 0x82,
	0x06, 0x05, 0x78, 0x02, 0x1B, 0x92, 0xFD, 0x19, 0x61, 0x22, 0xC4, 0x57, 0x07, 0xE5, 0x71, 0x19,
	0x61, 0x43, 0xC1, 0xF5, 0x72, 0x44, 0x06, 0x65, 0x3E, 0xA7, 0x10, 0x06, 0xC0, 0x58, 0x22, 0x26,
	0x27, 0x06, 0x06, 0x22, 0x27, 0x27, 0xEF, 0xD9, 0xED, 0x11, 0x28, 0x56, 0x09, 0x24, 0x78, 0x40,
	0x23, 0x8D, 0x36, 0x84, 0xB8, 0xCD, 0x70, 0xE0, 0xB5, 0x7C, 0xE3, 0x00, 0x0B, 0xC3, 0x40, 0xBF,
	0x07, 0x80, 0xA4, 0x2C, 0x70, 0xC0, 0xB5, 0xFA, 0x1D, 0xC4, 0x93, 0xFA, 0x1D, 0x84, 0x93, 0x52,
	0x0A, 0xAF, 0xFC, 0xE1, 0xB5, 0xC1, 0xB5, 0xD0, 0xB5, 0xF0, 0x4C, 0x00, 0x11, 0x55, 0x51, 0x78,
	0x7C, 0x04, 0x16, 0x18, 0x05, 0x11, 0x00, 0x00, 0x00, 0x00, 0x00, 0x00
};

static const phy_init_config training_lpddr5_table_0 = {
	0x00020000, 2, false,
	{
		{{0x0060, 0x0002}}, {{0x00a5, 0x0001}},
	}
};

static const phy_init_config training_lpddr5_table_1 = {
	0x000d0000, 1, false,
	{
		{{0x0036, 0x0000}},
	}
};

static const phy_init_config training_lpddr5_table_2 = {
	0x00020000, 7, false,
	{
		{{0x00bd, 0x00ff}}, {{0x0300, 0x0808}}, {{0x0303, 0x0009}}, {{0x0302, 0x0026}},
		{{0x0328, 0x0000}}, {{0x0301, 0x0003}}, {{0x030b, 0x0000}},
	}
};

static const phy_init_config training_lpddr5_table_3 = {
	0x00030000, 8, false,
	{
		{{0x00a7, 0x0000}}, {{0x10a7, 0x0000}}, {{0x00ae, 0x0080}}, {{0x00ad, 0x0080}},
		{{0x00ac, 0x0080}}, {{0x10ae, 0x0080}}, {{0x10ad, 0x0080}}, {{0x10ac, 0x0080}},
	}
};

static const phy_init_config training_lpddr5_table_4 = {
	0x000c0000, 1, false,
	{
		{{0x0086, 0x0000}},
	}
};

static const phy_init_config training_lpddr5_table_5 = {
	0x00010000, 4, false,
	{
		{{0x00a3, 0x0b33}}, {{0x10a3, 0x0b3f}}, {{0x20a3, 0x0b33}}, {{0x30a3, 0x0b3f}},
	}
};

static const phy_init_config training_lpddr5_table_6 = {
	0x000c0000, 12, false,
	{
		{{0x00f1, 0x6000}}, {{0x00f2, 0x00a9}}, {{0x00f3, 0x8000}}, {{0x00f4, 0x0005}},
		{{0x00f5, 0x4000}}, {{0x00f6, 0x0002}}, {{0x00f7, 0xf000}}, {{0x00f9, 0x6000}},
		{{0x00fa, 0x00a9}}, {{0x00fb, 0x8000}}, {{0x00fd, 0x4000}}, {{0x00ff, 0xf000}},
	}
};

static const phy_init_config training_lpddr5_table_7 = {
	0x00090000, 1, false,
	{
		{{0x08ff, 0x000f}},
	}
};

static const phy_init_config training_lpddr5_table_8 = {
	0x00010000, 4, false,
	{
		{{0x0093, 0x0000}}, {{0x1093, 0x0000}}, {{0x2093, 0x0000}}, {{0x3093, 0x0000}},
	}
};

static const phy_init_config training_lpddr5_table_9 = {
	0x00020000, 1, false,
	{
		{{0x0051, 0x0003}},
	}
};

static const phy_init_config training_lpddr5_table_10 = {
	0x00090000, 1, false,
	{
		{{0x0802, 0x0001}},
	}
};

static const phy_init_config training_lpddr5_table_11 = {
	0x00020000, 4, false,
	{
		{{0x004c, 0x2e8f}}, {{0x004d, 0x0000}}, {{0x0002, 0x0002}}, {{0x0000, 0x0002}},
	}
};

static const phy_init_config training_lpddr5_table_12 = {
	0x00090000, 2, false,
	{
		{{0x0801, 0x004d}}, {{0x0809, 0x7000}},
	}
};

static const phy_init_config training_lpddr5_table_13 = {
	0x00010000, 40, false,
	{
		{{0x005e, 0x0366}}, {{0x0060, 0x0366}}, {{0x0062, 0x0366}}, {{0x0064, 0x0366}},
		{{0x005f, 0x0366}}, {{0x0061, 0x0366}}, {{0x0063, 0x0366}}, {{0x0065, 0x0366}},
		{{0x105e, 0x0366}}, {{0x1060, 0x0366}}, {{0x1062, 0x0366}}, {{0x1064, 0x0366}},
		{{0x105f, 0x0366}}, {{0x1061, 0x0366}}, {{0x1063, 0x0366}}, {{0x1065, 0x0366}},
		{{0x205e, 0x0366}}, {{0x2060, 0x0366}}, {{0x2062, 0x0366}}, {{0x2064, 0x0366}},
		{{0x205f, 0x0366}}, {{0x2061, 0x0366}}, {{0x2063, 0x0366}}, {{0x2065, 0x0366}},
		{{0x305e, 0x0366}}, {{0x3060, 0x0366}}, {{0x3062, 0x0366}}, {{0x3064, 0x0366}},
		{{0x305f, 0x0366}}, {{0x3061, 0x0366}}, {{0x3063, 0x0366}}, {{0x3065, 0x0366}},
		{{0x0005, 0x0000}}, {{0x000b, 0x0000}}, {{0x1005, 0x0000}}, {{0x100b, 0x0000}},
		{{0x2005, 0x0000}}, {{0x200b, 0x0000}}, {{0x3005, 0x0000}}, {{0x300b, 0x0000}},
	}
};

static const phy_init_config training_lpddr5_table_14 = {
	0x00020000, 2, false,
	{
		{{0x0007, 0x0000}}, {{0x0013, 0x002c}},
	}
};

static const phy_init_config training_lpddr5_table_15 = {
	0x00030000, 6, false,
	{
		{{0x0038, 0x0003}}, {{0x0039, 0x0003}}, {{0x003a, 0x0003}}, {{0x1038, 0x0003}},
		{{0x1039, 0x0003}}, {{0x103a, 0x0003}},
	}
};

static const phy_init_config training_lpddr5_table_16 = {
	0x00010000, 28, false,
	{
		{{0x0038, 0x0003}}, {{0x003a, 0x0003}}, {{0x1038, 0x0003}}, {{0x103a, 0x0003}},
		{{0x2038, 0x0003}}, {{0x203a, 0x0003}}, {{0x3038, 0x0003}}, {{0x303a, 0x0003}},
		{{0x003b, 0x0003}}, {{0x103b, 0x0003}}, {{0x203b, 0x0003}}, {{0x303b, 0x0003}},
		{{0x0009, 0x0000}}, {{0x0037, 0x0000}}, {{0x1009, 0x0000}}, {{0x1037, 0x0000}},
		{{0x2009, 0x0000}}, {{0x2037, 0x0000}}, {{0x3009, 0x0000}}, {{0x3037, 0x0000}},
		{{0x0004, 0x0000}}, {{0x0003, 0x0000}}, {{0x1004, 0x0000}}, {{0x1003, 0x0000}},
		{{0x2004, 0x0000}}, {{0x2003, 0x0000}}, {{0x3004, 0x0000}}, {{0x3003, 0x0000}},
	}
};

static const phy_init_config training_lpddr5_table_17 = {
	0x00020000, 1, false,
	{
		{{0x0004, 0x0320}},
	}
};

static const phy_init_config training_lpddr5_table_18 = {
	0x00030000, 8, false,
	{
		{{0x0050, 0x0035}}, {{0x0051, 0x0035}}, {{0x0052, 0x0035}}, {{0x0053, 0x0035}},
		{{0x1050, 0x0035}}, {{0x1051, 0x0035}}, {{0x1052, 0x0035}}, {{0x1053, 0x0035}},
	}
};

static const phy_init_config training_lpddr5_table_19 = {
	0x00010000, 144, false,
	{
		{{0x004e, 0x0035}}, {{0x004f, 0x0035}}, {{0x0050, 0x0035}}, {{0x0051, 0x0035}},
		{{0x014e, 0x0035}}, {{0x014f, 0x0035}}, {{0x0150, 0x0035}}, {{0x0151, 0x0035}},
		{{0x024e, 0x0035}}, {{0x024f, 0x0035}}, {{0x0250, 0x0035}}, {{0x0251, 0x0035}},
		{{0x034e, 0x0035}}, {{0x034f, 0x0035}}, {{0x0350, 0x0035}}, {{0x0351, 0x0035}},
		{{0x044e, 0x0035}}, {{0x044f, 0x0035}}, {{0x0450, 0x0035}}, {{0x0451, 0x0035}},
		{{0x054e, 0x0035}}, {{0x054f, 0x0035}}, {{0x0550, 0x0035}}, {{0x0551, 0x0035}},
		{{0x064e, 0x0035}}, {{0x064f, 0x0035}}, {{0x0650, 0x0035}}, {{0x0651, 0x0035}},
		{{0x074e, 0x0035}}, {{0x074f, 0x0035}}, {{0x0750, 0x0035}}, {{0x0751, 0x0035}},
		{{0x084e, 0x0035}}, {{0x084f, 0x0035}}, {{0x0850, 0x0035}}, {{0x0851, 0x0035}},
		{{0x104e, 0x0035}}, {{0x104f, 0x0035}}, {{0x1050, 0x0035}}, {{0x1051, 0x0035}},
		{{0x114e, 0x0035}}, {{0x114f, 0x0035}}, {{0x1150, 0x0035}}, {{0x1151, 0x0035}},
		{{0x124e, 0x0035}}, {{0x124f, 0x0035}}, {{0x1250, 0x0035}}, {{0x1251, 0x0035}},
		{{0x134e, 0x0035}}, {{0x134f, 0x0035}}, {{0x1350, 0x0035}}, {{0x1351, 0x0035}},
		{{0x144e, 0x0035}}, {{0x144f, 0x0035}}, {{0x1450, 0x0035}}, {{0x1451, 0x0035}},
		{{0x154e, 0x0035}}, {{0x154f, 0x0035}}, {{0x1550, 0x0035}}, {{0x1551, 0x0035}},
		{{0x164e, 0x0035}}, {{0x164f, 0x0035}}, {{0x1650, 0x0035}}, {{0x1651, 0x0035}},
		{{0x174e, 0x0035}}, {{0x174f, 0x0035}}, {{0x1750, 0x0035}}, {{0x1751, 0x0035}},
		{{0x184e, 0x0035}}, {{0x184f, 0x0035}}, {{0x1850, 0x0035}}, {{0x1851, 0x0035}},
		{{0x204e, 0x0035}}, {{0x204f, 0x0035}}, {{0x2050, 0x0035}}, {{0x2051, 0x0035}},
		{{0x214e, 0x0035}}, {{0x214f, 0x0035}}, {{0x2150, 0x0035}}, {{0x2151, 0x0035}},
		{{0x224e, 0x0035}}, {{0x224f, 0x0035}}, {{0x2250, 0x0035}}, {{0x2251, 0x0035}},
		{{0x234e, 0x0035}}, {{0x234f, 0x0035}}, {{0x2350, 0x0035}}, {{0x2351, 0x0035}},
		{{0x244e, 0x0035}}, {{0x244f, 0x0035}}, {{0x2450, 0x0035}}, {{0x2451, 0x0035}},
		{{0x254e, 0x0035}}, {{0x254f, 0x0035}}, {{0x2550, 0x0035}}, {{0x2551, 0x0035}},
		{{0x264e, 0x0035}}, {{0x264f, 0x0035}}, {{0x2650, 0x0035}}, {{0x2651, 0x0035}},
		{{0x274e, 0x0035}}, {{0x274f, 0x0035}}, {{0x2750, 0x0035}}, {{0x2751, 0x0035}},
		{{0x284e, 0x0035}}, {{0x284f, 0x0035}}, {{0x2850, 0x0035}}, {{0x2851, 0x0035}},
		{{0x304e, 0x0035}}, {{0x304f, 0x0035}}, {{0x3050, 0x0035}}, {{0x3051, 0x0035}},
		{{0x314e, 0x0035}}, {{0x314f, 0x0035}}, {{0x3150, 0x0035}}, {{0x3151, 0x0035}},
		{{0x324e, 0x0035}}, {{0x324f, 0x0035}}, {{0x3250, 0x0035}}, {{0x3251, 0x0035}},
		{{0x334e, 0x0035}}, {{0x334f, 0x0035}}, {{0x3350, 0x0035}}, {{0x3351, 0x0035}},
		{{0x344e, 0x0035}}, {{0x344f, 0x0035}}, {{0x3450, 0x0035}}, {{0x3451, 0x0035}},
		{{0x354e, 0x0035}}, {{0x354f, 0x0035}}, {{0x3550, 0x0035}}, {{0x3551, 0x0035}},
		{{0x364e, 0x0035}}, {{0x364f, 0x0035}}, {{0x3650, 0x0035}}, {{0x3651, 0x0035}},
		{{0x374e, 0x0035}}, {{0x374f, 0x0035}}, {{0x3750, 0x0035}}, {{0x3751, 0x0035}},
		{{0x384e, 0x0035}}, {{0x384f, 0x0035}}, {{0x3850, 0x0035}}, {{0x3851, 0x0035}},
	}
};

static const phy_init_config training_lpddr5_table_20 = {
	0x00030000, 6, false,
	{
		{{0x0030, 0x0000}}, {{0x0031, 0x0000}}, {{0x0035, 0x0000}}, {{0x1030, 0x0000}},
		{{0x1031, 0x0000}}, {{0x1035, 0x0000}},
	}
};

static const phy_init_config training_lpddr5_table_21 = {
	0x00010000, 12, false,
	{
		{{0x0030, 0x0000}}, {{0x0035, 0x0000}}, {{0x0036, 0x0000}}, {{0x1030, 0x0000}},
		{{0x1035, 0x0000}}, {{0x1036, 0x0000}}, {{0x2030, 0x0000}}, {{0x2035, 0x0000}},
		{{0x2036, 0x0000}}, {{0x3030, 0x0000}}, {{0x3035, 0x0000}}, {{0x3036, 0x0000}},
	}
};

static const phy_init_config training_lpddr5_table_22 = {
	0x00030000, 2, false,
	{
		{{0x003c, 0x0005}}, {{0x103c, 0x0005}},
	}
};

static const phy_init_config training_lpddr5_table_23 = {
	0x00010000, 12, false,
	{
		{{0x003c, 0x0005}}, {{0x003d, 0x0005}}, {{0x003e, 0x0005}}, {{0x103c, 0x0005}},
		{{0x103d, 0x0005}}, {{0x103e, 0x0005}}, {{0x203c, 0x0005}}, {{0x203d, 0x0005}},
		{{0x203e, 0x0005}}, {{0x303c, 0x0005}}, {{0x303d, 0x0005}}, {{0x303e, 0x0005}},
	}
};

static const phy_init_config training_lpddr5_table_24 = {
	0x00020000, 5, false,
	{
		{{0x0003, 0x0001}}, {{0x0001, 0x1122}}, {{0x0009, 0x0000}}, {{0x0008, 0x0000}},
		{{0x00d9, 0x0000}},
	}
};

static const phy_init_config training_lpddr5_table_25 = {
	0x00030000, 2, false,
	{
		{{0x0eef, 0x0000}}, {{0x1eef, 0x0000}},
	}
};

static const phy_init_config training_lpddr5_table_26 = {
	0x00020000, 1, false,
	{
		{{0x0014, 0x1300}},
	}
};

static const phy_init_config training_lpddr5_table_27 = {
	0x00090000, 1, false,
	{
		{{0x080a, 0x1300}},
	}
};

static const phy_init_config training_lpddr5_table_28 = {
	0x00010000, 2, false,
	{
		{{0x0040, 0x0e0e}}, {{0x0042, 0x0e0e}},
	}
};

static const phy_init_config training_lpddr5_table_29 = {
	0x00090000, 1, false,
	{
		{{0x080d, 0x0000}},
	}
};

static const phy_init_config training_lpddr5_table_30 = {
	0x00010000, 5, false,
	{
		{{0x0043, 0x0000}}, {{0x0044, 0x0e0e}}, {{0x0045, 0x0e0e}}, {{0x1040, 0x0e0e}},
		{{0x1042, 0x0e0e}},
	}
};

static const phy_init_config training_lpddr5_table_31 = {
	0x00090000, 1, false,
	{
		{{0x080d, 0x0000}},
	}
};

static const phy_init_config training_lpddr5_table_32 = {
	0x00010000, 5, false,
	{
		{{0x1043, 0x0000}}, {{0x1044, 0x0e0e}}, {{0x1045, 0x0e0e}}, {{0x2040, 0x0e0e}},
		{{0x2042, 0x0e0e}},
	}
};

static const phy_init_config training_lpddr5_table_33 = {
	0x00090000, 1, false,
	{
		{{0x080d, 0x0000}},
	}
};

static const phy_init_config training_lpddr5_table_34 = {
	0x00010000, 5, false,
	{
		{{0x2043, 0x0000}}, {{0x2044, 0x0e0e}}, {{0x2045, 0x0e0e}}, {{0x3040, 0x0e0e}},
		{{0x3042, 0x0e0e}},
	}
};

static const phy_init_config training_lpddr5_table_35 = {
	0x00090000, 1, false,
	{
		{{0x080d, 0x0000}},
	}
};

static const phy_init_config training_lpddr5_table_36 = {
	0x00010000, 3, false,
	{
		{{0x3043, 0x0000}}, {{0x3044, 0x0e0e}}, {{0x3045, 0x0e0e}},
	}
};

static const phy_init_config training_lpddr5_table_37 = {
	0x00030000, 10, false,
	{
		{{0x0040, 0x0e0e}}, {{0x0041, 0x0e0e}}, {{0x0042, 0x0e0e}}, {{0x0043, 0x0e0e}},
		{{0x0330, 0x0033}}, {{0x1040, 0x0e0e}}, {{0x1041, 0x0e0e}}, {{0x1042, 0x0e0e}},
		{{0x1043, 0x0e0e}}, {{0x1330, 0x0033}},
	}
};

static const phy_init_config training_lpddr5_table_38 = {
	0x00020000, 1, false,
	{
		{{0x0331, 0x0033}},
	}
};

static const phy_init_config training_lpddr5_table_39 = {
	0x00010000, 20, false,
	{
		{{0x0048, 0x0e00}}, {{0x004a, 0x0e00}}, {{0x004b, 0x0e00}}, {{0x004c, 0x0e00}},
		{{0x004d, 0x0e00}}, {{0x1048, 0x0e00}}, {{0x104a, 0x0e00}}, {{0x104b, 0x0e00}},
		{{0x104c, 0x0e00}}, {{0x104d, 0x0e00}}, {{0x2048, 0x0e00}}, {{0x204a, 0x0e00}},
		{{0x204b, 0x0e00}}, {{0x204c, 0x0e00}}, {{0x204d, 0x0e00}}, {{0x3048, 0x0e00}},
		{{0x304a, 0x0e00}}, {{0x304b, 0x0e00}}, {{0x304c, 0x0e00}}, {{0x304d, 0x0e00}},
	}
};

static const phy_init_config training_lpddr5_table_40 = {
	0x00030000, 14, false,
	{
		{{0x0048, 0x0c00}}, {{0x0049, 0x0c00}}, {{0x004a, 0x0c00}}, {{0x004b, 0x0c00}},
		{{0x1048, 0x0c00}}, {{0x1049, 0x0c00}}, {{0x104a, 0x0c00}}, {{0x104b, 0x0c00}},
		{{0x0033, 0x0000}}, {{0x0034, 0x0000}}, {{0x002e, 0x0000}}, {{0x1033, 0x0000}},
		{{0x1034, 0x0000}}, {{0x102e, 0x0000}},
	}
};

static const phy_init_config training_lpddr5_table_41 = {
	0x00010000, 12, false,
	{
		{{0x0033, 0x0000}}, {{0x002e, 0x0000}}, {{0x002f, 0x0000}}, {{0x1033, 0x0000}},
		{{0x102e, 0x0000}}, {{0x102f, 0x0000}}, {{0x2033, 0x0000}}, {{0x202e, 0x0000}},
		{{0x202f, 0x0000}}, {{0x3033, 0x0000}}, {{0x302e, 0x0000}}, {{0x302f, 0x0000}},
	}
};

static const phy_init_config training_lpddr5_table_42 = {
	0x00020000, 1, false,
	{
		{{0x0015, 0x0000}},
	}
};

static const phy_init_config training_lpddr5_table_43 = {
	0x00090000, 1, false,
	{
		{{0x0806, 0x0000}},
	}
};

static const phy_init_config training_lpddr5_table_44 = {
	0x00010000, 12, false,
	{
		{{0x00e8, 0x0000}}, {{0x00e9, 0x0035}}, {{0x10e8, 0x0000}}, {{0x10e9, 0x0035}},
		{{0x20e8, 0x0000}}, {{0x20e9, 0x0035}}, {{0x30e8, 0x0000}}, {{0x30e9, 0x0035}},
		{{0x0001, 0x0000}}, {{0x1001, 0x0000}}, {{0x2001, 0x0000}}, {{0x3001, 0x0000}},
	}
};

static const phy_init_config training_lpddr5_table_45 = {
	0x00020000, 7, false,
	{
		{{0x0012, 0xa1a1}}, {{0x0017, 0x0040}}, {{0x000a, 0x0040}}, {{0x0186, 0x00a1}},
		{{0x0187, 0x0040}}, {{0x0010, 0x005a}}, {{0x0011, 0x000f}},
	}
};

static const phy_init_config training_lpddr5_table_46 = {
	0x00090000, 2, false,
	{
		{{0x080b, 0x000f}}, {{0x080c, 0x000f}},
	}
};

static const phy_init_config training_lpddr5_table_47 = {
	0x00010000, 12, false,
	{
		{{0x00a5, 0x0001}}, {{0x10a5, 0x0001}}, {{0x20a5, 0x0001}}, {{0x30a5, 0x0001}},
		{{0x0014, 0x3232}}, {{0x1014, 0x3232}}, {{0x2014, 0x3232}}, {{0x3014, 0x3232}},
		{{0x000f, 0x1086}}, {{0x100f, 0x1086}}, {{0x200f, 0x1086}}, {{0x300f, 0x1086}},
	}
};

static const phy_init_config training_lpddr5_table_48 = {
	0x00020000, 20, false,
	{
		{{0x0035, 0x100c}}, {{0x0036, 0x100c}}, {{0x0037, 0x041c}}, {{0x0037, 0x045c}},
		{{0x0038, 0x1b20}}, {{0x0039, 0x1018}}, {{0x003a, 0x1018}}, {{0x003b, 0x0428}},
		{{0x003c, 0x2f2c}}, {{0x003d, 0x1004}}, {{0x003e, 0x1004}}, {{0x003f, 0x0414}},
		{{0x0040, 0x1318}}, {{0x002c, 0x083f}}, {{0x002d, 0x083f}}, {{0x0030, 0x083f}},
		{{0x002e, 0x081f}}, {{0x002f, 0x081f}}, {{0x000c, 0x0000}}, {{0x001b, 0x0000}},
	}
};

static const phy_init_config training_lpddr5_table_49 = {
	0x00010000, 4, false,
	{
		{{0x0007, 0x0000}}, {{0x1007, 0x0000}}, {{0x2007, 0x0000}}, {{0x3007, 0x0000}},
	}
};

static const phy_init_config training_lpddr5_table_50 = {
	0x000c0000, 1, false,
	{
		{{0x0080, 0x0003}},
	}
};

static const phy_init_config training_lpddr5_table_51 = {
	0x000d0000, 1, false,
	{
		{{0x0000, 0x0000}},
	}
};

static const phy_init_config training_lpddr5_table_52 = {
	0x00058000, 1234, true,
	{
		{{0x0100, 0x0000}}, {{0x0030, 0x1900}}, {{0x0004, 0x0004}}, {{0x0000, 0x0000}},
		{{0x125f, 0x0004}}, {{0x0000, 0x0001}}, {{0x0000, 0x0000}}, {{0x0000, 0x0000}},
		{{0x0000, 0x0000}}, {{0x0310, 0x0000}}, {{0x0000, 0x0000}}, {{0x0000, 0x0000}},
		{{0x0000, 0x0000}}, {{0x0000, 0x0000}}, {{0x0000, 0x0000}}, {{0x0000, 0x1000}},
		{{0x0003, 0x0000}}, {{0x0000, 0x0000}}, {{0x0000, 0x0000}}, {{0x0000, 0x0000}},
		{{0x0000, 0x0000}}, {{0x0000, 0x0000}}, {{0x0000, 0xb0b0}}, {{0xb0b0, 0xbbbb}},
		{{0xbbbb, 0x0101}}, {{0x0101, 0x5858}}, {{0x5858, 0x6363}}, {{0x6363, 0x2727}},
		{{0x2727, 0x0000}}, {{0x0000, 0x2828}}, {{0x2828, 0x2828}}, {{0x2828, 0x0000}},
		{{0x0000, 0x062e}}, {{0x062e, 0x0d0d}}, {{0x0d0d, 0x1010}}, {{0x1010, 0x0202}},
		{{0x0202, 0x0000}}, {{0x0000, 0x0000}}, {{0x0000, 0x0000}}, {{0x0000, 0x0000}},
		{{0x0000, 0x0000}}, {{0x0000, 0x0000}}, {{0x0000, 0x0404}}, {{0x0404, 0x0000}},
		{{0x0000, 0x0000}}, {{0x0000, 0x0000}}, {{0x0000, 0x0000}}, {{0x0000, 0x0000}},
		{{0x0000, 0x0000}}, {{0x0000, 0x0000}}, {{0x0000, 0x2020}}, {{0x2020, DISABLE_DDR_2D_TRAINING}},
		{{0x0000, 0x0000}}, {{0x0000, 0x0000}}, {{0x0000, 0x0000}}, {{0x0000, 0x0000}},
		{{0x0000, 0x0000}}, {{0x0000, 0x0000}}, {{0x002e, 0x0050}}, {{0x0000, 0x0000}},
		{{0x0000, 0x0000}}, {{0x0000, 0x0000}}, {{0x0000, 0x0000}}, {{0x0000, 0x0000}},
		{{0x0001, 0x4300}}, {{0x003f, 0x0000}}, {{0x0000, 0x0000}}, {{0x0000, 0x0000}},
		{{0x0000, 0x0000}}, {{0x0000, 0x0000}}, {{0x0000, 0x0000}}, {{0x0000, 0x0000}},
		{{0x0000, 0x0000}}, {{0x0000, 0x0000}}, {{0x0000, 0x0000}}, {{0x0000, 0x0000}},
		{{0x0000, 0x0000}}, {{0x0000, 0x0000}}, {{0x0000, 0x0000}}, {{0x0000, 0x0000}},
		{{0x0000, 0x0000}}, {{0x0000, 0x0000}}, {{0x0000, 0x0000}}, {{0x0000, 0x0000}},
		{{0x0000, 0x0000}}, {{0x0000, 0x0000}}, {{0x0000, 0x0000}}, {{0x0000, 0x0000}},
		{{0x0000, 0x0000}}, {{0x0000, 0x0000}}, {{0x0000, 0x0000}}, {{0x0000, 0x0000}},
		{{0x0000, 0x0000}}, {{0x0000, 0x0000}}, {{0x0000, 0x0000}}, {{0x0000, 0x0000}},
		{{0x0000, 0x0000}}, {{0x0000, 0x0000}}, {{0x0000, 0x0000}}, {{0x0000, 0x0000}},
		{{0x0000, 0x0000}}, {{0x0000, 0x0000}}, {{0x0000, 0x0000}}, {{0x0000, 0x0000}},
		{{0x0000, 0x0000}}, {{0x0000, 0x0000}}, {{0x0000, 0x0000}}, {{0x0000, 0x0000}},
		{{0x0000, 0x0000}}, {{0x0000, 0x0000}}, {{0x0000, 0x0000}}, {{0x0000, 0x0000}},
		{{0x0000, 0x0000}}, {{0x0000, 0x0000}}, {{0x0000, 0x0000}}, {{0x0000, 0x0000}},
		{{0x0000, 0x0000}}, {{0x0000, 0x0000}}, {{0x0000, 0x0000}}, {{0x0000, 0x0000}},
		{{0x0000, 0x0000}}, {{0x0000, 0x0000}}, {{0x0000, 0x0000}}, {{0x0000, 0x0000}},
		{{0x0000, 0x0000}}, {{0x0000, 0x0000}}, {{0x0000, 0x0000}}, {{0x0000, 0x0000}},
		{{0x0000, 0x0000}}, {{0x0000, 0x0000}}, {{0x0000, 0x0000}}, {{0x0000, 0x0000}},
		{{0x0000, 0x0000}}, {{0x0000, 0x0000}}, {{0x0000, 0x0000}}, {{0x0000, 0x0000}},
		{{0x0000, 0x0000}}, {{0x0000, 0x0000}}, {{0x0000, 0x0000}}, {{0x0000, 0x0000}},
		{{0x0000, 0x0000}}, {{0x0000, 0x0000}}, {{0x0000, 0x0000}}, {{0x0000, 0x0000}},
		{{0x0000, 0x0000}}, {{0x0000, 0x0000}}, {{0x0000, 0x0000}}, {{0x0000, 0x0000}},
		{{0x0000, 0x0000}}, {{0x0000, 0x0000}}, {{0x0000, 0x0000}}, {{0x0000, 0x0000}},
		{{0x0000, 0x0000}}, {{0x0000, 0x0000}}, {{0x0000, 0x0000}}, {{0x0000, 0x0000}},
		{{0x0000, 0x0000}}, {{0x0000, 0x0000}}, {{0x0000, 0x0000}}, {{0x0000, 0x0000}},
		{{0x0000, 0x0000}}, {{0x0000, 0x0000}}, {{0x0000, 0x0000}}, {{0x0000, 0x0000}},
		{{0x0000, 0x0000}}, {{0x0000, 0x0000}}, {{0x0000, 0x0000}}, {{0x0000, 0x0000}},
		{{0x0000, 0x0000}}, {{0x0000, 0x0000}}, {{0x0000, 0x0000}}, {{0x0000, 0x0000}},
		{{0x0000, 0x0000}}, {{0x0000, 0x0000}}, {{0x0000, 0x0000}}, {{0x0000, 0x0000}},
		{{0x0000, 0x0000}}, {{0x0000, 0x0000}}, {{0x0000, 0x0000}}, {{0x0000, 0x0000}},
		{{0x0000, 0x0000}}, {{0x0000, 0x0000}}, {{0x0000, 0x0000}}, {{0x0000, 0x0000}},
		{{0x0000, 0x0000}}, {{0x0000, 0x0000}}, {{0x0000, 0x0000}}, {{0x0000, 0x0000}},
		{{0x0000, 0x0000}}, {{0x0000, 0x0000}}, {{0x0000, 0x0000}}, {{0x0000, 0x0000}},
		{{0x0000, 0x0000}}, {{0x0000, 0x0000}}, {{0x0000, 0x0000}}, {{0x0000, 0x0000}},
		{{0x0000, 0x0000}}, {{0x0000, 0x0000}}, {{0x0000, 0x0000}}, {{0x0000, 0x0000}},
		{{0x0000, 0x0000}}, {{0x0000, 0x0000}}, {{0x0000, 0x0000}}, {{0x0000, 0x0000}},
		{{0x0000, 0x0000}}, {{0x0000, 0x0000}}, {{0x0000, 0x0000}}, {{0x0000, 0x0000}},
		{{0x0000, 0x0000}}, {{0x0000, 0x0000}}, {{0x0000, 0x0000}}, {{0x0000, 0x0000}},
		{{0x0000, 0x0000}}, {{0x0000, 0x0000}}, {{0x0000, 0x0000}}, {{0x0000, 0x0000}},
		{{0x0000, 0x0000}}, {{0x0000, 0x0000}}, {{0x0000, 0x0000}}, {{0x0000, 0x0000}},
		{{0x0000, 0x0000}}, {{0x0000, 0x0000}}, {{0x0000, 0x0000}}, {{0x0000, 0x0000}},
		{{0x0000, 0x0000}}, {{0x0000, 0x0000}}, {{0x0000, 0x0000}}, {{0x0000, 0x0000}},
		{{0x0000, 0x0000}}, {{0x0000, 0x0000}}, {{0x0000, 0x0000}}, {{0x0000, 0x0000}},
		{{0x0000, 0x0000}}, {{0x0000, 0x0000}}, {{0x0000, 0x0000}}, {{0x0000, 0x0000}},
		{{0x0000, 0x0000}}, {{0x0000, 0x0000}}, {{0x0000, 0x0000}}, {{0x0000, 0x0000}},
		{{0x0000, 0x0000}}, {{0x0000, 0x0000}}, {{0x0000, 0x0000}}, {{0x0000, 0x0000}},
		{{0x0000, 0x0000}}, {{0x0000, 0x0000}}, {{0x0000, 0x0000}}, {{0x0000, 0x0000}},
		{{0x0000, 0x0000}}, {{0x0000, 0x0000}}, {{0x0000, 0x0000}}, {{0x0000, 0x0000}},
		{{0x0000, 0x0000}}, {{0x0000, 0x0000}}, {{0x0000, 0x0000}}, {{0x0000, 0x0000}},
		{{0x0000, 0x0000}}, {{0x0000, 0x0000}}, {{0x0500, 0x0000}}, {{0x0000, 0x0000}},
		{{0x0000, 0x0000}}, {{0x0000, 0x0000}}, {{0x0000, 0x0000}}, {{0x0000, 0x0000}},
		{{0x0000, 0x0000}}, {{0x6745, 0x00f2}}, {{0x0000, 0x0000}}, {{0x0000, 0x0000}},
		{{0x0000, 0x0000}}, {{0x0000, 0x0000}}, {{0x0000, 0x0004}}, {{0x0000, 0x0000}},
		{{0x0000, 0x0000}}, {{0x0000, 0x0000}}, {{0x0000, 0x0000}}, {{0x0000, 0x0000}},
		{{0x0000, 0x0000}}, {{0x0000, 0x0000}}, {{0x0000, 0x0004}}, {{0x0000, 0x0000}},
		{{0x0000, 0x0000}}, {{0x0000, 0x0000}}, {{0x0000, 0x0004}}, {{0x0e0c, 0x180f}},
		{{0x001e, 0x0000}}, {{0x0000, 0x0000}}, {{0x0000, 0x0000}}, {{0x0000, 0x0000}},
		{{0x1210, 0x0201}}, {{0x1403, 0x1c0a}}, {{0x2e29, 0x0b11}}, {{0x150d, 0x1916}},
		{{0x0e0c, 0x180f}}, {{0x131e, 0x0000}}, {{0x0000, 0x0003}}, {{0x0000, 0x0001}},
		{{0x0000, 0x0002}}, {{0x0000, 0x0009}}, {{0x0006, 0x0008}}, {{0x0002, 0x0005}},
		{{0x0024, 0x0010}}, {{0x0026, 0x0012}}, {{0x004e, 0x0050}}, {{0x0012, 0x0186}},
		{{0x0187, 0x000a}}, {{0x0017, 0x0015}}, {{0x004e, 0x000d}}, {{0x006e, 0x0002}},
		{{0x0001, 0x0060}}, {{0x0007, 0x0000}}, {{0x0011, 0x0007}}, {{0x0000, 0x005a}},
		{{0x002a, 0x0060}}, {{0x005e, 0x0028}}, {{0x005c, 0x0062}}, {{0x0020, 0x0064}},
		{{0x0066, 0x000c}}, {{0x00d9, 0x00af}}, {{0x00ad, 0x0000}}, {{0x0015, 0x0016}},
		{{0x00d0, 0x00d1}}, {{0x00d2, 0x00d3}}, {{0x00d4, 0x0005}}, {{0x000b, 0x0007}},
		{{0x0028, 0x0215}}, {{0x000a, 0x0085}}, {{0x0004, 0x0004}}, {{0x0001, 0x0001}},
		{{0x0001, 0x0003}}, {{0x0004, 0x0215}}, {{0x042b, 0x0085}}, {{0x010b, 0x0004}},
		{{0x0006, 0x0000}}, {{0x0002, 0x0002}}, {{0x0003, 0x0005}}, {{0x042b, 0x0640}},
		{{0x010b, 0x0190}}, {{0x0006, 0x0008}}, {{0x0001, 0x0003}}, {{0x0002, 0x0004}},
		{{0x0006, 0x0640}}, {{0x0855, 0x0190}}, {{0x0215, 0x0008}}, {{0x000a, 0x0002}},
		{{0x0004, 0x0003}}, {{0x0004, 0x0007}}, {{0x0855, 0x0abe}}, {{0x0215, 0x02b0}},
		{{0x0008, 0x000e}}, {{0x0001, 0x0007}}, {{0x0004, 0x0004}}, {{0x0008, 0x0abe}},
		{{0x0c80, 0x02b0}}, {{0x0320, 0x000a}}, {{0x0010, 0x0003}}, {{0x0009, 0x0004}},
		{{0x0004, 0x0008}}, {{0x0000, 0x0000}}, {{0x0000, 0x0000}}, {{0x0000, 0x0000}},
		{{0x0000, 0x0000}}, {{0x0000, 0x0000}}, {{0x0000, 0x0000}}, {{0x0000, 0x0000}},
		{{0x0000, 0x0000}}, {{0x0000, 0x0000}}, {{0x0000, 0x0000}}, {{0x0000, 0x0000}},
		{{0x0000, 0x0000}}, {{0x0000, 0x0000}}, {{0x0000, 0x0000}}, {{0x0000, 0x0000}},
		{{0x0000, 0x0000}}, {{0x0000, 0x0000}}, {{0x0000, 0x0000}}, {{0x0000, 0x0000}},
		{{0x0000, 0x0000}}, {{0x0000, 0x0000}}, {{0x0000, 0x0000}}, {{0x0000, 0x0000}},
		{{0x0000, 0x0000}}, {{0x0000, 0x0000}}, {{0x0000, 0x0000}}, {{0x0000, 0x0000}},
		{{0x0000, 0x0000}}, {{0x0000, 0x0000}}, {{0x0000, 0x0000}}, {{0x0000, 0x0000}},
		{{0x0000, 0x0000}}, {{0x0000, 0x0000}}, {{0x0028, 0x0215}}, {{0x0005, 0x0043}},
		{{0x0002, 0x0002}}, {{0x0000, 0x0000}}, {{0x0001, 0x0002}}, {{0x0003, 0x0215}},
		{{0x042b, 0x0043}}, {{0x0085, 0x0002}}, {{0x0003, 0x0000}}, {{0x0001, 0x0001}},
		{{0x0002, 0x0003}}, {{0x042b, 0x0640}}, {{0x0085, 0x00c8}}, {{0x0003, 0x0004}},
		{{0x0001, 0x0002}}, {{0x0001, 0x0002}}, {{0x0003, 0x0640}}, {{0x0855, 0x00c8}},
		{{0x010b, 0x0004}}, {{0x0005, 0x0001}}, {{0x0002, 0x0002}}, {{0x0002, 0x0004}},
		{{0x0855, 0x0abe}}, {{0x010b, 0x0158}}, {{0x0004, 0x0007}}, {{0x0001, 0x0004}},
		{{0x0002, 0x0002}}, {{0x0004, 0x0abe}}, {{0x0c80, 0x0158}}, {{0x0190, 0x0005}},
		{{0x0008, 0x0002}}, {{0x0005, 0x0002}}, {{0x0002, 0x0004}}, {{0x0c80, 0x0e95}},
		{{0x0190, 0x01d3}}, {{0x0006, 0x0009}}, {{0x0002, 0x0005}}, {{0x0003, 0x0002}},
		{{0x0005, 0x0e95}}, {{0x10ab, 0x01d3}}, {{0x0215, 0x0006}}, {{0x000b, 0x0002}},
		{{0x0007, 0x0003}}, {{0x0002, 0x0005}}, {{0x10ab, 0x12c0}}, {{0x0215, 0x0258}},
		{{0x0007, 0x000c}}, {{0x0003, 0x0008}}, {{0x0003, 0x0002}}, {{0x0005, 0x12c0}},
		{{0x157c, 0x0258}}, {{0x02b0, 0x0008}}, {{0x000e, 0x0003}}, {{0x0009, 0x0004}},
		{{0x0002, 0x0006}}, {{0x157c, 0x1770}}, {{0x02b0, 0x02ee}}, {{0x0009, 0x000f}},
		{{0x0004, 0x000a}}, {{0x0004, 0x0002}}, {{0x0006, 0x1770}}, {{0x1900, 0x02ee}},
		{{0x0320, 0x0009}}, {{0x0010, 0x0004}}, {{0x000b, 0x0004}}, {{0x0002, 0x0006}},
		{{0x0028, 0x0215}}, {{0x000a, 0x0085}}, {{0x0006, 0x0006}}, {{0x0006, 0x0000}},
		{{0x0000, 0x0000}}, {{0x0001, 0x0006}}, {{0x0007, 0x0215}}, {{0x042b, 0x0085}},
		{{0x010b, 0x0008}}, {{0x0008, 0x0008}}, {{0x0000, 0x0000}}, {{0x0000, 0x0002}},
		{{0x0007, 0x0009}}, {{0x042b, 0x0640}}, {{0x010b, 0x0190}}, {{0x000a, 0x000a}},
		{{0x000c, 0x0001}}, {{0x0001, 0x0003}}, {{0x0002, 0x0008}}, {{0x000a, 0x0640}},
		{{0x0855, 0x0190}}, {{0x0215, 0x000c}}, {{0x000e, 0x000e}}, {{0x0002, 0x0004}},
		{{0x0004, 0x0003}}, {{0x0008, 0x000b}}, {{0x0855, 0x0abe}}, {{0x0215, 0x02b0}},
		{{0x0010, 0x0010}}, {{0x0012, 0x0003}}, {{0x0003, 0x0005}}, {{0x0004, 0x000a}},
		{{0x000e, 0x0abe}}, {{0x0c80, 0x02b0}}, {{0x0320, 0x0012}}, {{0x0014, 0x0014}},
		{{0x0005, 0x0007}}, {{0x0007, 0x0004}}, {{0x000a, 0x000e}}, {{0x0000, 0x0000}},
		{{0x0000, 0x0000}}, {{0x0000, 0x0000}}, {{0x0000, 0x0000}}, {{0x0000, 0x0000}},
		{{0x0000, 0x0000}}, {{0x0000, 0x0000}}, {{0x0000, 0x0000}}, {{0x0000, 0x0000}},
		{{0x0000, 0x0000}}, {{0x0000, 0x0000}}, {{0x0000, 0x0000}}, {{0x0000, 0x0000}},
		{{0x0000, 0x0000}}, {{0x0000, 0x0000}}, {{0x0000, 0x0000}}, {{0x0000, 0x0000}},
		{{0x0000, 0x0000}}, {{0x0000, 0x0000}}, {{0x0000, 0x0000}}, {{0x0000, 0x0000}},
		{{0x0000, 0x0000}}, {{0x0000, 0x0000}}, {{0x0000, 0x0000}}, {{0x0000, 0x0000}},
		{{0x0000, 0x0000}}, {{0x0000, 0x0000}}, {{0x0000, 0x0000}}, {{0x0000, 0x0000}},
		{{0x0000, 0x0000}}, {{0x0000, 0x0000}}, {{0x0000, 0x0000}}, {{0x0000, 0x0000}},
		{{0x0000, 0x0000}}, {{0x0000, 0x0000}}, {{0x0000, 0x0000}}, {{0x0000, 0x0000}},
		{{0x0000, 0x0000}}, {{0x0000, 0x0000}}, {{0x0028, 0x0215}}, {{0x0005, 0x0043}},
		{{0x0003, 0x0003}}, {{0x0003, 0x0000}}, {{0x0000, 0x0000}}, {{0x0001, 0x0003}},
		{{0x0004, 0x0215}}, {{0x042b, 0x0043}}, {{0x0085, 0x0004}}, {{0x0004, 0x0004}},
		{{0x0000, 0x0000}}, {{0x0000, 0x0001}}, {{0x0004, 0x0005}}, {{0x042b, 0x0640}},
		{{0x0085, 0x00c8}}, {{0x0005, 0x0005}}, {{0x0005, 0x0001}}, {{0x0001, 0x0002}},
		{{0x0001, 0x0004}}, {{0x0005, 0x0640}}, {{0x0855, 0x00c8}}, {{0x010b, 0x0006}},
		{{0x0007, 0x0007}}, {{0x0001, 0x0002}}, {{0x0002, 0x0002}}, {{0x0004, 0x0006}},
		{{0x0855, 0x0abe}}, {{0x010b, 0x0158}}, {{0x0008, 0x0008}}, {{0x0009, 0x0002}},
		{{0x0002, 0x0003}}, {{0x0002, 0x0005}}, {{0x0007, 0x0abe}}, {{0x0c80, 0x0158}},
		{{0x0190, 0x0009}}, {{0x000a, 0x000a}}, {{0x0003, 0x0004}}, {{0x0004, 0x0002}},
		{{0x0005, 0x0007}}, {{0x0c80, 0x0e95}}, {{0x0190, 0x01d3}}, {{0x000a, 0x000b}},
		{{0x000c, 0x0003}}, {{0x0004, 0x0005}}, {{0x0003, 0x0005}}, {{0x0008, 0x0e95}},
		{{0x10ab, 0x01d3}}, {{0x0215, 0x000c}}, {{0x000d, 0x000e}}, {{0x0004, 0x0005}},
		{{0x0006, 0x0003}}, {{0x0006, 0x0009}}, {{0x10ab, 0x12c0}}, {{0x0215, 0x0258}},
		{{0x000d, 0x000e}}, {{0x000f, 0x0005}}, {{0x0006, 0x0007}}, {{0x0003, 0x0006}},
		{{0x0009, 0x12c0}}, {{0x157c, 0x0258}}, {{0x02b0, 0x000f}}, {{0x0010, 0x0011}},
		{{0x0006, 0x0007}}, {{0x0008, 0x0004}}, {{0x0006, 0x000a}}, {{0x157c, 0x1770}},
		{{0x02b0, 0x02ee}}, {{0x0010, 0x0011}}, {{0x0013, 0x0006}}, {{0x0007, 0x0009}},
		{{0x0004, 0x0007}}, {{0x000b, 0x1770}}, {{0x1900, 0x02ee}}, {{0x0320, 0x0011}},
		{{0x0012, 0x0014}}, {{0x0007, 0x0008}}, {{0x000a, 0x0004}}, {{0x0007, 0x000b}},
		{{0x0607, 0x0405}}, {{0x0203, 0x0001}}, {{0x0a09, 0x0c0b}}, {{0x0e0d, 0x000f}},
		{{0x008b, 0x0001}},
	}
};

const phy_init_config* lp5_pre_train_table[] = {
	&training_lpddr5_table_0,
	&training_lpddr5_table_1,
	&training_lpddr5_table_2,
	&training_lpddr5_table_3,
	&training_lpddr5_table_4,
	&training_lpddr5_table_5,
	&training_lpddr5_table_6,
	&training_lpddr5_table_7,
	&training_lpddr5_table_8,
	&training_lpddr5_table_9,
	// training firmware will be decompressed to audio buffer
	(const phy_init_config*)DDR_TRAINING_FIRMWARE_TABLE_ADDR,
	&training_lpddr5_table_10,
	&training_lpddr5_table_11,
	&training_lpddr5_table_12,
	&training_lpddr5_table_13,
	&training_lpddr5_table_14,
	&training_lpddr5_table_15,
	&training_lpddr5_table_16,
	&training_lpddr5_table_17,
	&training_lpddr5_table_18,
	&training_lpddr5_table_19,
	&training_lpddr5_table_20,
	&training_lpddr5_table_21,
	&training_lpddr5_table_22,
	&training_lpddr5_table_23,
	&training_lpddr5_table_24,
	&training_lpddr5_table_25,
	&training_lpddr5_table_26,
	&training_lpddr5_table_27,
	&training_lpddr5_table_28,
	&training_lpddr5_table_29,
	&training_lpddr5_table_30,
	&training_lpddr5_table_31,
	&training_lpddr5_table_32,
	&training_lpddr5_table_33,
	&training_lpddr5_table_34,
	&training_lpddr5_table_35,
	&training_lpddr5_table_36,
	&training_lpddr5_table_37,
	&training_lpddr5_table_38,
	&training_lpddr5_table_39,
	&training_lpddr5_table_40,
	&training_lpddr5_table_41,
	&training_lpddr5_table_42,
	&training_lpddr5_table_43,
	&training_lpddr5_table_44,
	&training_lpddr5_table_45,
	&training_lpddr5_table_46,
	&training_lpddr5_table_47,
	&training_lpddr5_table_48,
	&training_lpddr5_table_49,
	&training_lpddr5_table_50,
	&training_lpddr5_table_51,
	&training_lpddr5_table_52,
	NULL,
};

const ddr_phy_reg_config phy_override_pre_seq_lp5_4g[] = {
	{0x300ae, 0x280},
	{0x300ad, 0x280},
	{0x300ac, 0x280},
	{0x310ae, 0x280},
	{0x310ad, 0x280},
	{0x310ac, 0x280},
	{0x100a3, 0x911},
	{0x110a3, 0x91d},
	{0x120a3, 0x911},
	{0x130a3, 0x91d},
	{0x1005f, DDR_CONFIG_BYPASS_MAGIC},
	{0x10061, DDR_CONFIG_BYPASS_MAGIC},
	{0x10063, DDR_CONFIG_BYPASS_MAGIC},
	{0x10065, DDR_CONFIG_BYPASS_MAGIC},
	{0x1105f, DDR_CONFIG_BYPASS_MAGIC},
	{0x11061, DDR_CONFIG_BYPASS_MAGIC},
	{0x11063, DDR_CONFIG_BYPASS_MAGIC},
	{0x11065, DDR_CONFIG_BYPASS_MAGIC},
	{0x1205f, DDR_CONFIG_BYPASS_MAGIC},
	{0x12061, DDR_CONFIG_BYPASS_MAGIC},
	{0x12063, DDR_CONFIG_BYPASS_MAGIC},
	{0x12065, DDR_CONFIG_BYPASS_MAGIC},
	{0x1305f, DDR_CONFIG_BYPASS_MAGIC},
	{0x13061, DDR_CONFIG_BYPASS_MAGIC},
	{0x13063, DDR_CONFIG_BYPASS_MAGIC},
	{0x13065, DDR_CONFIG_BYPASS_MAGIC},
	{0x58012, 0x110},
	{0x58020, 0x1},
	{0, 0}
};

const ddr_phy_reg_config phy_override_pre_seq_lp5_16g[] = {
	{0x110a3, 0xb33},
	{0x130a3, 0xb33},
	{0x10043, 0xe0e},
	{0x11043, 0xe0e},
	{0x12043, 0xe0e},
	{0x13043, 0xe0e},
	{0x20039, 0x101c},
	{0x2003a, 0x101c},
	{0x2003b, 0x42c},
	{0x2003c, 0x2f30},
	{0x2002c, 0x843},
	{0x2002d, 0x843},
	{0x20030, 0x843},
	{0x5800e, 0xf},
	{0x58041, 0x86ae},
	{0x58042, 0x86ae},
	{0x58081, 0x4b00},
	{0x58082, 0x43},
	{0, 0}
};

int lp5_training_prepare(void)
{
	int ret;
	size_t decompress_size;
	uint8_t* training_fw;
	// use audio buffer to decompress training firmware
	static phy_init_config *training_fw_table;

	training_fw_table = (phy_init_config *)DDR_TRAINING_FIRMWARE_TABLE_ADDR;
	training_fw = (uint8_t*)training_fw_table->sequence;
	decompress_size = 0x10000;
	ret = lzop_decompress((uint8_t*)lp5_training_fw, sizeof(lp5_training_fw),
		(uint8_t*)training_fw, &decompress_size);
	if (0 != ret) {
		pr_err("Failed to decompress LPDDR5 training firmware\n");
		return ret;
	}

	training_fw_table->base = 0x50000;
	training_fw_table->count = decompress_size / sizeof(uint16_t);
	training_fw_table->is_linear_increase = true;

	return 0;
}
